{
"type": "FeatureCollection",
"name": "soll_segments",
"crs": { "type": "name", "properties": { "name": "urn:ogc:def:crs:OGC:1.3:CRS84" } },
"features": [
{ "type": "Feature", "properties": { "betriebstag": "2026-01-08", "frt_fid": "24514", "edge_idx": 0, "cum_start_m": 0.0, "cum_end_m": 14135.263423397677 }, "geometry": { "type": "LineString", "coordinates": [ [ 7.46265, 52.03525 ], [ 7.527406944444444, 51.914633888888886 ] ] } },
{ "type": "Feature", "properties": { "betriebstag": "2026-01-08", "frt_fid": "24515", "edge_idx": 0, "cum_start_m": 0.0, "cum_end_m": 252.81103068142528 }, "geometry": { "type": "LineString", "coordinates": [ [ 7.527406944444444, 51.914633888888886 ], [ 7.525148611111111, 51.916426944444446 ] ] } },
{ "type": "Feature", "properties": { "betriebstag": "2026-01-08", "frt_fid": "24515", "edge_idx": 1, "cum_start_m": 252.81103068142528, "cum_end_m": 512.9345907511447 }, "geometry": { "type": "LineString", "coordinates": [ [ 7.525148611111111, 51.916426944444446 ], [ 7.5283925, 51.917628888888885 ] ] } },
{ "type": "Feature", "properties": { "betriebstag": "2026-01-08", "frt_fid": "24515", "edge_idx": 2, "cum_start_m": 512.9345907511447, "cum_end_m": 853.93326983610382 }, "geometry": { "type": "LineString", "coordinates": [ [ 7.5283925, 51.917628888888885 ], [ 7.5272425, 51.920610833333328 ] ] } },
{ "type": "Feature", "properties": { "betriebstag": "2026-01-08", "frt_fid": "24515", "edge_idx": 3, "cum_start_m": 853.93326983610382, "cum_end_m": 1134.347999177452 }, "geometry": { "type": "LineString", "coordinates": [ [ 7.5272425, 51.920610833333328 ], [ 7.526746944444445, 51.923113055555554 ] ] } },
{ "type": "Feature", "properties": { "betriebstag": "2026-01-08", "frt_fid": "24515", "edge_idx": 4, "cum_start_m": 1134.347999177452, "cum_end_m": 1456.2495256673139 }, "geometry": { "type": "LineString", "coordinates": [ [ 7.526746944444445, 51.923113055555554 ], [ 7.522214166666666, 51.923834166666666 ] ] } },
{ "type": "Feature", "properties": { "betriebstag": "2026-01-08", "frt_fid": "24515", "edge_idx": 5, "cum_start_m": 1456.2495256673139, "cum_end_m": 1667.7506820018784 }, "geometry": { "type": "LineString", "coordinates": [ [ 7.522214166666666, 51.923834166666666 ], [ 7.519796388888889, 51.925009166666662 ] ] } },
{ "type": "Feature", "properties": { "betriebstag": "2026-01-08", "frt_fid": "24515", "edge_idx": 6, "cum_start_m": 1667.7506820018784, "cum_end_m": 1927.6472379841873 }, "geometry": { "type": "LineString", "coordinates": [ [ 7.519796388888889, 51.925009166666662 ], [ 7.523565, 51.924836111111105 ] ] } },
{ "type": "Feature", "properties": { "betriebstag": "2026-01-08", "frt_fid": "24515", "edge_idx": 7, "cum_start_m": 1927.6472379841873, "cum_end_m": 2231.3907711767947 }, "geometry": { "type": "LineString", "coordinates": [ [ 7.523565, 51.924836111111105 ], [ 7.527928611111111, 51.924414722222217 ] ] } },
{ "type": "Feature", "properties": { "betriebstag": "2026-01-08", "frt_fid": "24515", "edge_idx": 8, "cum_start_m": 2231.3907711767947, "cum_end_m": 2697.9655963077685 }, "geometry": { "type": "LineString", "coordinates": [ [ 7.527928611111111, 51.924414722222217 ], [ 7.534711111111111, 51.924506111111107 ] ] } },
{ "type": "Feature", "properties": { "betriebstag": "2026-01-08", "frt_fid": "24515", "edge_idx": 9, "cum_start_m": 2697.9655963077685, "cum_end_m": 3893.0446921821531 }, "geometry": { "type": "LineString", "coordinates": [ [ 7.534711111111111, 51.924506111111107 ], [ 7.552072777777777, 51.924955555555556 ] ] } },
{ "type": "Feature", "properties": { "betriebstag": "2026-01-08", "frt_fid": "24515", "edge_idx": 10, "cum_start_m": 3893.0446921821531, "cum_end_m": 4627.6557294966078 }, "geometry": { "type": "LineString", "coordinates": [ [ 7.552072777777777, 51.924955555555556 ], [ 7.562747222222222, 51.9251975 ] ] } },
{ "type": "Feature", "properties": { "betriebstag": "2026-01-08", "frt_fid": "24515", "edge_idx": 11, "cum_start_m": 4627.6557294966078, "cum_end_m": 5380.8593173343543 }, "geometry": { "type": "LineString", "coordinates": [ [ 7.562747222222222, 51.9251975 ], [ 7.573689166666666, 51.924907777777776 ] ] } },
{ "type": "Feature", "properties": { "betriebstag": "2026-01-08", "frt_fid": "24515", "edge_idx": 12, "cum_start_m": 5380.8593173343543, "cum_end_m": 5815.2495216643429 }, "geometry": { "type": "LineString", "coordinates": [ [ 7.573689166666666, 51.924907777777776 ], [ 7.579957777777778, 51.925386666666661 ] ] } },
{ "type": "Feature", "properties": { "betriebstag": "2026-01-08", "frt_fid": "24515", "edge_idx": 13, "cum_start_m": 5815.2495216643429, "cum_end_m": 6079.3752657665036 }, "geometry": { "type": "LineString", "coordinates": [ [ 7.579957777777778, 51.925386666666661 ], [ 7.583341666666667, 51.926509722222221 ] ] } },
{ "type": "Feature", "properties": { "betriebstag": "2026-01-08", "frt_fid": "24515", "edge_idx": 14, "cum_start_m": 6079.3752657665036, "cum_end_m": 6450.9601449603824 }, "geometry": { "type": "LineString", "coordinates": [ [ 7.583341666666667, 51.926509722222221 ], [ 7.588090277777778, 51.928103611111112 ] ] } },
{ "type": "Feature", "properties": { "betriebstag": "2026-01-08", "frt_fid": "24515", "edge_idx": 15, "cum_start_m": 6450.9601449603824, "cum_end_m": 6878.7736095791061 }, "geometry": { "type": "LineString", "coordinates": [ [ 7.588090277777778, 51.928103611111112 ], [ 7.592937222222222, 51.93051472222222 ] ] } },
{ "type": "Feature", "properties": { "betriebstag": "2026-01-08", "frt_fid": "24515", "edge_idx": 16, "cum_start_m": 6878.7736095791061, "cum_end_m": 7100.6558450639195 }, "geometry": { "type": "LineString", "coordinates": [ [ 7.592937222222222, 51.93051472222222 ], [ 7.595317222222222, 51.931861666666663 ] ] } },
{ "type": "Feature", "properties": { "betriebstag": "2026-01-08", "frt_fid": "24515", "edge_idx": 17, "cum_start_m": 7100.6558450639195, "cum_end_m": 7547.7746374858225 }, "geometry": { "type": "LineString", "coordinates": [ [ 7.595317222222222, 51.931861666666663 ], [ 7.600118888888889, 51.934572222222222 ] ] } },
{ "type": "Feature", "properties": { "betriebstag": "2026-01-08", "frt_fid": "24515", "edge_idx": 18, "cum_start_m": 7547.7746374858225, "cum_end_m": 7851.0986481443106 }, "geometry": { "type": "LineString", "coordinates": [ [ 7.600118888888889, 51.934572222222222 ], [ 7.603557777777778, 51.936280277777776 ] ] } },
{ "type": "Feature", "properties": { "betriebstag": "2026-01-08", "frt_fid": "24515", "edge_idx": 19, "cum_start_m": 7851.0986481443106, "cum_end_m": 8139.4908914998105 }, "geometry": { "type": "LineString", "coordinates": [ [ 7.603557777777778, 51.936280277777776 ], [ 7.606431944444444, 51.938168611111109 ] ] } },
{ "type": "Feature", "properties": { "betriebstag": "2026-01-08", "frt_fid": "24515", "edge_idx": 20, "cum_start_m": 8139.4908914998105, "cum_end_m": 8439.6655347032174 }, "geometry": { "type": "LineString", "coordinates": [ [ 7.606431944444444, 51.938168611111109 ], [ 7.609121388888888, 51.94029444444444 ] ] } },
{ "type": "Feature", "properties": { "betriebstag": "2026-01-08", "frt_fid": "24515", "edge_idx": 21, "cum_start_m": 8439.6655347032174, "cum_end_m": 8932.9279763290979 }, "geometry": { "type": "LineString", "coordinates": [ [ 7.609121388888888, 51.94029444444444 ], [ 7.612395555555556, 51.944240277777773 ] ] } },
{ "type": "Feature", "properties": { "betriebstag": "2026-01-08", "frt_fid": "24515", "edge_idx": 22, "cum_start_m": 8932.9279763290979, "cum_end_m": 9593.9734084663633 }, "geometry": { "type": "LineString", "coordinates": [ [ 7.612395555555556, 51.944240277777773 ], [ 7.616818611111111, 51.949517222222219 ] ] } },
{ "type": "Feature", "properties": { "betriebstag": "2026-01-08", "frt_fid": "24515", "edge_idx": 23, "cum_start_m": 9593.9734084663633, "cum_end_m": 9941.2500869354153 }, "geometry": { "type": "LineString", "coordinates": [ [ 7.616818611111111, 51.949517222222219 ], [ 7.619033333333334, 51.952323333333339 ] ] } },
{ "type": "Feature", "properties": { "betriebstag": "2026-01-08", "frt_fid": "24515", "edge_idx": 24, "cum_start_m": 9941.2500869354153, "cum_end_m": 10311.455762363797 }, "geometry": { "type": "LineString", "coordinates": [ [ 7.619033333333334, 51.952323333333339 ], [ 7.621679444444445, 51.955222222222226 ] ] } },
{ "type": "Feature", "properties": { "betriebstag": "2026-01-08", "frt_fid": "24515", "edge_idx": 25, "cum_start_m": 10311.455762363797, "cum_end_m": 10769.242518443578 }, "geometry": { "type": "LineString", "coordinates": [ [ 7.621679444444445, 51.955222222222226 ], [ 7.628273611111112, 51.955803888888894 ] ] } },
{ "type": "Feature", "properties": { "betriebstag": "2026-01-08", "frt_fid": "24515", "edge_idx": 26, "cum_start_m": 10769.242518443578, "cum_end_m": 11235.756337761621 }, "geometry": { "type": "LineString", "coordinates": [ [ 7.628273611111112, 51.955803888888894 ], [ 7.634583333333333, 51.957350555555557 ] ] } },
{ "type": "Feature", "properties": { "betriebstag": "2026-01-08", "frt_fid": "24515", "edge_idx": 27, "cum_start_m": 11235.756337761621, "cum_end_m": 11728.337723597298 }, "geometry": { "type": "LineString", "coordinates": [ [ 7.634583333333333, 51.957350555555557 ], [ 7.635514166666666, 51.961741388888889 ] ] } },
{ "type": "Feature", "properties": { "betriebstag": "2026-01-08", "frt_fid": "24515", "edge_idx": 28, "cum_start_m": 11728.337723597298, "cum_end_m": 12174.065073310801 }, "geometry": { "type": "LineString", "coordinates": [ [ 7.635514166666666, 51.961741388888889 ], [ 7.630303611111112, 51.964128055555555 ] ] } },
{ "type": "Feature", "properties": { "betriebstag": "2026-01-08", "frt_fid": "24515", "edge_idx": 29, "cum_start_m": 12174.065073310801, "cum_end_m": 12439.678286307873 }, "geometry": { "type": "LineString", "coordinates": [ [ 7.630303611111112, 51.964128055555555 ], [ 7.626990833333334, 51.965358611111114 ] ] } },
{ "type": "Feature", "properties": { "betriebstag": "2026-01-08", "frt_fid": "24515", "edge_idx": 30, "cum_start_m": 12439.678286307873, "cum_end_m": 12779.107562132333 }, "geometry": { "type": "LineString", "coordinates": [ [ 7.626990833333334, 51.965358611111114 ], [ 7.6232925, 51.967381666666668 ] ] } },
{ "type": "Feature", "properties": { "betriebstag": "2026-01-08", "frt_fid": "24515", "edge_idx": 31, "cum_start_m": 12779.107562132333, "cum_end_m": 13072.281679112135 }, "geometry": { "type": "LineString", "coordinates": [ [ 7.6232925, 51.967381666666668 ], [ 7.622248611111112, 51.969937222222221 ] ] } },
{ "type": "Feature", "properties": { "betriebstag": "2026-01-08", "frt_fid": "24515", "edge_idx": 32, "cum_start_m": 13072.281679112135, "cum_end_m": 13376.287885595981 }, "geometry": { "type": "LineString", "coordinates": [ [ 7.622248611111112, 51.969937222222221 ], [ 7.623106944444445, 51.972618333333337 ] ] } },
{ "type": "Feature", "properties": { "betriebstag": "2026-01-08", "frt_fid": "24515", "edge_idx": 33, "cum_start_m": 13376.287885595981, "cum_end_m": 13621.86530573016 }, "geometry": { "type": "LineString", "coordinates": [ [ 7.623106944444445, 51.972618333333337 ], [ 7.622308333333334, 51.974770277777779 ] ] } },
{ "type": "Feature", "properties": { "betriebstag": "2026-01-08", "frt_fid": "24515", "edge_idx": 34, "cum_start_m": 13621.86530573016, "cum_end_m": 13991.900775013413 }, "geometry": { "type": "LineString", "coordinates": [ [ 7.622308333333334, 51.974770277777779 ], [ 7.616933333333334, 51.97455305555556 ] ] } },
{ "type": "Feature", "properties": { "betriebstag": "2026-01-08", "frt_fid": "24515", "edge_idx": 35, "cum_start_m": 13991.900775013413, "cum_end_m": 14299.481537855607 }, "geometry": { "type": "LineString", "coordinates": [ [ 7.616933333333334, 51.97455305555556 ], [ 7.612489722222222, 51.974891944444444 ] ] } },
{ "type": "Feature", "properties": { "betriebstag": "2026-01-08", "frt_fid": "24515", "edge_idx": 36, "cum_start_m": 14299.481537855607, "cum_end_m": 14547.995251270841 }, "geometry": { "type": "LineString", "coordinates": [ [ 7.612489722222222, 51.974891944444444 ], [ 7.61234, 51.97712416666667 ] ] } },
{ "type": "Feature", "properties": { "betriebstag": "2026-01-08", "frt_fid": "24515", "edge_idx": 37, "cum_start_m": 14547.995251270841, "cum_end_m": 14812.721890984751 }, "geometry": { "type": "LineString", "coordinates": [ [ 7.61234, 51.97712416666667 ], [ 7.612148333333333, 51.979501111111112 ] ] } },
{ "type": "Feature", "properties": { "betriebstag": "2026-01-08", "frt_fid": "24515", "edge_idx": 38, "cum_start_m": 14812.721890984751, "cum_end_m": 15175.019392042703 }, "geometry": { "type": "LineString", "coordinates": [ [ 7.612148333333333, 51.979501111111112 ], [ 7.611887222222222, 51.982754166666666 ] ] } },
{ "type": "Feature", "properties": { "betriebstag": "2026-01-08", "frt_fid": "24515", "edge_idx": 39, "cum_start_m": 15175.019392042703, "cum_end_m": 15746.086391357845 }, "geometry": { "type": "LineString", "coordinates": [ [ 7.611887222222222, 51.982754166666666 ], [ 7.611500833333333, 51.9878825 ] ] } },
{ "type": "Feature", "properties": { "betriebstag": "2026-01-08", "frt_fid": "24515", "edge_idx": 40, "cum_start_m": 15746.086391357845, "cum_end_m": 16424.249853010529 }, "geometry": { "type": "LineString", "coordinates": [ [ 7.611500833333333, 51.9878825 ], [ 7.612586388888889, 51.993942222222223 ] ] } },
{ "type": "Feature", "properties": { "betriebstag": "2026-01-08", "frt_fid": "24515", "edge_idx": 41, "cum_start_m": 16424.249853010529, "cum_end_m": 16612.39069739858 }, "geometry": { "type": "LineString", "coordinates": [ [ 7.612586388888889, 51.993942222222223 ], [ 7.612988611111111, 51.99561527777778 ] ] } },
{ "type": "Feature", "properties": { "betriebstag": "2026-01-08", "frt_fid": "24515", "edge_idx": 42, "cum_start_m": 16612.39069739858, "cum_end_m": 16879.757597902117 }, "geometry": { "type": "LineString", "coordinates": [ [ 7.612988611111111, 51.99561527777778 ], [ 7.612205, 51.997969722222223 ] ] } },
{ "type": "Feature", "properties": { "betriebstag": "2026-01-08", "frt_fid": "24515", "edge_idx": 43, "cum_start_m": 16879.757597902117, "cum_end_m": 17152.389695180093 }, "geometry": { "type": "LineString", "coordinates": [ [ 7.612205, 51.997969722222223 ], [ 7.6082875, 51.99757 ] ] } },
{ "type": "Feature", "properties": { "betriebstag": "2026-01-08", "frt_fid": "24515", "edge_idx": 44, "cum_start_m": 17152.389695180093, "cum_end_m": 17436.186918475396 }, "geometry": { "type": "LineString", "coordinates": [ [ 7.6082875, 51.99757 ], [ 7.604203611111111, 51.997176944444448 ] ] } },
{ "type": "Feature", "properties": { "betriebstag": "2026-01-08", "frt_fid": "24515", "edge_idx": 45, "cum_start_m": 17436.186918475396, "cum_end_m": 17842.140415629561 }, "geometry": { "type": "LineString", "coordinates": [ [ 7.604203611111111, 51.997176944444448 ], [ 7.598429166666667, 51.997960555555558 ] ] } },
{ "type": "Feature", "properties": { "betriebstag": "2026-01-08", "frt_fid": "24515", "edge_idx": 46, "cum_start_m": 17842.140415629561, "cum_end_m": 18196.691592968011 }, "geometry": { "type": "LineString", "coordinates": [ [ 7.598429166666667, 51.997960555555558 ], [ 7.595289444444444, 52.00049111111111 ] ] } },
{ "type": "Feature", "properties": { "betriebstag": "2026-01-08", "frt_fid": "24515", "edge_idx": 47, "cum_start_m": 18196.691592968011, "cum_end_m": 18406.394435662372 }, "geometry": { "type": "LineString", "coordinates": [ [ 7.595289444444444, 52.00049111111111 ], [ 7.592288888888889, 52.000843333333336 ] ] } },
{ "type": "Feature", "properties": { "betriebstag": "2026-01-08", "frt_fid": "24515", "edge_idx": 48, "cum_start_m": 18406.394435662372, "cum_end_m": 18668.492547611426 }, "geometry": { "type": "LineString", "coordinates": [ [ 7.592288888888889, 52.000843333333336 ], [ 7.590370833333333, 51.998806111111115 ] ] } },
{ "type": "Feature", "properties": { "betriebstag": "2026-01-08", "frt_fid": "24516", "edge_idx": 0, "cum_start_m": 0.0, "cum_end_m": 252.38518567391679 }, "geometry": { "type": "LineString", "coordinates": [ [ 7.590370833333333, 51.998806111111115 ], [ 7.592259166666667, 52.000752777777777 ] ] } },
{ "type": "Feature", "properties": { "betriebstag": "2026-01-08", "frt_fid": "24516", "edge_idx": 1, "cum_start_m": 252.38518567391679, "cum_end_m": 465.78551979183834 }, "geometry": { "type": "LineString", "coordinates": [ [ 7.592259166666667, 52.000752777777777 ], [ 7.595288888888889, 52.000324444444445 ] ] } },
{ "type": "Feature", "properties": { "betriebstag": "2026-01-08", "frt_fid": "24516", "edge_idx": 2, "cum_start_m": 465.78551979183834, "cum_end_m": 817.77613550934825 }, "geometry": { "type": "LineString", "coordinates": [ [ 7.595288888888889, 52.000324444444445 ], [ 7.598407222222222, 51.997812777777781 ] ] } },
{ "type": "Feature", "properties": { "betriebstag": "2026-01-08", "frt_fid": "24516", "edge_idx": 3, "cum_start_m": 817.77613550934825, "cum_end_m": 1135.01387229907 }, "geometry": { "type": "LineString", "coordinates": [ [ 7.598407222222222, 51.997812777777781 ], [ 7.602791388888889, 51.99691277777778 ] ] } },
{ "type": "Feature", "properties": { "betriebstag": "2026-01-08", "frt_fid": "24516", "edge_idx": 4, "cum_start_m": 1135.01387229907, "cum_end_m": 1527.4445791228004 }, "geometry": { "type": "LineString", "coordinates": [ [ 7.602791388888889, 51.99691277777778 ], [ 7.608435, 51.99747 ] ] } },
{ "type": "Feature", "properties": { "betriebstag": "2026-01-08", "frt_fid": "24516", "edge_idx": 5, "cum_start_m": 1527.4445791228004, "cum_end_m": 1804.0313800604363 }, "geometry": { "type": "LineString", "coordinates": [ [ 7.608435, 51.99747 ], [ 7.612418333333333, 51.997840277777776 ] ] } },
{ "type": "Feature", "properties": { "betriebstag": "2026-01-08", "frt_fid": "24516", "edge_idx": 6, "cum_start_m": 1804.0313800604363, "cum_end_m": 2013.0376171625655 }, "geometry": { "type": "LineString", "coordinates": [ [ 7.612418333333333, 51.997840277777776 ], [ 7.612816944444444, 51.9959775 ] ] } },
{ "type": "Feature", "properties": { "betriebstag": "2026-01-08", "frt_fid": "24516", "edge_idx": 7, "cum_start_m": 2013.0376171625655, "cum_end_m": 2360.0194762676874 }, "geometry": { "type": "LineString", "coordinates": [ [ 7.612816944444444, 51.9959775 ], [ 7.611991944444444, 51.9929 ] ] } },
{ "type": "Feature", "properties": { "betriebstag": "2026-01-08", "frt_fid": "24516", "edge_idx": 8, "cum_start_m": 2360.0194762676874, "cum_end_m": 2830.7143886621107 }, "geometry": { "type": "LineString", "coordinates": [ [ 7.611991944444444, 51.9929 ], [ 7.611138611111111, 51.988701388888892 ] ] } },
{ "type": "Feature", "properties": { "betriebstag": "2026-01-08", "frt_fid": "24516", "edge_idx": 9, "cum_start_m": 2830.7143886621107, "cum_end_m": 3509.6057971658861 }, "geometry": { "type": "LineString", "coordinates": [ [ 7.611138611111111, 51.988701388888892 ], [ 7.611624722222222, 51.982605555555558 ] ] } },
{ "type": "Feature", "properties": { "betriebstag": "2026-01-08", "frt_fid": "24516", "edge_idx": 10, "cum_start_m": 3509.6057971658861, "cum_end_m": 3853.593604430167 }, "geometry": { "type": "LineString", "coordinates": [ [ 7.611624722222222, 51.982605555555558 ], [ 7.611845277777777, 51.97951611111111 ] ] } },
{ "type": "Feature", "properties": { "betriebstag": "2026-01-08", "frt_fid": "24516", "edge_idx": 11, "cum_start_m": 3853.593604430167, "cum_end_m": 4146.9336982512405 }, "geometry": { "type": "LineString", "coordinates": [ [ 7.611845277777777, 51.97951611111111 ], [ 7.612074166666666, 51.976882777777782 ] ] } },
{ "type": "Feature", "properties": { "betriebstag": "2026-01-08", "frt_fid": "24516", "edge_idx": 12, "cum_start_m": 4146.9336982512405, "cum_end_m": 4452.3266945865635 }, "geometry": { "type": "LineString", "coordinates": [ [ 7.612074166666666, 51.976882777777782 ], [ 7.613080833333333, 51.974208611111116 ] ] } },
{ "type": "Feature", "properties": { "betriebstag": "2026-01-08", "frt_fid": "24516", "edge_idx": 13, "cum_start_m": 4452.3266945865635, "cum_end_m": 4916.8518467481554 }, "geometry": { "type": "LineString", "coordinates": [ [ 7.613080833333333, 51.974208611111116 ], [ 7.619821666666667, 51.974538055555556 ] ] } },
{ "type": "Feature", "properties": { "betriebstag": "2026-01-08", "frt_fid": "24516", "edge_idx": 14, "cum_start_m": 4916.8518467481554, "cum_end_m": 5163.5275357607197 }, "geometry": { "type": "LineString", "coordinates": [ [ 7.619821666666667, 51.974538055555556 ], [ 7.6233275, 51.974058611111111 ] ] } },
{ "type": "Feature", "properties": { "betriebstag": "2026-01-08", "frt_fid": "24516", "edge_idx": 15, "cum_start_m": 5163.5275357607197, "cum_end_m": 5398.6287585085056 }, "geometry": { "type": "LineString", "coordinates": [ [ 7.6233275, 51.974058611111111 ], [ 7.622440833333334, 51.972017222222227 ] ] } },
{ "type": "Feature", "properties": { "betriebstag": "2026-01-08", "frt_fid": "24516", "edge_idx": 16, "cum_start_m": 5398.6287585085056, "cum_end_m": 5591.8315667054976 }, "geometry": { "type": "LineString", "coordinates": [ [ 7.622440833333334, 51.972017222222227 ], [ 7.622116111111112, 51.970291944444448 ] ] } },
{ "type": "Feature", "properties": { "betriebstag": "2026-01-08", "frt_fid": "24516", "edge_idx": 17, "cum_start_m": 5591.8315667054976, "cum_end_m": 5900.3984632161601 }, "geometry": { "type": "LineString", "coordinates": [ [ 7.622116111111112, 51.970291944444448 ], [ 7.623097777777779, 51.967585 ] ] } },
{ "type": "Feature", "properties": { "betriebstag": "2026-01-08", "frt_fid": "24516", "edge_idx": 18, "cum_start_m": 5900.3984632161601, "cum_end_m": 6273.2500209723021 }, "geometry": { "type": "LineString", "coordinates": [ [ 7.623097777777779, 51.967585 ], [ 7.626976111111111, 51.96524055555556 ] ] } },
{ "type": "Feature", "properties": { "betriebstag": "2026-01-08", "frt_fid": "24516", "edge_idx": 19, "cum_start_m": 6273.2500209723021, "cum_end_m": 6574.2691961920973 }, "geometry": { "type": "LineString", "coordinates": [ [ 7.626976111111111, 51.96524055555556 ], [ 7.630732222222223, 51.963847777777779 ] ] } },
{ "type": "Feature", "properties": { "betriebstag": "2026-01-08", "frt_fid": "24516", "edge_idx": 20, "cum_start_m": 6574.2691961920973, "cum_end_m": 7014.8486351403217 }, "geometry": { "type": "LineString", "coordinates": [ [ 7.630732222222223, 51.963847777777779 ], [ 7.635060833333333, 51.960925833333334 ] ] } },
{ "type": "Feature", "properties": { "betriebstag": "2026-01-08", "frt_fid": "24516", "edge_idx": 21, "cum_start_m": 7014.8486351403217, "cum_end_m": 7426.5254121041244 }, "geometry": { "type": "LineString", "coordinates": [ [ 7.635060833333333, 51.960925833333334 ], [ 7.634171666666666, 51.957265833333338 ] ] } },
{ "type": "Feature", "properties": { "betriebstag": "2026-01-08", "frt_fid": "24516", "edge_idx": 22, "cum_start_m": 7426.5254121041244, "cum_end_m": 7950.3431831831149 }, "geometry": { "type": "LineString", "coordinates": [ [ 7.634171666666666, 51.957265833333338 ], [ 7.626748055555556, 51.956198333333333 ] ] } },
{ "type": "Feature", "properties": { "betriebstag": "2026-01-08", "frt_fid": "24516", "edge_idx": 23, "cum_start_m": 7950.3431831831149, "cum_end_m": 8342.0366972905358 }, "geometry": { "type": "LineString", "coordinates": [ [ 7.626748055555556, 51.956198333333333 ], [ 7.621243611111112, 51.955285277777783 ] ] } },
{ "type": "Feature", "properties": { "betriebstag": "2026-01-08", "frt_fid": "24516", "edge_idx": 24, "cum_start_m": 8342.0366972905358, "cum_end_m": 8767.0286066528079 }, "geometry": { "type": "LineString", "coordinates": [ [ 7.621243611111112, 51.955285277777783 ], [ 7.618360555555556, 51.951905277777783 ] ] } },
{ "type": "Feature", "properties": { "betriebstag": "2026-01-08", "frt_fid": "24516", "edge_idx": 25, "cum_start_m": 8767.0286066528079, "cum_end_m": 9095.2637837406583 }, "geometry": { "type": "LineString", "coordinates": [ [ 7.618360555555556, 51.951905277777783 ], [ 7.616151388888889, 51.949289166666667 ] ] } },
{ "type": "Feature", "properties": { "betriebstag": "2026-01-08", "frt_fid": "24516", "edge_idx": 26, "cum_start_m": 9095.2637837406583, "cum_end_m": 9727.8555085226053 }, "geometry": { "type": "LineString", "coordinates": [ [ 7.616151388888889, 51.949289166666667 ], [ 7.612045833333333, 51.944199444444443 ] ] } },
{ "type": "Feature", "properties": { "betriebstag": "2026-01-08", "frt_fid": "24516", "edge_idx": 27, "cum_start_m": 9727.8555085226053, "cum_end_m": 10211.243590625469 }, "geometry": { "type": "LineString", "coordinates": [ [ 7.612045833333333, 51.944199444444443 ], [ 7.608778611111111, 51.940351388888885 ] ] } },
{ "type": "Feature", "properties": { "betriebstag": "2026-01-08", "frt_fid": "24516", "edge_idx": 28, "cum_start_m": 10211.243590625469, "cum_end_m": 10531.784382585989 }, "geometry": { "type": "LineString", "coordinates": [ [ 7.608778611111111, 51.940351388888885 ], [ 7.605851666666666, 51.938108333333332 ] ] } },
{ "type": "Feature", "properties": { "betriebstag": "2026-01-08", "frt_fid": "24516", "edge_idx": 29, "cum_start_m": 10531.784382585989, "cum_end_m": 10826.220830002298 }, "geometry": { "type": "LineString", "coordinates": [ [ 7.605851666666666, 51.938108333333332 ], [ 7.602868611111111, 51.936209166666664 ] ] } },
{ "type": "Feature", "properties": { "betriebstag": "2026-01-08", "frt_fid": "24516", "edge_idx": 30, "cum_start_m": 10826.220830002298, "cum_end_m": 11107.547957517067 }, "geometry": { "type": "LineString", "coordinates": [ [ 7.602868611111111, 51.936209166666664 ], [ 7.599746944444444, 51.934574166666664 ] ] } },
{ "type": "Feature", "properties": { "betriebstag": "2026-01-08", "frt_fid": "24516", "edge_idx": 31, "cum_start_m": 11107.547957517067, "cum_end_m": 11603.237017736159 }, "geometry": { "type": "LineString", "coordinates": [ [ 7.599746944444444, 51.934574166666664 ], [ 7.594443055555555, 51.931556111111107 ] ] } },
{ "type": "Feature", "properties": { "betriebstag": "2026-01-08", "frt_fid": "24516", "edge_idx": 32, "cum_start_m": 11603.237017736159, "cum_end_m": 11843.388957195351 }, "geometry": { "type": "LineString", "coordinates": [ [ 7.594443055555555, 51.931556111111107 ], [ 7.591849444444444, 51.930110277777779 ] ] } },
{ "type": "Feature", "properties": { "betriebstag": "2026-01-08", "frt_fid": "24516", "edge_idx": 33, "cum_start_m": 11843.388957195351, "cum_end_m": 12191.84927886982 }, "geometry": { "type": "LineString", "coordinates": [ [ 7.591849444444444, 51.930110277777779 ], [ 7.587873611111111, 51.928168055555552 ] ] } },
{ "type": "Feature", "properties": { "betriebstag": "2026-01-08", "frt_fid": "24516", "edge_idx": 34, "cum_start_m": 12191.84927886982, "cum_end_m": 12571.841950427828 }, "geometry": { "type": "LineString", "coordinates": [ [ 7.587873611111111, 51.928168055555552 ], [ 7.582982777777778, 51.926578333333332 ] ] } },
{ "type": "Feature", "properties": { "betriebstag": "2026-01-08", "frt_fid": "24516", "edge_idx": 35, "cum_start_m": 12571.841950427828, "cum_end_m": 12900.072642387888 }, "geometry": { "type": "LineString", "coordinates": [ [ 7.582982777777778, 51.926578333333332 ], [ 7.578722777777777, 51.925247777777777 ] ] } },
{ "type": "Feature", "properties": { "betriebstag": "2026-01-08", "frt_fid": "24516", "edge_idx": 36, "cum_start_m": 12900.072642387888, "cum_end_m": 13276.012459881504 }, "geometry": { "type": "LineString", "coordinates": [ [ 7.578722777777777, 51.925247777777777 ], [ 7.573266111111111, 51.925046388888887 ] ] } },
{ "type": "Feature", "properties": { "betriebstag": "2026-01-08", "frt_fid": "24516", "edge_idx": 37, "cum_start_m": 13276.012459881504, "cum_end_m": 14100.758832079808 }, "geometry": { "type": "LineString", "coordinates": [ [ 7.573266111111111, 51.925046388888887 ], [ 7.561284166666667, 51.925354166666665 ] ] } },
{ "type": "Feature", "properties": { "betriebstag": "2026-01-08", "frt_fid": "24516", "edge_idx": 38, "cum_start_m": 14100.758832079808, "cum_end_m": 14790.067665141069 }, "geometry": { "type": "LineString", "coordinates": [ [ 7.561284166666667, 51.925354166666665 ], [ 7.551272222222222, 51.925064166666665 ] ] } },
{ "type": "Feature", "properties": { "betriebstag": "2026-01-08", "frt_fid": "24516", "edge_idx": 39, "cum_start_m": 14790.067665141069, "cum_end_m": 15971.447205531978 }, "geometry": { "type": "LineString", "coordinates": [ [ 7.551272222222222, 51.925064166666665 ], [ 7.534105277777778, 51.924687777777777 ] ] } },
{ "type": "Feature", "properties": { "betriebstag": "2026-01-08", "frt_fid": "24516", "edge_idx": 40, "cum_start_m": 15971.447205531978, "cum_end_m": 16426.700717325602 }, "geometry": { "type": "LineString", "coordinates": [ [ 7.534105277777778, 51.924687777777777 ], [ 7.527485833333333, 51.924708611111107 ] ] } },
{ "type": "Feature", "properties": { "betriebstag": "2026-01-08", "frt_fid": "24516", "edge_idx": 41, "cum_start_m": 16426.700717325602, "cum_end_m": 16680.91432050231 }, "geometry": { "type": "LineString", "coordinates": [ [ 7.527485833333333, 51.924708611111107 ], [ 7.523809166666666, 51.924944166666663 ] ] } },
{ "type": "Feature", "properties": { "betriebstag": "2026-01-08", "frt_fid": "24516", "edge_idx": 42, "cum_start_m": 16680.91432050231, "cum_end_m": 17003.434758414649 }, "geometry": { "type": "LineString", "coordinates": [ [ 7.523809166666666, 51.924944166666663 ], [ 7.519123611111111, 51.925064166666665 ] ] } },
{ "type": "Feature", "properties": { "betriebstag": "2026-01-08", "frt_fid": "24516", "edge_idx": 43, "cum_start_m": 17003.434758414649, "cum_end_m": 17272.753674940966 }, "geometry": { "type": "LineString", "coordinates": [ [ 7.519123611111111, 51.925064166666665 ], [ 7.522211944444444, 51.923575555555551 ] ] } },
{ "type": "Feature", "properties": { "betriebstag": "2026-01-08", "frt_fid": "24516", "edge_idx": 44, "cum_start_m": 17272.753674940966, "cum_end_m": 17585.094865628053 }, "geometry": { "type": "LineString", "coordinates": [ [ 7.522211944444444, 51.923575555555551 ], [ 7.526630833333333, 51.922927777777772 ] ] } },
{ "type": "Feature", "properties": { "betriebstag": "2026-01-08", "frt_fid": "24516", "edge_idx": 45, "cum_start_m": 17585.094865628053, "cum_end_m": 17912.539339693223 }, "geometry": { "type": "LineString", "coordinates": [ [ 7.526630833333333, 51.922927777777772 ], [ 7.527240833333333, 51.920008333333328 ] ] } },
{ "type": "Feature", "properties": { "betriebstag": "2026-01-08", "frt_fid": "24516", "edge_idx": 46, "cum_start_m": 17912.539339693223, "cum_end_m": 18164.880429445235 }, "geometry": { "type": "LineString", "coordinates": [ [ 7.527240833333333, 51.920008333333328 ], [ 7.528196111111111, 51.91781805555555 ] ] } },
{ "type": "Feature", "properties": { "betriebstag": "2026-01-08", "frt_fid": "24516", "edge_idx": 47, "cum_start_m": 18164.880429445235, "cum_end_m": 18399.365935811704 }, "geometry": { "type": "LineString", "coordinates": [ [ 7.528196111111111, 51.91781805555555 ], [ 7.525296388888889, 51.916709722222222 ] ] } },
{ "type": "Feature", "properties": { "betriebstag": "2026-01-08", "frt_fid": "24516", "edge_idx": 48, "cum_start_m": 18399.365935811704, "cum_end_m": 18672.120609331803 }, "geometry": { "type": "LineString", "coordinates": [ [ 7.525296388888889, 51.916709722222222 ], [ 7.527406944444444, 51.914633888888886 ] ] } },
{ "type": "Feature", "properties": { "betriebstag": "2026-01-08", "frt_fid": "24524", "edge_idx": 0, "cum_start_m": 0.0, "cum_end_m": 252.38518567391679 }, "geometry": { "type": "LineString", "coordinates": [ [ 7.590370833333333, 51.998806111111115 ], [ 7.592259166666667, 52.000752777777777 ] ] } },
{ "type": "Feature", "properties": { "betriebstag": "2026-01-08", "frt_fid": "24524", "edge_idx": 1, "cum_start_m": 252.38518567391679, "cum_end_m": 465.78551979183834 }, "geometry": { "type": "LineString", "coordinates": [ [ 7.592259166666667, 52.000752777777777 ], [ 7.595288888888889, 52.000324444444445 ] ] } },
{ "type": "Feature", "properties": { "betriebstag": "2026-01-08", "frt_fid": "24524", "edge_idx": 2, "cum_start_m": 465.78551979183834, "cum_end_m": 817.77613550934825 }, "geometry": { "type": "LineString", "coordinates": [ [ 7.595288888888889, 52.000324444444445 ], [ 7.598407222222222, 51.997812777777781 ] ] } },
{ "type": "Feature", "properties": { "betriebstag": "2026-01-08", "frt_fid": "24524", "edge_idx": 3, "cum_start_m": 817.77613550934825, "cum_end_m": 1135.01387229907 }, "geometry": { "type": "LineString", "coordinates": [ [ 7.598407222222222, 51.997812777777781 ], [ 7.602791388888889, 51.99691277777778 ] ] } },
{ "type": "Feature", "properties": { "betriebstag": "2026-01-08", "frt_fid": "24524", "edge_idx": 4, "cum_start_m": 1135.01387229907, "cum_end_m": 1527.4445791228004 }, "geometry": { "type": "LineString", "coordinates": [ [ 7.602791388888889, 51.99691277777778 ], [ 7.608435, 51.99747 ] ] } },
{ "type": "Feature", "properties": { "betriebstag": "2026-01-08", "frt_fid": "24524", "edge_idx": 5, "cum_start_m": 1527.4445791228004, "cum_end_m": 1804.0313800604363 }, "geometry": { "type": "LineString", "coordinates": [ [ 7.608435, 51.99747 ], [ 7.612418333333333, 51.997840277777776 ] ] } },
{ "type": "Feature", "properties": { "betriebstag": "2026-01-08", "frt_fid": "24524", "edge_idx": 6, "cum_start_m": 1804.0313800604363, "cum_end_m": 2013.0376171625655 }, "geometry": { "type": "LineString", "coordinates": [ [ 7.612418333333333, 51.997840277777776 ], [ 7.612816944444444, 51.9959775 ] ] } },
{ "type": "Feature", "properties": { "betriebstag": "2026-01-08", "frt_fid": "24524", "edge_idx": 7, "cum_start_m": 2013.0376171625655, "cum_end_m": 2360.0194762676874 }, "geometry": { "type": "LineString", "coordinates": [ [ 7.612816944444444, 51.9959775 ], [ 7.611991944444444, 51.9929 ] ] } },
{ "type": "Feature", "properties": { "betriebstag": "2026-01-08", "frt_fid": "24524", "edge_idx": 8, "cum_start_m": 2360.0194762676874, "cum_end_m": 2830.7143886621107 }, "geometry": { "type": "LineString", "coordinates": [ [ 7.611991944444444, 51.9929 ], [ 7.611138611111111, 51.988701388888892 ] ] } },
{ "type": "Feature", "properties": { "betriebstag": "2026-01-08", "frt_fid": "24524", "edge_idx": 9, "cum_start_m": 2830.7143886621107, "cum_end_m": 3509.6057971658861 }, "geometry": { "type": "LineString", "coordinates": [ [ 7.611138611111111, 51.988701388888892 ], [ 7.611624722222222, 51.982605555555558 ] ] } },
{ "type": "Feature", "properties": { "betriebstag": "2026-01-08", "frt_fid": "24524", "edge_idx": 10, "cum_start_m": 3509.6057971658861, "cum_end_m": 3853.593604430167 }, "geometry": { "type": "LineString", "coordinates": [ [ 7.611624722222222, 51.982605555555558 ], [ 7.611845277777777, 51.97951611111111 ] ] } },
{ "type": "Feature", "properties": { "betriebstag": "2026-01-08", "frt_fid": "24524", "edge_idx": 11, "cum_start_m": 3853.593604430167, "cum_end_m": 4146.9336982512405 }, "geometry": { "type": "LineString", "coordinates": [ [ 7.611845277777777, 51.97951611111111 ], [ 7.612074166666666, 51.976882777777782 ] ] } },
{ "type": "Feature", "properties": { "betriebstag": "2026-01-08", "frt_fid": "24524", "edge_idx": 12, "cum_start_m": 4146.9336982512405, "cum_end_m": 4452.3266945865635 }, "geometry": { "type": "LineString", "coordinates": [ [ 7.612074166666666, 51.976882777777782 ], [ 7.613080833333333, 51.974208611111116 ] ] } },
{ "type": "Feature", "properties": { "betriebstag": "2026-01-08", "frt_fid": "24524", "edge_idx": 13, "cum_start_m": 4452.3266945865635, "cum_end_m": 4916.8518467481554 }, "geometry": { "type": "LineString", "coordinates": [ [ 7.613080833333333, 51.974208611111116 ], [ 7.619821666666667, 51.974538055555556 ] ] } },
{ "type": "Feature", "properties": { "betriebstag": "2026-01-08", "frt_fid": "24524", "edge_idx": 14, "cum_start_m": 4916.8518467481554, "cum_end_m": 5163.5275357607197 }, "geometry": { "type": "LineString", "coordinates": [ [ 7.619821666666667, 51.974538055555556 ], [ 7.6233275, 51.974058611111111 ] ] } },
{ "type": "Feature", "properties": { "betriebstag": "2026-01-08", "frt_fid": "24524", "edge_idx": 15, "cum_start_m": 5163.5275357607197, "cum_end_m": 5398.6287585085056 }, "geometry": { "type": "LineString", "coordinates": [ [ 7.6233275, 51.974058611111111 ], [ 7.622440833333334, 51.972017222222227 ] ] } },
{ "type": "Feature", "properties": { "betriebstag": "2026-01-08", "frt_fid": "24524", "edge_idx": 16, "cum_start_m": 5398.6287585085056, "cum_end_m": 5591.8315667054976 }, "geometry": { "type": "LineString", "coordinates": [ [ 7.622440833333334, 51.972017222222227 ], [ 7.622116111111112, 51.970291944444448 ] ] } },
{ "type": "Feature", "properties": { "betriebstag": "2026-01-08", "frt_fid": "24524", "edge_idx": 17, "cum_start_m": 5591.8315667054976, "cum_end_m": 5900.3984632161601 }, "geometry": { "type": "LineString", "coordinates": [ [ 7.622116111111112, 51.970291944444448 ], [ 7.623097777777779, 51.967585 ] ] } },
{ "type": "Feature", "properties": { "betriebstag": "2026-01-08", "frt_fid": "24524", "edge_idx": 18, "cum_start_m": 5900.3984632161601, "cum_end_m": 6273.2500209723021 }, "geometry": { "type": "LineString", "coordinates": [ [ 7.623097777777779, 51.967585 ], [ 7.626976111111111, 51.96524055555556 ] ] } },
{ "type": "Feature", "properties": { "betriebstag": "2026-01-08", "frt_fid": "24524", "edge_idx": 19, "cum_start_m": 6273.2500209723021, "cum_end_m": 6574.2691961920973 }, "geometry": { "type": "LineString", "coordinates": [ [ 7.626976111111111, 51.96524055555556 ], [ 7.630732222222223, 51.963847777777779 ] ] } },
{ "type": "Feature", "properties": { "betriebstag": "2026-01-08", "frt_fid": "24524", "edge_idx": 20, "cum_start_m": 6574.2691961920973, "cum_end_m": 7014.8486351403217 }, "geometry": { "type": "LineString", "coordinates": [ [ 7.630732222222223, 51.963847777777779 ], [ 7.635060833333333, 51.960925833333334 ] ] } },
{ "type": "Feature", "properties": { "betriebstag": "2026-01-08", "frt_fid": "24524", "edge_idx": 21, "cum_start_m": 7014.8486351403217, "cum_end_m": 7426.5254121041244 }, "geometry": { "type": "LineString", "coordinates": [ [ 7.635060833333333, 51.960925833333334 ], [ 7.634171666666666, 51.957265833333338 ] ] } },
{ "type": "Feature", "properties": { "betriebstag": "2026-01-08", "frt_fid": "24524", "edge_idx": 22, "cum_start_m": 7426.5254121041244, "cum_end_m": 7950.3431831831149 }, "geometry": { "type": "LineString", "coordinates": [ [ 7.634171666666666, 51.957265833333338 ], [ 7.626748055555556, 51.956198333333333 ] ] } },
{ "type": "Feature", "properties": { "betriebstag": "2026-01-08", "frt_fid": "24524", "edge_idx": 23, "cum_start_m": 7950.3431831831149, "cum_end_m": 8342.0366972905358 }, "geometry": { "type": "LineString", "coordinates": [ [ 7.626748055555556, 51.956198333333333 ], [ 7.621243611111112, 51.955285277777783 ] ] } },
{ "type": "Feature", "properties": { "betriebstag": "2026-01-08", "frt_fid": "24524", "edge_idx": 24, "cum_start_m": 8342.0366972905358, "cum_end_m": 8767.0286066528079 }, "geometry": { "type": "LineString", "coordinates": [ [ 7.621243611111112, 51.955285277777783 ], [ 7.618360555555556, 51.951905277777783 ] ] } },
{ "type": "Feature", "properties": { "betriebstag": "2026-01-08", "frt_fid": "24524", "edge_idx": 25, "cum_start_m": 8767.0286066528079, "cum_end_m": 9095.2637837406583 }, "geometry": { "type": "LineString", "coordinates": [ [ 7.618360555555556, 51.951905277777783 ], [ 7.616151388888889, 51.949289166666667 ] ] } },
{ "type": "Feature", "properties": { "betriebstag": "2026-01-08", "frt_fid": "24524", "edge_idx": 26, "cum_start_m": 9095.2637837406583, "cum_end_m": 9727.8555085226053 }, "geometry": { "type": "LineString", "coordinates": [ [ 7.616151388888889, 51.949289166666667 ], [ 7.612045833333333, 51.944199444444443 ] ] } },
{ "type": "Feature", "properties": { "betriebstag": "2026-01-08", "frt_fid": "24524", "edge_idx": 27, "cum_start_m": 9727.8555085226053, "cum_end_m": 10211.243590625469 }, "geometry": { "type": "LineString", "coordinates": [ [ 7.612045833333333, 51.944199444444443 ], [ 7.608778611111111, 51.940351388888885 ] ] } },
{ "type": "Feature", "properties": { "betriebstag": "2026-01-08", "frt_fid": "24524", "edge_idx": 28, "cum_start_m": 10211.243590625469, "cum_end_m": 10531.784382585989 }, "geometry": { "type": "LineString", "coordinates": [ [ 7.608778611111111, 51.940351388888885 ], [ 7.605851666666666, 51.938108333333332 ] ] } },
{ "type": "Feature", "properties": { "betriebstag": "2026-01-08", "frt_fid": "24524", "edge_idx": 29, "cum_start_m": 10531.784382585989, "cum_end_m": 10826.220830002298 }, "geometry": { "type": "LineString", "coordinates": [ [ 7.605851666666666, 51.938108333333332 ], [ 7.602868611111111, 51.936209166666664 ] ] } },
{ "type": "Feature", "properties": { "betriebstag": "2026-01-08", "frt_fid": "24524", "edge_idx": 30, "cum_start_m": 10826.220830002298, "cum_end_m": 11107.547957517067 }, "geometry": { "type": "LineString", "coordinates": [ [ 7.602868611111111, 51.936209166666664 ], [ 7.599746944444444, 51.934574166666664 ] ] } },
{ "type": "Feature", "properties": { "betriebstag": "2026-01-08", "frt_fid": "24524", "edge_idx": 31, "cum_start_m": 11107.547957517067, "cum_end_m": 11603.237017736159 }, "geometry": { "type": "LineString", "coordinates": [ [ 7.599746944444444, 51.934574166666664 ], [ 7.594443055555555, 51.931556111111107 ] ] } },
{ "type": "Feature", "properties": { "betriebstag": "2026-01-08", "frt_fid": "24524", "edge_idx": 32, "cum_start_m": 11603.237017736159, "cum_end_m": 11843.388957195351 }, "geometry": { "type": "LineString", "coordinates": [ [ 7.594443055555555, 51.931556111111107 ], [ 7.591849444444444, 51.930110277777779 ] ] } },
{ "type": "Feature", "properties": { "betriebstag": "2026-01-08", "frt_fid": "24524", "edge_idx": 33, "cum_start_m": 11843.388957195351, "cum_end_m": 12191.84927886982 }, "geometry": { "type": "LineString", "coordinates": [ [ 7.591849444444444, 51.930110277777779 ], [ 7.587873611111111, 51.928168055555552 ] ] } },
{ "type": "Feature", "properties": { "betriebstag": "2026-01-08", "frt_fid": "24524", "edge_idx": 34, "cum_start_m": 12191.84927886982, "cum_end_m": 12571.841950427828 }, "geometry": { "type": "LineString", "coordinates": [ [ 7.587873611111111, 51.928168055555552 ], [ 7.582982777777778, 51.926578333333332 ] ] } },
{ "type": "Feature", "properties": { "betriebstag": "2026-01-08", "frt_fid": "24524", "edge_idx": 35, "cum_start_m": 12571.841950427828, "cum_end_m": 12900.072642387888 }, "geometry": { "type": "LineString", "coordinates": [ [ 7.582982777777778, 51.926578333333332 ], [ 7.578722777777777, 51.925247777777777 ] ] } },
{ "type": "Feature", "properties": { "betriebstag": "2026-01-08", "frt_fid": "24524", "edge_idx": 36, "cum_start_m": 12900.072642387888, "cum_end_m": 13276.012459881504 }, "geometry": { "type": "LineString", "coordinates": [ [ 7.578722777777777, 51.925247777777777 ], [ 7.573266111111111, 51.925046388888887 ] ] } },
{ "type": "Feature", "properties": { "betriebstag": "2026-01-08", "frt_fid": "24524", "edge_idx": 37, "cum_start_m": 13276.012459881504, "cum_end_m": 14100.758832079808 }, "geometry": { "type": "LineString", "coordinates": [ [ 7.573266111111111, 51.925046388888887 ], [ 7.561284166666667, 51.925354166666665 ] ] } },
{ "type": "Feature", "properties": { "betriebstag": "2026-01-08", "frt_fid": "24524", "edge_idx": 38, "cum_start_m": 14100.758832079808, "cum_end_m": 14790.067665141069 }, "geometry": { "type": "LineString", "coordinates": [ [ 7.561284166666667, 51.925354166666665 ], [ 7.551272222222222, 51.925064166666665 ] ] } },
{ "type": "Feature", "properties": { "betriebstag": "2026-01-08", "frt_fid": "24524", "edge_idx": 39, "cum_start_m": 14790.067665141069, "cum_end_m": 15971.447205531978 }, "geometry": { "type": "LineString", "coordinates": [ [ 7.551272222222222, 51.925064166666665 ], [ 7.534105277777778, 51.924687777777777 ] ] } },
{ "type": "Feature", "properties": { "betriebstag": "2026-01-08", "frt_fid": "24524", "edge_idx": 40, "cum_start_m": 15971.447205531978, "cum_end_m": 16426.700717325602 }, "geometry": { "type": "LineString", "coordinates": [ [ 7.534105277777778, 51.924687777777777 ], [ 7.527485833333333, 51.924708611111107 ] ] } },
{ "type": "Feature", "properties": { "betriebstag": "2026-01-08", "frt_fid": "24524", "edge_idx": 41, "cum_start_m": 16426.700717325602, "cum_end_m": 16680.91432050231 }, "geometry": { "type": "LineString", "coordinates": [ [ 7.527485833333333, 51.924708611111107 ], [ 7.523809166666666, 51.924944166666663 ] ] } },
{ "type": "Feature", "properties": { "betriebstag": "2026-01-08", "frt_fid": "24524", "edge_idx": 42, "cum_start_m": 16680.91432050231, "cum_end_m": 17003.434758414649 }, "geometry": { "type": "LineString", "coordinates": [ [ 7.523809166666666, 51.924944166666663 ], [ 7.519123611111111, 51.925064166666665 ] ] } },
{ "type": "Feature", "properties": { "betriebstag": "2026-01-08", "frt_fid": "24524", "edge_idx": 43, "cum_start_m": 17003.434758414649, "cum_end_m": 17272.753674940966 }, "geometry": { "type": "LineString", "coordinates": [ [ 7.519123611111111, 51.925064166666665 ], [ 7.522211944444444, 51.923575555555551 ] ] } },
{ "type": "Feature", "properties": { "betriebstag": "2026-01-08", "frt_fid": "24524", "edge_idx": 44, "cum_start_m": 17272.753674940966, "cum_end_m": 17585.094865628053 }, "geometry": { "type": "LineString", "coordinates": [ [ 7.522211944444444, 51.923575555555551 ], [ 7.526630833333333, 51.922927777777772 ] ] } },
{ "type": "Feature", "properties": { "betriebstag": "2026-01-08", "frt_fid": "24524", "edge_idx": 45, "cum_start_m": 17585.094865628053, "cum_end_m": 17912.539339693223 }, "geometry": { "type": "LineString", "coordinates": [ [ 7.526630833333333, 51.922927777777772 ], [ 7.527240833333333, 51.920008333333328 ] ] } },
{ "type": "Feature", "properties": { "betriebstag": "2026-01-08", "frt_fid": "24524", "edge_idx": 46, "cum_start_m": 17912.539339693223, "cum_end_m": 18164.880429445235 }, "geometry": { "type": "LineString", "coordinates": [ [ 7.527240833333333, 51.920008333333328 ], [ 7.528196111111111, 51.91781805555555 ] ] } },
{ "type": "Feature", "properties": { "betriebstag": "2026-01-08", "frt_fid": "24524", "edge_idx": 47, "cum_start_m": 18164.880429445235, "cum_end_m": 18399.365935811704 }, "geometry": { "type": "LineString", "coordinates": [ [ 7.528196111111111, 51.91781805555555 ], [ 7.525296388888889, 51.916709722222222 ] ] } },
{ "type": "Feature", "properties": { "betriebstag": "2026-01-08", "frt_fid": "24524", "edge_idx": 48, "cum_start_m": 18399.365935811704, "cum_end_m": 18672.120609331803 }, "geometry": { "type": "LineString", "coordinates": [ [ 7.525296388888889, 51.916709722222222 ], [ 7.527406944444444, 51.914633888888886 ] ] } },
{ "type": "Feature", "properties": { "betriebstag": "2026-01-08", "frt_fid": "49085", "edge_idx": 0, "cum_start_m": 0.0, "cum_end_m": 252.81103068142528 }, "geometry": { "type": "LineString", "coordinates": [ [ 7.527406944444444, 51.914633888888886 ], [ 7.525148611111111, 51.916426944444446 ] ] } },
{ "type": "Feature", "properties": { "betriebstag": "2026-01-08", "frt_fid": "49085", "edge_idx": 1, "cum_start_m": 252.81103068142528, "cum_end_m": 512.9345907511447 }, "geometry": { "type": "LineString", "coordinates": [ [ 7.525148611111111, 51.916426944444446 ], [ 7.5283925, 51.917628888888885 ] ] } },
{ "type": "Feature", "properties": { "betriebstag": "2026-01-08", "frt_fid": "49085", "edge_idx": 2, "cum_start_m": 512.9345907511447, "cum_end_m": 853.93326983610382 }, "geometry": { "type": "LineString", "coordinates": [ [ 7.5283925, 51.917628888888885 ], [ 7.5272425, 51.920610833333328 ] ] } },
{ "type": "Feature", "properties": { "betriebstag": "2026-01-08", "frt_fid": "49085", "edge_idx": 3, "cum_start_m": 853.93326983610382, "cum_end_m": 1134.347999177452 }, "geometry": { "type": "LineString", "coordinates": [ [ 7.5272425, 51.920610833333328 ], [ 7.526746944444445, 51.923113055555554 ] ] } },
{ "type": "Feature", "properties": { "betriebstag": "2026-01-08", "frt_fid": "49085", "edge_idx": 4, "cum_start_m": 1134.347999177452, "cum_end_m": 1456.2495256673139 }, "geometry": { "type": "LineString", "coordinates": [ [ 7.526746944444445, 51.923113055555554 ], [ 7.522214166666666, 51.923834166666666 ] ] } },
{ "type": "Feature", "properties": { "betriebstag": "2026-01-08", "frt_fid": "49085", "edge_idx": 5, "cum_start_m": 1456.2495256673139, "cum_end_m": 1667.7506820018784 }, "geometry": { "type": "LineString", "coordinates": [ [ 7.522214166666666, 51.923834166666666 ], [ 7.519796388888889, 51.925009166666662 ] ] } },
{ "type": "Feature", "properties": { "betriebstag": "2026-01-08", "frt_fid": "49085", "edge_idx": 6, "cum_start_m": 1667.7506820018784, "cum_end_m": 1927.6472379841873 }, "geometry": { "type": "LineString", "coordinates": [ [ 7.519796388888889, 51.925009166666662 ], [ 7.523565, 51.924836111111105 ] ] } },
{ "type": "Feature", "properties": { "betriebstag": "2026-01-08", "frt_fid": "49085", "edge_idx": 7, "cum_start_m": 1927.6472379841873, "cum_end_m": 2231.3907711767947 }, "geometry": { "type": "LineString", "coordinates": [ [ 7.523565, 51.924836111111105 ], [ 7.527928611111111, 51.924414722222217 ] ] } },
{ "type": "Feature", "properties": { "betriebstag": "2026-01-08", "frt_fid": "49085", "edge_idx": 8, "cum_start_m": 2231.3907711767947, "cum_end_m": 2697.9655963077685 }, "geometry": { "type": "LineString", "coordinates": [ [ 7.527928611111111, 51.924414722222217 ], [ 7.534711111111111, 51.924506111111107 ] ] } },
{ "type": "Feature", "properties": { "betriebstag": "2026-01-08", "frt_fid": "49085", "edge_idx": 9, "cum_start_m": 2697.9655963077685, "cum_end_m": 3893.0446921821531 }, "geometry": { "type": "LineString", "coordinates": [ [ 7.534711111111111, 51.924506111111107 ], [ 7.552072777777777, 51.924955555555556 ] ] } },
{ "type": "Feature", "properties": { "betriebstag": "2026-01-08", "frt_fid": "49085", "edge_idx": 10, "cum_start_m": 3893.0446921821531, "cum_end_m": 4627.6557294966078 }, "geometry": { "type": "LineString", "coordinates": [ [ 7.552072777777777, 51.924955555555556 ], [ 7.562747222222222, 51.9251975 ] ] } },
{ "type": "Feature", "properties": { "betriebstag": "2026-01-08", "frt_fid": "49085", "edge_idx": 11, "cum_start_m": 4627.6557294966078, "cum_end_m": 5380.8593173343543 }, "geometry": { "type": "LineString", "coordinates": [ [ 7.562747222222222, 51.9251975 ], [ 7.573689166666666, 51.924907777777776 ] ] } },
{ "type": "Feature", "properties": { "betriebstag": "2026-01-08", "frt_fid": "49085", "edge_idx": 12, "cum_start_m": 5380.8593173343543, "cum_end_m": 5815.2495216643429 }, "geometry": { "type": "LineString", "coordinates": [ [ 7.573689166666666, 51.924907777777776 ], [ 7.579957777777778, 51.925386666666661 ] ] } },
{ "type": "Feature", "properties": { "betriebstag": "2026-01-08", "frt_fid": "49085", "edge_idx": 13, "cum_start_m": 5815.2495216643429, "cum_end_m": 6079.3752657665036 }, "geometry": { "type": "LineString", "coordinates": [ [ 7.579957777777778, 51.925386666666661 ], [ 7.583341666666667, 51.926509722222221 ] ] } },
{ "type": "Feature", "properties": { "betriebstag": "2026-01-08", "frt_fid": "49085", "edge_idx": 14, "cum_start_m": 6079.3752657665036, "cum_end_m": 6450.9601449603824 }, "geometry": { "type": "LineString", "coordinates": [ [ 7.583341666666667, 51.926509722222221 ], [ 7.588090277777778, 51.928103611111112 ] ] } },
{ "type": "Feature", "properties": { "betriebstag": "2026-01-08", "frt_fid": "49085", "edge_idx": 15, "cum_start_m": 6450.9601449603824, "cum_end_m": 6878.7736095791061 }, "geometry": { "type": "LineString", "coordinates": [ [ 7.588090277777778, 51.928103611111112 ], [ 7.592937222222222, 51.93051472222222 ] ] } },
{ "type": "Feature", "properties": { "betriebstag": "2026-01-08", "frt_fid": "49085", "edge_idx": 16, "cum_start_m": 6878.7736095791061, "cum_end_m": 7100.6558450639195 }, "geometry": { "type": "LineString", "coordinates": [ [ 7.592937222222222, 51.93051472222222 ], [ 7.595317222222222, 51.931861666666663 ] ] } },
{ "type": "Feature", "properties": { "betriebstag": "2026-01-08", "frt_fid": "49085", "edge_idx": 17, "cum_start_m": 7100.6558450639195, "cum_end_m": 7547.7746374858225 }, "geometry": { "type": "LineString", "coordinates": [ [ 7.595317222222222, 51.931861666666663 ], [ 7.600118888888889, 51.934572222222222 ] ] } },
{ "type": "Feature", "properties": { "betriebstag": "2026-01-08", "frt_fid": "49085", "edge_idx": 18, "cum_start_m": 7547.7746374858225, "cum_end_m": 7851.0986481443106 }, "geometry": { "type": "LineString", "coordinates": [ [ 7.600118888888889, 51.934572222222222 ], [ 7.603557777777778, 51.936280277777776 ] ] } },
{ "type": "Feature", "properties": { "betriebstag": "2026-01-08", "frt_fid": "49085", "edge_idx": 19, "cum_start_m": 7851.0986481443106, "cum_end_m": 8139.4908914998105 }, "geometry": { "type": "LineString", "coordinates": [ [ 7.603557777777778, 51.936280277777776 ], [ 7.606431944444444, 51.938168611111109 ] ] } },
{ "type": "Feature", "properties": { "betriebstag": "2026-01-08", "frt_fid": "49085", "edge_idx": 20, "cum_start_m": 8139.4908914998105, "cum_end_m": 8439.6655347032174 }, "geometry": { "type": "LineString", "coordinates": [ [ 7.606431944444444, 51.938168611111109 ], [ 7.609121388888888, 51.94029444444444 ] ] } },
{ "type": "Feature", "properties": { "betriebstag": "2026-01-08", "frt_fid": "49085", "edge_idx": 21, "cum_start_m": 8439.6655347032174, "cum_end_m": 8932.9279763290979 }, "geometry": { "type": "LineString", "coordinates": [ [ 7.609121388888888, 51.94029444444444 ], [ 7.612395555555556, 51.944240277777773 ] ] } },
{ "type": "Feature", "properties": { "betriebstag": "2026-01-08", "frt_fid": "49085", "edge_idx": 22, "cum_start_m": 8932.9279763290979, "cum_end_m": 9593.9734084663633 }, "geometry": { "type": "LineString", "coordinates": [ [ 7.612395555555556, 51.944240277777773 ], [ 7.616818611111111, 51.949517222222219 ] ] } },
{ "type": "Feature", "properties": { "betriebstag": "2026-01-08", "frt_fid": "49085", "edge_idx": 23, "cum_start_m": 9593.9734084663633, "cum_end_m": 9941.2500869354153 }, "geometry": { "type": "LineString", "coordinates": [ [ 7.616818611111111, 51.949517222222219 ], [ 7.619033333333334, 51.952323333333339 ] ] } },
{ "type": "Feature", "properties": { "betriebstag": "2026-01-08", "frt_fid": "49085", "edge_idx": 24, "cum_start_m": 9941.2500869354153, "cum_end_m": 10311.455762363797 }, "geometry": { "type": "LineString", "coordinates": [ [ 7.619033333333334, 51.952323333333339 ], [ 7.621679444444445, 51.955222222222226 ] ] } },
{ "type": "Feature", "properties": { "betriebstag": "2026-01-08", "frt_fid": "49085", "edge_idx": 25, "cum_start_m": 10311.455762363797, "cum_end_m": 10769.242518443578 }, "geometry": { "type": "LineString", "coordinates": [ [ 7.621679444444445, 51.955222222222226 ], [ 7.628273611111112, 51.955803888888894 ] ] } },
{ "type": "Feature", "properties": { "betriebstag": "2026-01-08", "frt_fid": "49085", "edge_idx": 26, "cum_start_m": 10769.242518443578, "cum_end_m": 11235.756337761621 }, "geometry": { "type": "LineString", "coordinates": [ [ 7.628273611111112, 51.955803888888894 ], [ 7.634583333333333, 51.957350555555557 ] ] } },
{ "type": "Feature", "properties": { "betriebstag": "2026-01-08", "frt_fid": "49085", "edge_idx": 27, "cum_start_m": 11235.756337761621, "cum_end_m": 11728.337723597298 }, "geometry": { "type": "LineString", "coordinates": [ [ 7.634583333333333, 51.957350555555557 ], [ 7.635514166666666, 51.961741388888889 ] ] } },
{ "type": "Feature", "properties": { "betriebstag": "2026-01-08", "frt_fid": "49085", "edge_idx": 28, "cum_start_m": 11728.337723597298, "cum_end_m": 12174.065073310801 }, "geometry": { "type": "LineString", "coordinates": [ [ 7.635514166666666, 51.961741388888889 ], [ 7.630303611111112, 51.964128055555555 ] ] } },
{ "type": "Feature", "properties": { "betriebstag": "2026-01-08", "frt_fid": "49085", "edge_idx": 29, "cum_start_m": 12174.065073310801, "cum_end_m": 12439.678286307873 }, "geometry": { "type": "LineString", "coordinates": [ [ 7.630303611111112, 51.964128055555555 ], [ 7.626990833333334, 51.965358611111114 ] ] } },
{ "type": "Feature", "properties": { "betriebstag": "2026-01-08", "frt_fid": "49085", "edge_idx": 30, "cum_start_m": 12439.678286307873, "cum_end_m": 12779.107562132333 }, "geometry": { "type": "LineString", "coordinates": [ [ 7.626990833333334, 51.965358611111114 ], [ 7.6232925, 51.967381666666668 ] ] } },
{ "type": "Feature", "properties": { "betriebstag": "2026-01-08", "frt_fid": "49085", "edge_idx": 31, "cum_start_m": 12779.107562132333, "cum_end_m": 13072.281679112135 }, "geometry": { "type": "LineString", "coordinates": [ [ 7.6232925, 51.967381666666668 ], [ 7.622248611111112, 51.969937222222221 ] ] } },
{ "type": "Feature", "properties": { "betriebstag": "2026-01-08", "frt_fid": "49085", "edge_idx": 32, "cum_start_m": 13072.281679112135, "cum_end_m": 13376.287885595981 }, "geometry": { "type": "LineString", "coordinates": [ [ 7.622248611111112, 51.969937222222221 ], [ 7.623106944444445, 51.972618333333337 ] ] } },
{ "type": "Feature", "properties": { "betriebstag": "2026-01-08", "frt_fid": "49085", "edge_idx": 33, "cum_start_m": 13376.287885595981, "cum_end_m": 13621.86530573016 }, "geometry": { "type": "LineString", "coordinates": [ [ 7.623106944444445, 51.972618333333337 ], [ 7.622308333333334, 51.974770277777779 ] ] } },
{ "type": "Feature", "properties": { "betriebstag": "2026-01-08", "frt_fid": "49085", "edge_idx": 34, "cum_start_m": 13621.86530573016, "cum_end_m": 13991.900775013413 }, "geometry": { "type": "LineString", "coordinates": [ [ 7.622308333333334, 51.974770277777779 ], [ 7.616933333333334, 51.97455305555556 ] ] } },
{ "type": "Feature", "properties": { "betriebstag": "2026-01-08", "frt_fid": "49085", "edge_idx": 35, "cum_start_m": 13991.900775013413, "cum_end_m": 14299.481537855607 }, "geometry": { "type": "LineString", "coordinates": [ [ 7.616933333333334, 51.97455305555556 ], [ 7.612489722222222, 51.974891944444444 ] ] } },
{ "type": "Feature", "properties": { "betriebstag": "2026-01-08", "frt_fid": "49085", "edge_idx": 36, "cum_start_m": 14299.481537855607, "cum_end_m": 14547.995251270841 }, "geometry": { "type": "LineString", "coordinates": [ [ 7.612489722222222, 51.974891944444444 ], [ 7.61234, 51.97712416666667 ] ] } },
{ "type": "Feature", "properties": { "betriebstag": "2026-01-08", "frt_fid": "49085", "edge_idx": 37, "cum_start_m": 14547.995251270841, "cum_end_m": 14812.721890984751 }, "geometry": { "type": "LineString", "coordinates": [ [ 7.61234, 51.97712416666667 ], [ 7.612148333333333, 51.979501111111112 ] ] } },
{ "type": "Feature", "properties": { "betriebstag": "2026-01-08", "frt_fid": "49085", "edge_idx": 38, "cum_start_m": 14812.721890984751, "cum_end_m": 15175.019392042703 }, "geometry": { "type": "LineString", "coordinates": [ [ 7.612148333333333, 51.979501111111112 ], [ 7.611887222222222, 51.982754166666666 ] ] } },
{ "type": "Feature", "properties": { "betriebstag": "2026-01-08", "frt_fid": "49085", "edge_idx": 39, "cum_start_m": 15175.019392042703, "cum_end_m": 15746.086391357845 }, "geometry": { "type": "LineString", "coordinates": [ [ 7.611887222222222, 51.982754166666666 ], [ 7.611500833333333, 51.9878825 ] ] } },
{ "type": "Feature", "properties": { "betriebstag": "2026-01-08", "frt_fid": "49085", "edge_idx": 40, "cum_start_m": 15746.086391357845, "cum_end_m": 16424.249853010529 }, "geometry": { "type": "LineString", "coordinates": [ [ 7.611500833333333, 51.9878825 ], [ 7.612586388888889, 51.993942222222223 ] ] } },
{ "type": "Feature", "properties": { "betriebstag": "2026-01-08", "frt_fid": "49085", "edge_idx": 41, "cum_start_m": 16424.249853010529, "cum_end_m": 16612.39069739858 }, "geometry": { "type": "LineString", "coordinates": [ [ 7.612586388888889, 51.993942222222223 ], [ 7.612988611111111, 51.99561527777778 ] ] } },
{ "type": "Feature", "properties": { "betriebstag": "2026-01-08", "frt_fid": "49085", "edge_idx": 42, "cum_start_m": 16612.39069739858, "cum_end_m": 16879.757597902117 }, "geometry": { "type": "LineString", "coordinates": [ [ 7.612988611111111, 51.99561527777778 ], [ 7.612205, 51.997969722222223 ] ] } },
{ "type": "Feature", "properties": { "betriebstag": "2026-01-08", "frt_fid": "49085", "edge_idx": 43, "cum_start_m": 16879.757597902117, "cum_end_m": 17152.389695180093 }, "geometry": { "type": "LineString", "coordinates": [ [ 7.612205, 51.997969722222223 ], [ 7.6082875, 51.99757 ] ] } },
{ "type": "Feature", "properties": { "betriebstag": "2026-01-08", "frt_fid": "49085", "edge_idx": 44, "cum_start_m": 17152.389695180093, "cum_end_m": 17436.186918475396 }, "geometry": { "type": "LineString", "coordinates": [ [ 7.6082875, 51.99757 ], [ 7.604203611111111, 51.997176944444448 ] ] } },
{ "type": "Feature", "properties": { "betriebstag": "2026-01-08", "frt_fid": "49085", "edge_idx": 45, "cum_start_m": 17436.186918475396, "cum_end_m": 17842.140415629561 }, "geometry": { "type": "LineString", "coordinates": [ [ 7.604203611111111, 51.997176944444448 ], [ 7.598429166666667, 51.997960555555558 ] ] } },
{ "type": "Feature", "properties": { "betriebstag": "2026-01-08", "frt_fid": "49085", "edge_idx": 46, "cum_start_m": 17842.140415629561, "cum_end_m": 18196.691592968011 }, "geometry": { "type": "LineString", "coordinates": [ [ 7.598429166666667, 51.997960555555558 ], [ 7.595289444444444, 52.00049111111111 ] ] } },
{ "type": "Feature", "properties": { "betriebstag": "2026-01-08", "frt_fid": "49085", "edge_idx": 47, "cum_start_m": 18196.691592968011, "cum_end_m": 18406.394435662372 }, "geometry": { "type": "LineString", "coordinates": [ [ 7.595289444444444, 52.00049111111111 ], [ 7.592288888888889, 52.000843333333336 ] ] } },
{ "type": "Feature", "properties": { "betriebstag": "2026-01-08", "frt_fid": "49085", "edge_idx": 48, "cum_start_m": 18406.394435662372, "cum_end_m": 18668.492547611426 }, "geometry": { "type": "LineString", "coordinates": [ [ 7.592288888888889, 52.000843333333336 ], [ 7.590370833333333, 51.998806111111115 ] ] } },
{ "type": "Feature", "properties": { "betriebstag": "2026-01-08", "frt_fid": "49087", "edge_idx": 0, "cum_start_m": 0.0, "cum_end_m": 252.38518567391679 }, "geometry": { "type": "LineString", "coordinates": [ [ 7.590370833333333, 51.998806111111115 ], [ 7.592259166666667, 52.000752777777777 ] ] } },
{ "type": "Feature", "properties": { "betriebstag": "2026-01-08", "frt_fid": "49087", "edge_idx": 1, "cum_start_m": 252.38518567391679, "cum_end_m": 465.78551979183834 }, "geometry": { "type": "LineString", "coordinates": [ [ 7.592259166666667, 52.000752777777777 ], [ 7.595288888888889, 52.000324444444445 ] ] } },
{ "type": "Feature", "properties": { "betriebstag": "2026-01-08", "frt_fid": "49087", "edge_idx": 2, "cum_start_m": 465.78551979183834, "cum_end_m": 817.77613550934825 }, "geometry": { "type": "LineString", "coordinates": [ [ 7.595288888888889, 52.000324444444445 ], [ 7.598407222222222, 51.997812777777781 ] ] } },
{ "type": "Feature", "properties": { "betriebstag": "2026-01-08", "frt_fid": "49087", "edge_idx": 3, "cum_start_m": 817.77613550934825, "cum_end_m": 1135.01387229907 }, "geometry": { "type": "LineString", "coordinates": [ [ 7.598407222222222, 51.997812777777781 ], [ 7.602791388888889, 51.99691277777778 ] ] } },
{ "type": "Feature", "properties": { "betriebstag": "2026-01-08", "frt_fid": "49087", "edge_idx": 4, "cum_start_m": 1135.01387229907, "cum_end_m": 1527.4445791228004 }, "geometry": { "type": "LineString", "coordinates": [ [ 7.602791388888889, 51.99691277777778 ], [ 7.608435, 51.99747 ] ] } },
{ "type": "Feature", "properties": { "betriebstag": "2026-01-08", "frt_fid": "49087", "edge_idx": 5, "cum_start_m": 1527.4445791228004, "cum_end_m": 1804.0313800604363 }, "geometry": { "type": "LineString", "coordinates": [ [ 7.608435, 51.99747 ], [ 7.612418333333333, 51.997840277777776 ] ] } },
{ "type": "Feature", "properties": { "betriebstag": "2026-01-08", "frt_fid": "49087", "edge_idx": 6, "cum_start_m": 1804.0313800604363, "cum_end_m": 2013.0376171625655 }, "geometry": { "type": "LineString", "coordinates": [ [ 7.612418333333333, 51.997840277777776 ], [ 7.612816944444444, 51.9959775 ] ] } },
{ "type": "Feature", "properties": { "betriebstag": "2026-01-08", "frt_fid": "49087", "edge_idx": 7, "cum_start_m": 2013.0376171625655, "cum_end_m": 2360.0194762676874 }, "geometry": { "type": "LineString", "coordinates": [ [ 7.612816944444444, 51.9959775 ], [ 7.611991944444444, 51.9929 ] ] } },
{ "type": "Feature", "properties": { "betriebstag": "2026-01-08", "frt_fid": "49087", "edge_idx": 8, "cum_start_m": 2360.0194762676874, "cum_end_m": 2830.7143886621107 }, "geometry": { "type": "LineString", "coordinates": [ [ 7.611991944444444, 51.9929 ], [ 7.611138611111111, 51.988701388888892 ] ] } },
{ "type": "Feature", "properties": { "betriebstag": "2026-01-08", "frt_fid": "49087", "edge_idx": 9, "cum_start_m": 2830.7143886621107, "cum_end_m": 3509.6057971658861 }, "geometry": { "type": "LineString", "coordinates": [ [ 7.611138611111111, 51.988701388888892 ], [ 7.611624722222222, 51.982605555555558 ] ] } },
{ "type": "Feature", "properties": { "betriebstag": "2026-01-08", "frt_fid": "49087", "edge_idx": 10, "cum_start_m": 3509.6057971658861, "cum_end_m": 3853.593604430167 }, "geometry": { "type": "LineString", "coordinates": [ [ 7.611624722222222, 51.982605555555558 ], [ 7.611845277777777, 51.97951611111111 ] ] } },
{ "type": "Feature", "properties": { "betriebstag": "2026-01-08", "frt_fid": "49087", "edge_idx": 11, "cum_start_m": 3853.593604430167, "cum_end_m": 4146.9336982512405 }, "geometry": { "type": "LineString", "coordinates": [ [ 7.611845277777777, 51.97951611111111 ], [ 7.612074166666666, 51.976882777777782 ] ] } },
{ "type": "Feature", "properties": { "betriebstag": "2026-01-08", "frt_fid": "49087", "edge_idx": 12, "cum_start_m": 4146.9336982512405, "cum_end_m": 4452.3266945865635 }, "geometry": { "type": "LineString", "coordinates": [ [ 7.612074166666666, 51.976882777777782 ], [ 7.613080833333333, 51.974208611111116 ] ] } },
{ "type": "Feature", "properties": { "betriebstag": "2026-01-08", "frt_fid": "49087", "edge_idx": 13, "cum_start_m": 4452.3266945865635, "cum_end_m": 4916.8518467481554 }, "geometry": { "type": "LineString", "coordinates": [ [ 7.613080833333333, 51.974208611111116 ], [ 7.619821666666667, 51.974538055555556 ] ] } },
{ "type": "Feature", "properties": { "betriebstag": "2026-01-08", "frt_fid": "49087", "edge_idx": 14, "cum_start_m": 4916.8518467481554, "cum_end_m": 5163.5275357607197 }, "geometry": { "type": "LineString", "coordinates": [ [ 7.619821666666667, 51.974538055555556 ], [ 7.6233275, 51.974058611111111 ] ] } },
{ "type": "Feature", "properties": { "betriebstag": "2026-01-08", "frt_fid": "49087", "edge_idx": 15, "cum_start_m": 5163.5275357607197, "cum_end_m": 5398.6287585085056 }, "geometry": { "type": "LineString", "coordinates": [ [ 7.6233275, 51.974058611111111 ], [ 7.622440833333334, 51.972017222222227 ] ] } },
{ "type": "Feature", "properties": { "betriebstag": "2026-01-08", "frt_fid": "49087", "edge_idx": 16, "cum_start_m": 5398.6287585085056, "cum_end_m": 5591.8315667054976 }, "geometry": { "type": "LineString", "coordinates": [ [ 7.622440833333334, 51.972017222222227 ], [ 7.622116111111112, 51.970291944444448 ] ] } },
{ "type": "Feature", "properties": { "betriebstag": "2026-01-08", "frt_fid": "49087", "edge_idx": 17, "cum_start_m": 5591.8315667054976, "cum_end_m": 5900.3984632161601 }, "geometry": { "type": "LineString", "coordinates": [ [ 7.622116111111112, 51.970291944444448 ], [ 7.623097777777779, 51.967585 ] ] } },
{ "type": "Feature", "properties": { "betriebstag": "2026-01-08", "frt_fid": "49087", "edge_idx": 18, "cum_start_m": 5900.3984632161601, "cum_end_m": 6273.2500209723021 }, "geometry": { "type": "LineString", "coordinates": [ [ 7.623097777777779, 51.967585 ], [ 7.626976111111111, 51.96524055555556 ] ] } },
{ "type": "Feature", "properties": { "betriebstag": "2026-01-08", "frt_fid": "49087", "edge_idx": 19, "cum_start_m": 6273.2500209723021, "cum_end_m": 6574.2691961920973 }, "geometry": { "type": "LineString", "coordinates": [ [ 7.626976111111111, 51.96524055555556 ], [ 7.630732222222223, 51.963847777777779 ] ] } },
{ "type": "Feature", "properties": { "betriebstag": "2026-01-08", "frt_fid": "49087", "edge_idx": 20, "cum_start_m": 6574.2691961920973, "cum_end_m": 7014.8486351403217 }, "geometry": { "type": "LineString", "coordinates": [ [ 7.630732222222223, 51.963847777777779 ], [ 7.635060833333333, 51.960925833333334 ] ] } },
{ "type": "Feature", "properties": { "betriebstag": "2026-01-08", "frt_fid": "49087", "edge_idx": 21, "cum_start_m": 7014.8486351403217, "cum_end_m": 7426.5254121041244 }, "geometry": { "type": "LineString", "coordinates": [ [ 7.635060833333333, 51.960925833333334 ], [ 7.634171666666666, 51.957265833333338 ] ] } },
{ "type": "Feature", "properties": { "betriebstag": "2026-01-08", "frt_fid": "49087", "edge_idx": 22, "cum_start_m": 7426.5254121041244, "cum_end_m": 7950.3431831831149 }, "geometry": { "type": "LineString", "coordinates": [ [ 7.634171666666666, 51.957265833333338 ], [ 7.626748055555556, 51.956198333333333 ] ] } },
{ "type": "Feature", "properties": { "betriebstag": "2026-01-08", "frt_fid": "49087", "edge_idx": 23, "cum_start_m": 7950.3431831831149, "cum_end_m": 8342.0366972905358 }, "geometry": { "type": "LineString", "coordinates": [ [ 7.626748055555556, 51.956198333333333 ], [ 7.621243611111112, 51.955285277777783 ] ] } },
{ "type": "Feature", "properties": { "betriebstag": "2026-01-08", "frt_fid": "49087", "edge_idx": 24, "cum_start_m": 8342.0366972905358, "cum_end_m": 8767.0286066528079 }, "geometry": { "type": "LineString", "coordinates": [ [ 7.621243611111112, 51.955285277777783 ], [ 7.618360555555556, 51.951905277777783 ] ] } },
{ "type": "Feature", "properties": { "betriebstag": "2026-01-08", "frt_fid": "49087", "edge_idx": 25, "cum_start_m": 8767.0286066528079, "cum_end_m": 9095.2637837406583 }, "geometry": { "type": "LineString", "coordinates": [ [ 7.618360555555556, 51.951905277777783 ], [ 7.616151388888889, 51.949289166666667 ] ] } },
{ "type": "Feature", "properties": { "betriebstag": "2026-01-08", "frt_fid": "49087", "edge_idx": 26, "cum_start_m": 9095.2637837406583, "cum_end_m": 9727.8555085226053 }, "geometry": { "type": "LineString", "coordinates": [ [ 7.616151388888889, 51.949289166666667 ], [ 7.612045833333333, 51.944199444444443 ] ] } },
{ "type": "Feature", "properties": { "betriebstag": "2026-01-08", "frt_fid": "49087", "edge_idx": 27, "cum_start_m": 9727.8555085226053, "cum_end_m": 10211.243590625469 }, "geometry": { "type": "LineString", "coordinates": [ [ 7.612045833333333, 51.944199444444443 ], [ 7.608778611111111, 51.940351388888885 ] ] } },
{ "type": "Feature", "properties": { "betriebstag": "2026-01-08", "frt_fid": "49087", "edge_idx": 28, "cum_start_m": 10211.243590625469, "cum_end_m": 10531.784382585989 }, "geometry": { "type": "LineString", "coordinates": [ [ 7.608778611111111, 51.940351388888885 ], [ 7.605851666666666, 51.938108333333332 ] ] } },
{ "type": "Feature", "properties": { "betriebstag": "2026-01-08", "frt_fid": "49087", "edge_idx": 29, "cum_start_m": 10531.784382585989, "cum_end_m": 10826.220830002298 }, "geometry": { "type": "LineString", "coordinates": [ [ 7.605851666666666, 51.938108333333332 ], [ 7.602868611111111, 51.936209166666664 ] ] } },
{ "type": "Feature", "properties": { "betriebstag": "2026-01-08", "frt_fid": "49087", "edge_idx": 30, "cum_start_m": 10826.220830002298, "cum_end_m": 11107.547957517067 }, "geometry": { "type": "LineString", "coordinates": [ [ 7.602868611111111, 51.936209166666664 ], [ 7.599746944444444, 51.934574166666664 ] ] } },
{ "type": "Feature", "properties": { "betriebstag": "2026-01-08", "frt_fid": "49087", "edge_idx": 31, "cum_start_m": 11107.547957517067, "cum_end_m": 11603.237017736159 }, "geometry": { "type": "LineString", "coordinates": [ [ 7.599746944444444, 51.934574166666664 ], [ 7.594443055555555, 51.931556111111107 ] ] } },
{ "type": "Feature", "properties": { "betriebstag": "2026-01-08", "frt_fid": "49087", "edge_idx": 32, "cum_start_m": 11603.237017736159, "cum_end_m": 11843.388957195351 }, "geometry": { "type": "LineString", "coordinates": [ [ 7.594443055555555, 51.931556111111107 ], [ 7.591849444444444, 51.930110277777779 ] ] } },
{ "type": "Feature", "properties": { "betriebstag": "2026-01-08", "frt_fid": "49087", "edge_idx": 33, "cum_start_m": 11843.388957195351, "cum_end_m": 12191.84927886982 }, "geometry": { "type": "LineString", "coordinates": [ [ 7.591849444444444, 51.930110277777779 ], [ 7.587873611111111, 51.928168055555552 ] ] } },
{ "type": "Feature", "properties": { "betriebstag": "2026-01-08", "frt_fid": "49087", "edge_idx": 34, "cum_start_m": 12191.84927886982, "cum_end_m": 12571.841950427828 }, "geometry": { "type": "LineString", "coordinates": [ [ 7.587873611111111, 51.928168055555552 ], [ 7.582982777777778, 51.926578333333332 ] ] } },
{ "type": "Feature", "properties": { "betriebstag": "2026-01-08", "frt_fid": "49087", "edge_idx": 35, "cum_start_m": 12571.841950427828, "cum_end_m": 12900.072642387888 }, "geometry": { "type": "LineString", "coordinates": [ [ 7.582982777777778, 51.926578333333332 ], [ 7.578722777777777, 51.925247777777777 ] ] } },
{ "type": "Feature", "properties": { "betriebstag": "2026-01-08", "frt_fid": "49087", "edge_idx": 36, "cum_start_m": 12900.072642387888, "cum_end_m": 13276.012459881504 }, "geometry": { "type": "LineString", "coordinates": [ [ 7.578722777777777, 51.925247777777777 ], [ 7.573266111111111, 51.925046388888887 ] ] } },
{ "type": "Feature", "properties": { "betriebstag": "2026-01-08", "frt_fid": "49087", "edge_idx": 37, "cum_start_m": 13276.012459881504, "cum_end_m": 14100.758832079808 }, "geometry": { "type": "LineString", "coordinates": [ [ 7.573266111111111, 51.925046388888887 ], [ 7.561284166666667, 51.925354166666665 ] ] } },
{ "type": "Feature", "properties": { "betriebstag": "2026-01-08", "frt_fid": "49087", "edge_idx": 38, "cum_start_m": 14100.758832079808, "cum_end_m": 14790.067665141069 }, "geometry": { "type": "LineString", "coordinates": [ [ 7.561284166666667, 51.925354166666665 ], [ 7.551272222222222, 51.925064166666665 ] ] } },
{ "type": "Feature", "properties": { "betriebstag": "2026-01-08", "frt_fid": "49087", "edge_idx": 39, "cum_start_m": 14790.067665141069, "cum_end_m": 15971.447205531978 }, "geometry": { "type": "LineString", "coordinates": [ [ 7.551272222222222, 51.925064166666665 ], [ 7.534105277777778, 51.924687777777777 ] ] } },
{ "type": "Feature", "properties": { "betriebstag": "2026-01-08", "frt_fid": "49087", "edge_idx": 40, "cum_start_m": 15971.447205531978, "cum_end_m": 16426.700717325602 }, "geometry": { "type": "LineString", "coordinates": [ [ 7.534105277777778, 51.924687777777777 ], [ 7.527485833333333, 51.924708611111107 ] ] } },
{ "type": "Feature", "properties": { "betriebstag": "2026-01-08", "frt_fid": "49087", "edge_idx": 41, "cum_start_m": 16426.700717325602, "cum_end_m": 16680.91432050231 }, "geometry": { "type": "LineString", "coordinates": [ [ 7.527485833333333, 51.924708611111107 ], [ 7.523809166666666, 51.924944166666663 ] ] } },
{ "type": "Feature", "properties": { "betriebstag": "2026-01-08", "frt_fid": "49087", "edge_idx": 42, "cum_start_m": 16680.91432050231, "cum_end_m": 17003.434758414649 }, "geometry": { "type": "LineString", "coordinates": [ [ 7.523809166666666, 51.924944166666663 ], [ 7.519123611111111, 51.925064166666665 ] ] } },
{ "type": "Feature", "properties": { "betriebstag": "2026-01-08", "frt_fid": "49087", "edge_idx": 43, "cum_start_m": 17003.434758414649, "cum_end_m": 17272.753674940966 }, "geometry": { "type": "LineString", "coordinates": [ [ 7.519123611111111, 51.925064166666665 ], [ 7.522211944444444, 51.923575555555551 ] ] } },
{ "type": "Feature", "properties": { "betriebstag": "2026-01-08", "frt_fid": "49087", "edge_idx": 44, "cum_start_m": 17272.753674940966, "cum_end_m": 17585.094865628053 }, "geometry": { "type": "LineString", "coordinates": [ [ 7.522211944444444, 51.923575555555551 ], [ 7.526630833333333, 51.922927777777772 ] ] } },
{ "type": "Feature", "properties": { "betriebstag": "2026-01-08", "frt_fid": "49087", "edge_idx": 45, "cum_start_m": 17585.094865628053, "cum_end_m": 17912.539339693223 }, "geometry": { "type": "LineString", "coordinates": [ [ 7.526630833333333, 51.922927777777772 ], [ 7.527240833333333, 51.920008333333328 ] ] } },
{ "type": "Feature", "properties": { "betriebstag": "2026-01-08", "frt_fid": "49087", "edge_idx": 46, "cum_start_m": 17912.539339693223, "cum_end_m": 18164.880429445235 }, "geometry": { "type": "LineString", "coordinates": [ [ 7.527240833333333, 51.920008333333328 ], [ 7.528196111111111, 51.91781805555555 ] ] } },
{ "type": "Feature", "properties": { "betriebstag": "2026-01-08", "frt_fid": "49087", "edge_idx": 47, "cum_start_m": 18164.880429445235, "cum_end_m": 18399.365935811704 }, "geometry": { "type": "LineString", "coordinates": [ [ 7.528196111111111, 51.91781805555555 ], [ 7.525296388888889, 51.916709722222222 ] ] } },
{ "type": "Feature", "properties": { "betriebstag": "2026-01-08", "frt_fid": "49087", "edge_idx": 48, "cum_start_m": 18399.365935811704, "cum_end_m": 18672.120609331803 }, "geometry": { "type": "LineString", "coordinates": [ [ 7.525296388888889, 51.916709722222222 ], [ 7.527406944444444, 51.914633888888886 ] ] } },
{ "type": "Feature", "properties": { "betriebstag": "2026-01-08", "frt_fid": "49089", "edge_idx": 0, "cum_start_m": 0.0, "cum_end_m": 252.81103068142528 }, "geometry": { "type": "LineString", "coordinates": [ [ 7.527406944444444, 51.914633888888886 ], [ 7.525148611111111, 51.916426944444446 ] ] } },
{ "type": "Feature", "properties": { "betriebstag": "2026-01-08", "frt_fid": "49089", "edge_idx": 1, "cum_start_m": 252.81103068142528, "cum_end_m": 512.9345907511447 }, "geometry": { "type": "LineString", "coordinates": [ [ 7.525148611111111, 51.916426944444446 ], [ 7.5283925, 51.917628888888885 ] ] } },
{ "type": "Feature", "properties": { "betriebstag": "2026-01-08", "frt_fid": "49089", "edge_idx": 2, "cum_start_m": 512.9345907511447, "cum_end_m": 853.93326983610382 }, "geometry": { "type": "LineString", "coordinates": [ [ 7.5283925, 51.917628888888885 ], [ 7.5272425, 51.920610833333328 ] ] } },
{ "type": "Feature", "properties": { "betriebstag": "2026-01-08", "frt_fid": "49089", "edge_idx": 3, "cum_start_m": 853.93326983610382, "cum_end_m": 1134.347999177452 }, "geometry": { "type": "LineString", "coordinates": [ [ 7.5272425, 51.920610833333328 ], [ 7.526746944444445, 51.923113055555554 ] ] } },
{ "type": "Feature", "properties": { "betriebstag": "2026-01-08", "frt_fid": "49089", "edge_idx": 4, "cum_start_m": 1134.347999177452, "cum_end_m": 1456.2495256673139 }, "geometry": { "type": "LineString", "coordinates": [ [ 7.526746944444445, 51.923113055555554 ], [ 7.522214166666666, 51.923834166666666 ] ] } },
{ "type": "Feature", "properties": { "betriebstag": "2026-01-08", "frt_fid": "49089", "edge_idx": 5, "cum_start_m": 1456.2495256673139, "cum_end_m": 1667.7506820018784 }, "geometry": { "type": "LineString", "coordinates": [ [ 7.522214166666666, 51.923834166666666 ], [ 7.519796388888889, 51.925009166666662 ] ] } },
{ "type": "Feature", "properties": { "betriebstag": "2026-01-08", "frt_fid": "49089", "edge_idx": 6, "cum_start_m": 1667.7506820018784, "cum_end_m": 1927.6472379841873 }, "geometry": { "type": "LineString", "coordinates": [ [ 7.519796388888889, 51.925009166666662 ], [ 7.523565, 51.924836111111105 ] ] } },
{ "type": "Feature", "properties": { "betriebstag": "2026-01-08", "frt_fid": "49089", "edge_idx": 7, "cum_start_m": 1927.6472379841873, "cum_end_m": 2231.3907711767947 }, "geometry": { "type": "LineString", "coordinates": [ [ 7.523565, 51.924836111111105 ], [ 7.527928611111111, 51.924414722222217 ] ] } },
{ "type": "Feature", "properties": { "betriebstag": "2026-01-08", "frt_fid": "49089", "edge_idx": 8, "cum_start_m": 2231.3907711767947, "cum_end_m": 2697.9655963077685 }, "geometry": { "type": "LineString", "coordinates": [ [ 7.527928611111111, 51.924414722222217 ], [ 7.534711111111111, 51.924506111111107 ] ] } },
{ "type": "Feature", "properties": { "betriebstag": "2026-01-08", "frt_fid": "49089", "edge_idx": 9, "cum_start_m": 2697.9655963077685, "cum_end_m": 3893.0446921821531 }, "geometry": { "type": "LineString", "coordinates": [ [ 7.534711111111111, 51.924506111111107 ], [ 7.552072777777777, 51.924955555555556 ] ] } },
{ "type": "Feature", "properties": { "betriebstag": "2026-01-08", "frt_fid": "49089", "edge_idx": 10, "cum_start_m": 3893.0446921821531, "cum_end_m": 4627.6557294966078 }, "geometry": { "type": "LineString", "coordinates": [ [ 7.552072777777777, 51.924955555555556 ], [ 7.562747222222222, 51.9251975 ] ] } },
{ "type": "Feature", "properties": { "betriebstag": "2026-01-08", "frt_fid": "49089", "edge_idx": 11, "cum_start_m": 4627.6557294966078, "cum_end_m": 5380.8593173343543 }, "geometry": { "type": "LineString", "coordinates": [ [ 7.562747222222222, 51.9251975 ], [ 7.573689166666666, 51.924907777777776 ] ] } },
{ "type": "Feature", "properties": { "betriebstag": "2026-01-08", "frt_fid": "49089", "edge_idx": 12, "cum_start_m": 5380.8593173343543, "cum_end_m": 5815.2495216643429 }, "geometry": { "type": "LineString", "coordinates": [ [ 7.573689166666666, 51.924907777777776 ], [ 7.579957777777778, 51.925386666666661 ] ] } },
{ "type": "Feature", "properties": { "betriebstag": "2026-01-08", "frt_fid": "49089", "edge_idx": 13, "cum_start_m": 5815.2495216643429, "cum_end_m": 6079.3752657665036 }, "geometry": { "type": "LineString", "coordinates": [ [ 7.579957777777778, 51.925386666666661 ], [ 7.583341666666667, 51.926509722222221 ] ] } },
{ "type": "Feature", "properties": { "betriebstag": "2026-01-08", "frt_fid": "49089", "edge_idx": 14, "cum_start_m": 6079.3752657665036, "cum_end_m": 6450.9601449603824 }, "geometry": { "type": "LineString", "coordinates": [ [ 7.583341666666667, 51.926509722222221 ], [ 7.588090277777778, 51.928103611111112 ] ] } },
{ "type": "Feature", "properties": { "betriebstag": "2026-01-08", "frt_fid": "49089", "edge_idx": 15, "cum_start_m": 6450.9601449603824, "cum_end_m": 6878.7736095791061 }, "geometry": { "type": "LineString", "coordinates": [ [ 7.588090277777778, 51.928103611111112 ], [ 7.592937222222222, 51.93051472222222 ] ] } },
{ "type": "Feature", "properties": { "betriebstag": "2026-01-08", "frt_fid": "49089", "edge_idx": 16, "cum_start_m": 6878.7736095791061, "cum_end_m": 7100.6558450639195 }, "geometry": { "type": "LineString", "coordinates": [ [ 7.592937222222222, 51.93051472222222 ], [ 7.595317222222222, 51.931861666666663 ] ] } },
{ "type": "Feature", "properties": { "betriebstag": "2026-01-08", "frt_fid": "49089", "edge_idx": 17, "cum_start_m": 7100.6558450639195, "cum_end_m": 7547.7746374858225 }, "geometry": { "type": "LineString", "coordinates": [ [ 7.595317222222222, 51.931861666666663 ], [ 7.600118888888889, 51.934572222222222 ] ] } },
{ "type": "Feature", "properties": { "betriebstag": "2026-01-08", "frt_fid": "49089", "edge_idx": 18, "cum_start_m": 7547.7746374858225, "cum_end_m": 7851.0986481443106 }, "geometry": { "type": "LineString", "coordinates": [ [ 7.600118888888889, 51.934572222222222 ], [ 7.603557777777778, 51.936280277777776 ] ] } },
{ "type": "Feature", "properties": { "betriebstag": "2026-01-08", "frt_fid": "49089", "edge_idx": 19, "cum_start_m": 7851.0986481443106, "cum_end_m": 8139.4908914998105 }, "geometry": { "type": "LineString", "coordinates": [ [ 7.603557777777778, 51.936280277777776 ], [ 7.606431944444444, 51.938168611111109 ] ] } },
{ "type": "Feature", "properties": { "betriebstag": "2026-01-08", "frt_fid": "49089", "edge_idx": 20, "cum_start_m": 8139.4908914998105, "cum_end_m": 8439.6655347032174 }, "geometry": { "type": "LineString", "coordinates": [ [ 7.606431944444444, 51.938168611111109 ], [ 7.609121388888888, 51.94029444444444 ] ] } },
{ "type": "Feature", "properties": { "betriebstag": "2026-01-08", "frt_fid": "49089", "edge_idx": 21, "cum_start_m": 8439.6655347032174, "cum_end_m": 8932.9279763290979 }, "geometry": { "type": "LineString", "coordinates": [ [ 7.609121388888888, 51.94029444444444 ], [ 7.612395555555556, 51.944240277777773 ] ] } },
{ "type": "Feature", "properties": { "betriebstag": "2026-01-08", "frt_fid": "49089", "edge_idx": 22, "cum_start_m": 8932.9279763290979, "cum_end_m": 9593.9734084663633 }, "geometry": { "type": "LineString", "coordinates": [ [ 7.612395555555556, 51.944240277777773 ], [ 7.616818611111111, 51.949517222222219 ] ] } },
{ "type": "Feature", "properties": { "betriebstag": "2026-01-08", "frt_fid": "49089", "edge_idx": 23, "cum_start_m": 9593.9734084663633, "cum_end_m": 9941.2500869354153 }, "geometry": { "type": "LineString", "coordinates": [ [ 7.616818611111111, 51.949517222222219 ], [ 7.619033333333334, 51.952323333333339 ] ] } },
{ "type": "Feature", "properties": { "betriebstag": "2026-01-08", "frt_fid": "49089", "edge_idx": 24, "cum_start_m": 9941.2500869354153, "cum_end_m": 10311.455762363797 }, "geometry": { "type": "LineString", "coordinates": [ [ 7.619033333333334, 51.952323333333339 ], [ 7.621679444444445, 51.955222222222226 ] ] } },
{ "type": "Feature", "properties": { "betriebstag": "2026-01-08", "frt_fid": "49089", "edge_idx": 25, "cum_start_m": 10311.455762363797, "cum_end_m": 10769.242518443578 }, "geometry": { "type": "LineString", "coordinates": [ [ 7.621679444444445, 51.955222222222226 ], [ 7.628273611111112, 51.955803888888894 ] ] } },
{ "type": "Feature", "properties": { "betriebstag": "2026-01-08", "frt_fid": "49089", "edge_idx": 26, "cum_start_m": 10769.242518443578, "cum_end_m": 11235.756337761621 }, "geometry": { "type": "LineString", "coordinates": [ [ 7.628273611111112, 51.955803888888894 ], [ 7.634583333333333, 51.957350555555557 ] ] } },
{ "type": "Feature", "properties": { "betriebstag": "2026-01-08", "frt_fid": "49089", "edge_idx": 27, "cum_start_m": 11235.756337761621, "cum_end_m": 11728.337723597298 }, "geometry": { "type": "LineString", "coordinates": [ [ 7.634583333333333, 51.957350555555557 ], [ 7.635514166666666, 51.961741388888889 ] ] } },
{ "type": "Feature", "properties": { "betriebstag": "2026-01-08", "frt_fid": "49089", "edge_idx": 28, "cum_start_m": 11728.337723597298, "cum_end_m": 12174.065073310801 }, "geometry": { "type": "LineString", "coordinates": [ [ 7.635514166666666, 51.961741388888889 ], [ 7.630303611111112, 51.964128055555555 ] ] } },
{ "type": "Feature", "properties": { "betriebstag": "2026-01-08", "frt_fid": "49089", "edge_idx": 29, "cum_start_m": 12174.065073310801, "cum_end_m": 12439.678286307873 }, "geometry": { "type": "LineString", "coordinates": [ [ 7.630303611111112, 51.964128055555555 ], [ 7.626990833333334, 51.965358611111114 ] ] } },
{ "type": "Feature", "properties": { "betriebstag": "2026-01-08", "frt_fid": "49089", "edge_idx": 30, "cum_start_m": 12439.678286307873, "cum_end_m": 12779.107562132333 }, "geometry": { "type": "LineString", "coordinates": [ [ 7.626990833333334, 51.965358611111114 ], [ 7.6232925, 51.967381666666668 ] ] } },
{ "type": "Feature", "properties": { "betriebstag": "2026-01-08", "frt_fid": "49089", "edge_idx": 31, "cum_start_m": 12779.107562132333, "cum_end_m": 13072.281679112135 }, "geometry": { "type": "LineString", "coordinates": [ [ 7.6232925, 51.967381666666668 ], [ 7.622248611111112, 51.969937222222221 ] ] } },
{ "type": "Feature", "properties": { "betriebstag": "2026-01-08", "frt_fid": "49089", "edge_idx": 32, "cum_start_m": 13072.281679112135, "cum_end_m": 13376.287885595981 }, "geometry": { "type": "LineString", "coordinates": [ [ 7.622248611111112, 51.969937222222221 ], [ 7.623106944444445, 51.972618333333337 ] ] } },
{ "type": "Feature", "properties": { "betriebstag": "2026-01-08", "frt_fid": "49089", "edge_idx": 33, "cum_start_m": 13376.287885595981, "cum_end_m": 13621.86530573016 }, "geometry": { "type": "LineString", "coordinates": [ [ 7.623106944444445, 51.972618333333337 ], [ 7.622308333333334, 51.974770277777779 ] ] } },
{ "type": "Feature", "properties": { "betriebstag": "2026-01-08", "frt_fid": "49089", "edge_idx": 34, "cum_start_m": 13621.86530573016, "cum_end_m": 13991.900775013413 }, "geometry": { "type": "LineString", "coordinates": [ [ 7.622308333333334, 51.974770277777779 ], [ 7.616933333333334, 51.97455305555556 ] ] } },
{ "type": "Feature", "properties": { "betriebstag": "2026-01-08", "frt_fid": "49089", "edge_idx": 35, "cum_start_m": 13991.900775013413, "cum_end_m": 14299.481537855607 }, "geometry": { "type": "LineString", "coordinates": [ [ 7.616933333333334, 51.97455305555556 ], [ 7.612489722222222, 51.974891944444444 ] ] } },
{ "type": "Feature", "properties": { "betriebstag": "2026-01-08", "frt_fid": "49089", "edge_idx": 36, "cum_start_m": 14299.481537855607, "cum_end_m": 14547.995251270841 }, "geometry": { "type": "LineString", "coordinates": [ [ 7.612489722222222, 51.974891944444444 ], [ 7.61234, 51.97712416666667 ] ] } },
{ "type": "Feature", "properties": { "betriebstag": "2026-01-08", "frt_fid": "49089", "edge_idx": 37, "cum_start_m": 14547.995251270841, "cum_end_m": 14812.721890984751 }, "geometry": { "type": "LineString", "coordinates": [ [ 7.61234, 51.97712416666667 ], [ 7.612148333333333, 51.979501111111112 ] ] } },
{ "type": "Feature", "properties": { "betriebstag": "2026-01-08", "frt_fid": "49089", "edge_idx": 38, "cum_start_m": 14812.721890984751, "cum_end_m": 15175.019392042703 }, "geometry": { "type": "LineString", "coordinates": [ [ 7.612148333333333, 51.979501111111112 ], [ 7.611887222222222, 51.982754166666666 ] ] } },
{ "type": "Feature", "properties": { "betriebstag": "2026-01-08", "frt_fid": "49089", "edge_idx": 39, "cum_start_m": 15175.019392042703, "cum_end_m": 15746.086391357845 }, "geometry": { "type": "LineString", "coordinates": [ [ 7.611887222222222, 51.982754166666666 ], [ 7.611500833333333, 51.9878825 ] ] } },
{ "type": "Feature", "properties": { "betriebstag": "2026-01-08", "frt_fid": "49089", "edge_idx": 40, "cum_start_m": 15746.086391357845, "cum_end_m": 16424.249853010529 }, "geometry": { "type": "LineString", "coordinates": [ [ 7.611500833333333, 51.9878825 ], [ 7.612586388888889, 51.993942222222223 ] ] } },
{ "type": "Feature", "properties": { "betriebstag": "2026-01-08", "frt_fid": "49089", "edge_idx": 41, "cum_start_m": 16424.249853010529, "cum_end_m": 16612.39069739858 }, "geometry": { "type": "LineString", "coordinates": [ [ 7.612586388888889, 51.993942222222223 ], [ 7.612988611111111, 51.99561527777778 ] ] } },
{ "type": "Feature", "properties": { "betriebstag": "2026-01-08", "frt_fid": "49089", "edge_idx": 42, "cum_start_m": 16612.39069739858, "cum_end_m": 16879.757597902117 }, "geometry": { "type": "LineString", "coordinates": [ [ 7.612988611111111, 51.99561527777778 ], [ 7.612205, 51.997969722222223 ] ] } },
{ "type": "Feature", "properties": { "betriebstag": "2026-01-08", "frt_fid": "49089", "edge_idx": 43, "cum_start_m": 16879.757597902117, "cum_end_m": 17152.389695180093 }, "geometry": { "type": "LineString", "coordinates": [ [ 7.612205, 51.997969722222223 ], [ 7.6082875, 51.99757 ] ] } },
{ "type": "Feature", "properties": { "betriebstag": "2026-01-08", "frt_fid": "49089", "edge_idx": 44, "cum_start_m": 17152.389695180093, "cum_end_m": 17436.186918475396 }, "geometry": { "type": "LineString", "coordinates": [ [ 7.6082875, 51.99757 ], [ 7.604203611111111, 51.997176944444448 ] ] } },
{ "type": "Feature", "properties": { "betriebstag": "2026-01-08", "frt_fid": "49089", "edge_idx": 45, "cum_start_m": 17436.186918475396, "cum_end_m": 17842.140415629561 }, "geometry": { "type": "LineString", "coordinates": [ [ 7.604203611111111, 51.997176944444448 ], [ 7.598429166666667, 51.997960555555558 ] ] } },
{ "type": "Feature", "properties": { "betriebstag": "2026-01-08", "frt_fid": "49089", "edge_idx": 46, "cum_start_m": 17842.140415629561, "cum_end_m": 18196.691592968011 }, "geometry": { "type": "LineString", "coordinates": [ [ 7.598429166666667, 51.997960555555558 ], [ 7.595289444444444, 52.00049111111111 ] ] } },
{ "type": "Feature", "properties": { "betriebstag": "2026-01-08", "frt_fid": "49089", "edge_idx": 47, "cum_start_m": 18196.691592968011, "cum_end_m": 18406.394435662372 }, "geometry": { "type": "LineString", "coordinates": [ [ 7.595289444444444, 52.00049111111111 ], [ 7.592288888888889, 52.000843333333336 ] ] } },
{ "type": "Feature", "properties": { "betriebstag": "2026-01-08", "frt_fid": "49089", "edge_idx": 48, "cum_start_m": 18406.394435662372, "cum_end_m": 18668.492547611426 }, "geometry": { "type": "LineString", "coordinates": [ [ 7.592288888888889, 52.000843333333336 ], [ 7.590370833333333, 51.998806111111115 ] ] } },
{ "type": "Feature", "properties": { "betriebstag": "2026-01-08", "frt_fid": "49091", "edge_idx": 0, "cum_start_m": 0.0, "cum_end_m": 252.38518567391679 }, "geometry": { "type": "LineString", "coordinates": [ [ 7.590370833333333, 51.998806111111115 ], [ 7.592259166666667, 52.000752777777777 ] ] } },
{ "type": "Feature", "properties": { "betriebstag": "2026-01-08", "frt_fid": "49091", "edge_idx": 1, "cum_start_m": 252.38518567391679, "cum_end_m": 465.78551979183834 }, "geometry": { "type": "LineString", "coordinates": [ [ 7.592259166666667, 52.000752777777777 ], [ 7.595288888888889, 52.000324444444445 ] ] } },
{ "type": "Feature", "properties": { "betriebstag": "2026-01-08", "frt_fid": "49091", "edge_idx": 2, "cum_start_m": 465.78551979183834, "cum_end_m": 817.77613550934825 }, "geometry": { "type": "LineString", "coordinates": [ [ 7.595288888888889, 52.000324444444445 ], [ 7.598407222222222, 51.997812777777781 ] ] } },
{ "type": "Feature", "properties": { "betriebstag": "2026-01-08", "frt_fid": "49091", "edge_idx": 3, "cum_start_m": 817.77613550934825, "cum_end_m": 1135.01387229907 }, "geometry": { "type": "LineString", "coordinates": [ [ 7.598407222222222, 51.997812777777781 ], [ 7.602791388888889, 51.99691277777778 ] ] } },
{ "type": "Feature", "properties": { "betriebstag": "2026-01-08", "frt_fid": "49091", "edge_idx": 4, "cum_start_m": 1135.01387229907, "cum_end_m": 1527.4445791228004 }, "geometry": { "type": "LineString", "coordinates": [ [ 7.602791388888889, 51.99691277777778 ], [ 7.608435, 51.99747 ] ] } },
{ "type": "Feature", "properties": { "betriebstag": "2026-01-08", "frt_fid": "49091", "edge_idx": 5, "cum_start_m": 1527.4445791228004, "cum_end_m": 1804.0313800604363 }, "geometry": { "type": "LineString", "coordinates": [ [ 7.608435, 51.99747 ], [ 7.612418333333333, 51.997840277777776 ] ] } },
{ "type": "Feature", "properties": { "betriebstag": "2026-01-08", "frt_fid": "49091", "edge_idx": 6, "cum_start_m": 1804.0313800604363, "cum_end_m": 2013.0376171625655 }, "geometry": { "type": "LineString", "coordinates": [ [ 7.612418333333333, 51.997840277777776 ], [ 7.612816944444444, 51.9959775 ] ] } },
{ "type": "Feature", "properties": { "betriebstag": "2026-01-08", "frt_fid": "49091", "edge_idx": 7, "cum_start_m": 2013.0376171625655, "cum_end_m": 2360.0194762676874 }, "geometry": { "type": "LineString", "coordinates": [ [ 7.612816944444444, 51.9959775 ], [ 7.611991944444444, 51.9929 ] ] } },
{ "type": "Feature", "properties": { "betriebstag": "2026-01-08", "frt_fid": "49091", "edge_idx": 8, "cum_start_m": 2360.0194762676874, "cum_end_m": 2830.7143886621107 }, "geometry": { "type": "LineString", "coordinates": [ [ 7.611991944444444, 51.9929 ], [ 7.611138611111111, 51.988701388888892 ] ] } },
{ "type": "Feature", "properties": { "betriebstag": "2026-01-08", "frt_fid": "49091", "edge_idx": 9, "cum_start_m": 2830.7143886621107, "cum_end_m": 3509.6057971658861 }, "geometry": { "type": "LineString", "coordinates": [ [ 7.611138611111111, 51.988701388888892 ], [ 7.611624722222222, 51.982605555555558 ] ] } },
{ "type": "Feature", "properties": { "betriebstag": "2026-01-08", "frt_fid": "49091", "edge_idx": 10, "cum_start_m": 3509.6057971658861, "cum_end_m": 3853.593604430167 }, "geometry": { "type": "LineString", "coordinates": [ [ 7.611624722222222, 51.982605555555558 ], [ 7.611845277777777, 51.97951611111111 ] ] } },
{ "type": "Feature", "properties": { "betriebstag": "2026-01-08", "frt_fid": "49091", "edge_idx": 11, "cum_start_m": 3853.593604430167, "cum_end_m": 4146.9336982512405 }, "geometry": { "type": "LineString", "coordinates": [ [ 7.611845277777777, 51.97951611111111 ], [ 7.612074166666666, 51.976882777777782 ] ] } },
{ "type": "Feature", "properties": { "betriebstag": "2026-01-08", "frt_fid": "49091", "edge_idx": 12, "cum_start_m": 4146.9336982512405, "cum_end_m": 4452.3266945865635 }, "geometry": { "type": "LineString", "coordinates": [ [ 7.612074166666666, 51.976882777777782 ], [ 7.613080833333333, 51.974208611111116 ] ] } },
{ "type": "Feature", "properties": { "betriebstag": "2026-01-08", "frt_fid": "49091", "edge_idx": 13, "cum_start_m": 4452.3266945865635, "cum_end_m": 4916.8518467481554 }, "geometry": { "type": "LineString", "coordinates": [ [ 7.613080833333333, 51.974208611111116 ], [ 7.619821666666667, 51.974538055555556 ] ] } },
{ "type": "Feature", "properties": { "betriebstag": "2026-01-08", "frt_fid": "49091", "edge_idx": 14, "cum_start_m": 4916.8518467481554, "cum_end_m": 5163.5275357607197 }, "geometry": { "type": "LineString", "coordinates": [ [ 7.619821666666667, 51.974538055555556 ], [ 7.6233275, 51.974058611111111 ] ] } },
{ "type": "Feature", "properties": { "betriebstag": "2026-01-08", "frt_fid": "49091", "edge_idx": 15, "cum_start_m": 5163.5275357607197, "cum_end_m": 5398.6287585085056 }, "geometry": { "type": "LineString", "coordinates": [ [ 7.6233275, 51.974058611111111 ], [ 7.622440833333334, 51.972017222222227 ] ] } },
{ "type": "Feature", "properties": { "betriebstag": "2026-01-08", "frt_fid": "49091", "edge_idx": 16, "cum_start_m": 5398.6287585085056, "cum_end_m": 5591.8315667054976 }, "geometry": { "type": "LineString", "coordinates": [ [ 7.622440833333334, 51.972017222222227 ], [ 7.622116111111112, 51.970291944444448 ] ] } },
{ "type": "Feature", "properties": { "betriebstag": "2026-01-08", "frt_fid": "49091", "edge_idx": 17, "cum_start_m": 5591.8315667054976, "cum_end_m": 5900.3984632161601 }, "geometry": { "type": "LineString", "coordinates": [ [ 7.622116111111112, 51.970291944444448 ], [ 7.623097777777779, 51.967585 ] ] } },
{ "type": "Feature", "properties": { "betriebstag": "2026-01-08", "frt_fid": "49091", "edge_idx": 18, "cum_start_m": 5900.3984632161601, "cum_end_m": 6273.2500209723021 }, "geometry": { "type": "LineString", "coordinates": [ [ 7.623097777777779, 51.967585 ], [ 7.626976111111111, 51.96524055555556 ] ] } },
{ "type": "Feature", "properties": { "betriebstag": "2026-01-08", "frt_fid": "49091", "edge_idx": 19, "cum_start_m": 6273.2500209723021, "cum_end_m": 6574.2691961920973 }, "geometry": { "type": "LineString", "coordinates": [ [ 7.626976111111111, 51.96524055555556 ], [ 7.630732222222223, 51.963847777777779 ] ] } },
{ "type": "Feature", "properties": { "betriebstag": "2026-01-08", "frt_fid": "49091", "edge_idx": 20, "cum_start_m": 6574.2691961920973, "cum_end_m": 7014.8486351403217 }, "geometry": { "type": "LineString", "coordinates": [ [ 7.630732222222223, 51.963847777777779 ], [ 7.635060833333333, 51.960925833333334 ] ] } },
{ "type": "Feature", "properties": { "betriebstag": "2026-01-08", "frt_fid": "49091", "edge_idx": 21, "cum_start_m": 7014.8486351403217, "cum_end_m": 7426.5254121041244 }, "geometry": { "type": "LineString", "coordinates": [ [ 7.635060833333333, 51.960925833333334 ], [ 7.634171666666666, 51.957265833333338 ] ] } },
{ "type": "Feature", "properties": { "betriebstag": "2026-01-08", "frt_fid": "49091", "edge_idx": 22, "cum_start_m": 7426.5254121041244, "cum_end_m": 7950.3431831831149 }, "geometry": { "type": "LineString", "coordinates": [ [ 7.634171666666666, 51.957265833333338 ], [ 7.626748055555556, 51.956198333333333 ] ] } },
{ "type": "Feature", "properties": { "betriebstag": "2026-01-08", "frt_fid": "49091", "edge_idx": 23, "cum_start_m": 7950.3431831831149, "cum_end_m": 8342.0366972905358 }, "geometry": { "type": "LineString", "coordinates": [ [ 7.626748055555556, 51.956198333333333 ], [ 7.621243611111112, 51.955285277777783 ] ] } },
{ "type": "Feature", "properties": { "betriebstag": "2026-01-08", "frt_fid": "49091", "edge_idx": 24, "cum_start_m": 8342.0366972905358, "cum_end_m": 8767.0286066528079 }, "geometry": { "type": "LineString", "coordinates": [ [ 7.621243611111112, 51.955285277777783 ], [ 7.618360555555556, 51.951905277777783 ] ] } },
{ "type": "Feature", "properties": { "betriebstag": "2026-01-08", "frt_fid": "49091", "edge_idx": 25, "cum_start_m": 8767.0286066528079, "cum_end_m": 9095.2637837406583 }, "geometry": { "type": "LineString", "coordinates": [ [ 7.618360555555556, 51.951905277777783 ], [ 7.616151388888889, 51.949289166666667 ] ] } },
{ "type": "Feature", "properties": { "betriebstag": "2026-01-08", "frt_fid": "49091", "edge_idx": 26, "cum_start_m": 9095.2637837406583, "cum_end_m": 9727.8555085226053 }, "geometry": { "type": "LineString", "coordinates": [ [ 7.616151388888889, 51.949289166666667 ], [ 7.612045833333333, 51.944199444444443 ] ] } },
{ "type": "Feature", "properties": { "betriebstag": "2026-01-08", "frt_fid": "49091", "edge_idx": 27, "cum_start_m": 9727.8555085226053, "cum_end_m": 10211.243590625469 }, "geometry": { "type": "LineString", "coordinates": [ [ 7.612045833333333, 51.944199444444443 ], [ 7.608778611111111, 51.940351388888885 ] ] } },
{ "type": "Feature", "properties": { "betriebstag": "2026-01-08", "frt_fid": "49091", "edge_idx": 28, "cum_start_m": 10211.243590625469, "cum_end_m": 10531.784382585989 }, "geometry": { "type": "LineString", "coordinates": [ [ 7.608778611111111, 51.940351388888885 ], [ 7.605851666666666, 51.938108333333332 ] ] } },
{ "type": "Feature", "properties": { "betriebstag": "2026-01-08", "frt_fid": "49091", "edge_idx": 29, "cum_start_m": 10531.784382585989, "cum_end_m": 10826.220830002298 }, "geometry": { "type": "LineString", "coordinates": [ [ 7.605851666666666, 51.938108333333332 ], [ 7.602868611111111, 51.936209166666664 ] ] } },
{ "type": "Feature", "properties": { "betriebstag": "2026-01-08", "frt_fid": "49091", "edge_idx": 30, "cum_start_m": 10826.220830002298, "cum_end_m": 11107.547957517067 }, "geometry": { "type": "LineString", "coordinates": [ [ 7.602868611111111, 51.936209166666664 ], [ 7.599746944444444, 51.934574166666664 ] ] } },
{ "type": "Feature", "properties": { "betriebstag": "2026-01-08", "frt_fid": "49091", "edge_idx": 31, "cum_start_m": 11107.547957517067, "cum_end_m": 11603.237017736159 }, "geometry": { "type": "LineString", "coordinates": [ [ 7.599746944444444, 51.934574166666664 ], [ 7.594443055555555, 51.931556111111107 ] ] } },
{ "type": "Feature", "properties": { "betriebstag": "2026-01-08", "frt_fid": "49091", "edge_idx": 32, "cum_start_m": 11603.237017736159, "cum_end_m": 11843.388957195351 }, "geometry": { "type": "LineString", "coordinates": [ [ 7.594443055555555, 51.931556111111107 ], [ 7.591849444444444, 51.930110277777779 ] ] } },
{ "type": "Feature", "properties": { "betriebstag": "2026-01-08", "frt_fid": "49091", "edge_idx": 33, "cum_start_m": 11843.388957195351, "cum_end_m": 12191.84927886982 }, "geometry": { "type": "LineString", "coordinates": [ [ 7.591849444444444, 51.930110277777779 ], [ 7.587873611111111, 51.928168055555552 ] ] } },
{ "type": "Feature", "properties": { "betriebstag": "2026-01-08", "frt_fid": "49091", "edge_idx": 34, "cum_start_m": 12191.84927886982, "cum_end_m": 12571.841950427828 }, "geometry": { "type": "LineString", "coordinates": [ [ 7.587873611111111, 51.928168055555552 ], [ 7.582982777777778, 51.926578333333332 ] ] } },
{ "type": "Feature", "properties": { "betriebstag": "2026-01-08", "frt_fid": "49091", "edge_idx": 35, "cum_start_m": 12571.841950427828, "cum_end_m": 12900.072642387888 }, "geometry": { "type": "LineString", "coordinates": [ [ 7.582982777777778, 51.926578333333332 ], [ 7.578722777777777, 51.925247777777777 ] ] } },
{ "type": "Feature", "properties": { "betriebstag": "2026-01-08", "frt_fid": "49091", "edge_idx": 36, "cum_start_m": 12900.072642387888, "cum_end_m": 13276.012459881504 }, "geometry": { "type": "LineString", "coordinates": [ [ 7.578722777777777, 51.925247777777777 ], [ 7.573266111111111, 51.925046388888887 ] ] } },
{ "type": "Feature", "properties": { "betriebstag": "2026-01-08", "frt_fid": "49091", "edge_idx": 37, "cum_start_m": 13276.012459881504, "cum_end_m": 14100.758832079808 }, "geometry": { "type": "LineString", "coordinates": [ [ 7.573266111111111, 51.925046388888887 ], [ 7.561284166666667, 51.925354166666665 ] ] } },
{ "type": "Feature", "properties": { "betriebstag": "2026-01-08", "frt_fid": "49091", "edge_idx": 38, "cum_start_m": 14100.758832079808, "cum_end_m": 14790.067665141069 }, "geometry": { "type": "LineString", "coordinates": [ [ 7.561284166666667, 51.925354166666665 ], [ 7.551272222222222, 51.925064166666665 ] ] } },
{ "type": "Feature", "properties": { "betriebstag": "2026-01-08", "frt_fid": "49091", "edge_idx": 39, "cum_start_m": 14790.067665141069, "cum_end_m": 15971.447205531978 }, "geometry": { "type": "LineString", "coordinates": [ [ 7.551272222222222, 51.925064166666665 ], [ 7.534105277777778, 51.924687777777777 ] ] } },
{ "type": "Feature", "properties": { "betriebstag": "2026-01-08", "frt_fid": "49091", "edge_idx": 40, "cum_start_m": 15971.447205531978, "cum_end_m": 16426.700717325602 }, "geometry": { "type": "LineString", "coordinates": [ [ 7.534105277777778, 51.924687777777777 ], [ 7.527485833333333, 51.924708611111107 ] ] } },
{ "type": "Feature", "properties": { "betriebstag": "2026-01-08", "frt_fid": "49091", "edge_idx": 41, "cum_start_m": 16426.700717325602, "cum_end_m": 16680.91432050231 }, "geometry": { "type": "LineString", "coordinates": [ [ 7.527485833333333, 51.924708611111107 ], [ 7.523809166666666, 51.924944166666663 ] ] } },
{ "type": "Feature", "properties": { "betriebstag": "2026-01-08", "frt_fid": "49091", "edge_idx": 42, "cum_start_m": 16680.91432050231, "cum_end_m": 17003.434758414649 }, "geometry": { "type": "LineString", "coordinates": [ [ 7.523809166666666, 51.924944166666663 ], [ 7.519123611111111, 51.925064166666665 ] ] } },
{ "type": "Feature", "properties": { "betriebstag": "2026-01-08", "frt_fid": "49091", "edge_idx": 43, "cum_start_m": 17003.434758414649, "cum_end_m": 17272.753674940966 }, "geometry": { "type": "LineString", "coordinates": [ [ 7.519123611111111, 51.925064166666665 ], [ 7.522211944444444, 51.923575555555551 ] ] } },
{ "type": "Feature", "properties": { "betriebstag": "2026-01-08", "frt_fid": "49091", "edge_idx": 44, "cum_start_m": 17272.753674940966, "cum_end_m": 17585.094865628053 }, "geometry": { "type": "LineString", "coordinates": [ [ 7.522211944444444, 51.923575555555551 ], [ 7.526630833333333, 51.922927777777772 ] ] } },
{ "type": "Feature", "properties": { "betriebstag": "2026-01-08", "frt_fid": "49091", "edge_idx": 45, "cum_start_m": 17585.094865628053, "cum_end_m": 17912.539339693223 }, "geometry": { "type": "LineString", "coordinates": [ [ 7.526630833333333, 51.922927777777772 ], [ 7.527240833333333, 51.920008333333328 ] ] } },
{ "type": "Feature", "properties": { "betriebstag": "2026-01-08", "frt_fid": "49091", "edge_idx": 46, "cum_start_m": 17912.539339693223, "cum_end_m": 18164.880429445235 }, "geometry": { "type": "LineString", "coordinates": [ [ 7.527240833333333, 51.920008333333328 ], [ 7.528196111111111, 51.91781805555555 ] ] } },
{ "type": "Feature", "properties": { "betriebstag": "2026-01-08", "frt_fid": "49091", "edge_idx": 47, "cum_start_m": 18164.880429445235, "cum_end_m": 18399.365935811704 }, "geometry": { "type": "LineString", "coordinates": [ [ 7.528196111111111, 51.91781805555555 ], [ 7.525296388888889, 51.916709722222222 ] ] } },
{ "type": "Feature", "properties": { "betriebstag": "2026-01-08", "frt_fid": "49091", "edge_idx": 48, "cum_start_m": 18399.365935811704, "cum_end_m": 18672.120609331803 }, "geometry": { "type": "LineString", "coordinates": [ [ 7.525296388888889, 51.916709722222222 ], [ 7.527406944444444, 51.914633888888886 ] ] } },
{ "type": "Feature", "properties": { "betriebstag": "2026-01-08", "frt_fid": "49092", "edge_idx": 0, "cum_start_m": 0.0, "cum_end_m": 252.81103068142528 }, "geometry": { "type": "LineString", "coordinates": [ [ 7.527406944444444, 51.914633888888886 ], [ 7.525148611111111, 51.916426944444446 ] ] } },
{ "type": "Feature", "properties": { "betriebstag": "2026-01-08", "frt_fid": "49092", "edge_idx": 1, "cum_start_m": 252.81103068142528, "cum_end_m": 512.9345907511447 }, "geometry": { "type": "LineString", "coordinates": [ [ 7.525148611111111, 51.916426944444446 ], [ 7.5283925, 51.917628888888885 ] ] } },
{ "type": "Feature", "properties": { "betriebstag": "2026-01-08", "frt_fid": "49092", "edge_idx": 2, "cum_start_m": 512.9345907511447, "cum_end_m": 853.93326983610382 }, "geometry": { "type": "LineString", "coordinates": [ [ 7.5283925, 51.917628888888885 ], [ 7.5272425, 51.920610833333328 ] ] } },
{ "type": "Feature", "properties": { "betriebstag": "2026-01-08", "frt_fid": "49092", "edge_idx": 3, "cum_start_m": 853.93326983610382, "cum_end_m": 1134.347999177452 }, "geometry": { "type": "LineString", "coordinates": [ [ 7.5272425, 51.920610833333328 ], [ 7.526746944444445, 51.923113055555554 ] ] } },
{ "type": "Feature", "properties": { "betriebstag": "2026-01-08", "frt_fid": "49092", "edge_idx": 4, "cum_start_m": 1134.347999177452, "cum_end_m": 1456.2495256673139 }, "geometry": { "type": "LineString", "coordinates": [ [ 7.526746944444445, 51.923113055555554 ], [ 7.522214166666666, 51.923834166666666 ] ] } },
{ "type": "Feature", "properties": { "betriebstag": "2026-01-08", "frt_fid": "49092", "edge_idx": 5, "cum_start_m": 1456.2495256673139, "cum_end_m": 1667.7506820018784 }, "geometry": { "type": "LineString", "coordinates": [ [ 7.522214166666666, 51.923834166666666 ], [ 7.519796388888889, 51.925009166666662 ] ] } },
{ "type": "Feature", "properties": { "betriebstag": "2026-01-08", "frt_fid": "49092", "edge_idx": 6, "cum_start_m": 1667.7506820018784, "cum_end_m": 1927.6472379841873 }, "geometry": { "type": "LineString", "coordinates": [ [ 7.519796388888889, 51.925009166666662 ], [ 7.523565, 51.924836111111105 ] ] } },
{ "type": "Feature", "properties": { "betriebstag": "2026-01-08", "frt_fid": "49092", "edge_idx": 7, "cum_start_m": 1927.6472379841873, "cum_end_m": 2231.3907711767947 }, "geometry": { "type": "LineString", "coordinates": [ [ 7.523565, 51.924836111111105 ], [ 7.527928611111111, 51.924414722222217 ] ] } },
{ "type": "Feature", "properties": { "betriebstag": "2026-01-08", "frt_fid": "49092", "edge_idx": 8, "cum_start_m": 2231.3907711767947, "cum_end_m": 2697.9655963077685 }, "geometry": { "type": "LineString", "coordinates": [ [ 7.527928611111111, 51.924414722222217 ], [ 7.534711111111111, 51.924506111111107 ] ] } },
{ "type": "Feature", "properties": { "betriebstag": "2026-01-08", "frt_fid": "49092", "edge_idx": 9, "cum_start_m": 2697.9655963077685, "cum_end_m": 3893.0446921821531 }, "geometry": { "type": "LineString", "coordinates": [ [ 7.534711111111111, 51.924506111111107 ], [ 7.552072777777777, 51.924955555555556 ] ] } },
{ "type": "Feature", "properties": { "betriebstag": "2026-01-08", "frt_fid": "49092", "edge_idx": 10, "cum_start_m": 3893.0446921821531, "cum_end_m": 4627.6557294966078 }, "geometry": { "type": "LineString", "coordinates": [ [ 7.552072777777777, 51.924955555555556 ], [ 7.562747222222222, 51.9251975 ] ] } },
{ "type": "Feature", "properties": { "betriebstag": "2026-01-08", "frt_fid": "49092", "edge_idx": 11, "cum_start_m": 4627.6557294966078, "cum_end_m": 5380.8593173343543 }, "geometry": { "type": "LineString", "coordinates": [ [ 7.562747222222222, 51.9251975 ], [ 7.573689166666666, 51.924907777777776 ] ] } },
{ "type": "Feature", "properties": { "betriebstag": "2026-01-08", "frt_fid": "49092", "edge_idx": 12, "cum_start_m": 5380.8593173343543, "cum_end_m": 5815.2495216643429 }, "geometry": { "type": "LineString", "coordinates": [ [ 7.573689166666666, 51.924907777777776 ], [ 7.579957777777778, 51.925386666666661 ] ] } },
{ "type": "Feature", "properties": { "betriebstag": "2026-01-08", "frt_fid": "49092", "edge_idx": 13, "cum_start_m": 5815.2495216643429, "cum_end_m": 6079.3752657665036 }, "geometry": { "type": "LineString", "coordinates": [ [ 7.579957777777778, 51.925386666666661 ], [ 7.583341666666667, 51.926509722222221 ] ] } },
{ "type": "Feature", "properties": { "betriebstag": "2026-01-08", "frt_fid": "49092", "edge_idx": 14, "cum_start_m": 6079.3752657665036, "cum_end_m": 6450.9601449603824 }, "geometry": { "type": "LineString", "coordinates": [ [ 7.583341666666667, 51.926509722222221 ], [ 7.588090277777778, 51.928103611111112 ] ] } },
{ "type": "Feature", "properties": { "betriebstag": "2026-01-08", "frt_fid": "49092", "edge_idx": 15, "cum_start_m": 6450.9601449603824, "cum_end_m": 6878.7736095791061 }, "geometry": { "type": "LineString", "coordinates": [ [ 7.588090277777778, 51.928103611111112 ], [ 7.592937222222222, 51.93051472222222 ] ] } },
{ "type": "Feature", "properties": { "betriebstag": "2026-01-08", "frt_fid": "49092", "edge_idx": 16, "cum_start_m": 6878.7736095791061, "cum_end_m": 7100.6558450639195 }, "geometry": { "type": "LineString", "coordinates": [ [ 7.592937222222222, 51.93051472222222 ], [ 7.595317222222222, 51.931861666666663 ] ] } },
{ "type": "Feature", "properties": { "betriebstag": "2026-01-08", "frt_fid": "49092", "edge_idx": 17, "cum_start_m": 7100.6558450639195, "cum_end_m": 7547.7746374858225 }, "geometry": { "type": "LineString", "coordinates": [ [ 7.595317222222222, 51.931861666666663 ], [ 7.600118888888889, 51.934572222222222 ] ] } },
{ "type": "Feature", "properties": { "betriebstag": "2026-01-08", "frt_fid": "49092", "edge_idx": 18, "cum_start_m": 7547.7746374858225, "cum_end_m": 7851.0986481443106 }, "geometry": { "type": "LineString", "coordinates": [ [ 7.600118888888889, 51.934572222222222 ], [ 7.603557777777778, 51.936280277777776 ] ] } },
{ "type": "Feature", "properties": { "betriebstag": "2026-01-08", "frt_fid": "49092", "edge_idx": 19, "cum_start_m": 7851.0986481443106, "cum_end_m": 8139.4908914998105 }, "geometry": { "type": "LineString", "coordinates": [ [ 7.603557777777778, 51.936280277777776 ], [ 7.606431944444444, 51.938168611111109 ] ] } },
{ "type": "Feature", "properties": { "betriebstag": "2026-01-08", "frt_fid": "49092", "edge_idx": 20, "cum_start_m": 8139.4908914998105, "cum_end_m": 8439.6655347032174 }, "geometry": { "type": "LineString", "coordinates": [ [ 7.606431944444444, 51.938168611111109 ], [ 7.609121388888888, 51.94029444444444 ] ] } },
{ "type": "Feature", "properties": { "betriebstag": "2026-01-08", "frt_fid": "49092", "edge_idx": 21, "cum_start_m": 8439.6655347032174, "cum_end_m": 8932.9279763290979 }, "geometry": { "type": "LineString", "coordinates": [ [ 7.609121388888888, 51.94029444444444 ], [ 7.612395555555556, 51.944240277777773 ] ] } },
{ "type": "Feature", "properties": { "betriebstag": "2026-01-08", "frt_fid": "49092", "edge_idx": 22, "cum_start_m": 8932.9279763290979, "cum_end_m": 9593.9734084663633 }, "geometry": { "type": "LineString", "coordinates": [ [ 7.612395555555556, 51.944240277777773 ], [ 7.616818611111111, 51.949517222222219 ] ] } },
{ "type": "Feature", "properties": { "betriebstag": "2026-01-08", "frt_fid": "49092", "edge_idx": 23, "cum_start_m": 9593.9734084663633, "cum_end_m": 9941.2500869354153 }, "geometry": { "type": "LineString", "coordinates": [ [ 7.616818611111111, 51.949517222222219 ], [ 7.619033333333334, 51.952323333333339 ] ] } },
{ "type": "Feature", "properties": { "betriebstag": "2026-01-08", "frt_fid": "49092", "edge_idx": 24, "cum_start_m": 9941.2500869354153, "cum_end_m": 10311.455762363797 }, "geometry": { "type": "LineString", "coordinates": [ [ 7.619033333333334, 51.952323333333339 ], [ 7.621679444444445, 51.955222222222226 ] ] } },
{ "type": "Feature", "properties": { "betriebstag": "2026-01-08", "frt_fid": "49092", "edge_idx": 25, "cum_start_m": 10311.455762363797, "cum_end_m": 10769.242518443578 }, "geometry": { "type": "LineString", "coordinates": [ [ 7.621679444444445, 51.955222222222226 ], [ 7.628273611111112, 51.955803888888894 ] ] } },
{ "type": "Feature", "properties": { "betriebstag": "2026-01-08", "frt_fid": "49092", "edge_idx": 26, "cum_start_m": 10769.242518443578, "cum_end_m": 11235.756337761621 }, "geometry": { "type": "LineString", "coordinates": [ [ 7.628273611111112, 51.955803888888894 ], [ 7.634583333333333, 51.957350555555557 ] ] } },
{ "type": "Feature", "properties": { "betriebstag": "2026-01-08", "frt_fid": "49092", "edge_idx": 27, "cum_start_m": 11235.756337761621, "cum_end_m": 11728.337723597298 }, "geometry": { "type": "LineString", "coordinates": [ [ 7.634583333333333, 51.957350555555557 ], [ 7.635514166666666, 51.961741388888889 ] ] } },
{ "type": "Feature", "properties": { "betriebstag": "2026-01-08", "frt_fid": "49092", "edge_idx": 28, "cum_start_m": 11728.337723597298, "cum_end_m": 12174.065073310801 }, "geometry": { "type": "LineString", "coordinates": [ [ 7.635514166666666, 51.961741388888889 ], [ 7.630303611111112, 51.964128055555555 ] ] } },
{ "type": "Feature", "properties": { "betriebstag": "2026-01-08", "frt_fid": "49092", "edge_idx": 29, "cum_start_m": 12174.065073310801, "cum_end_m": 12439.678286307873 }, "geometry": { "type": "LineString", "coordinates": [ [ 7.630303611111112, 51.964128055555555 ], [ 7.626990833333334, 51.965358611111114 ] ] } },
{ "type": "Feature", "properties": { "betriebstag": "2026-01-08", "frt_fid": "49092", "edge_idx": 30, "cum_start_m": 12439.678286307873, "cum_end_m": 12779.107562132333 }, "geometry": { "type": "LineString", "coordinates": [ [ 7.626990833333334, 51.965358611111114 ], [ 7.6232925, 51.967381666666668 ] ] } },
{ "type": "Feature", "properties": { "betriebstag": "2026-01-08", "frt_fid": "49092", "edge_idx": 31, "cum_start_m": 12779.107562132333, "cum_end_m": 13072.281679112135 }, "geometry": { "type": "LineString", "coordinates": [ [ 7.6232925, 51.967381666666668 ], [ 7.622248611111112, 51.969937222222221 ] ] } },
{ "type": "Feature", "properties": { "betriebstag": "2026-01-08", "frt_fid": "49092", "edge_idx": 32, "cum_start_m": 13072.281679112135, "cum_end_m": 13376.287885595981 }, "geometry": { "type": "LineString", "coordinates": [ [ 7.622248611111112, 51.969937222222221 ], [ 7.623106944444445, 51.972618333333337 ] ] } },
{ "type": "Feature", "properties": { "betriebstag": "2026-01-08", "frt_fid": "49092", "edge_idx": 33, "cum_start_m": 13376.287885595981, "cum_end_m": 13621.86530573016 }, "geometry": { "type": "LineString", "coordinates": [ [ 7.623106944444445, 51.972618333333337 ], [ 7.622308333333334, 51.974770277777779 ] ] } },
{ "type": "Feature", "properties": { "betriebstag": "2026-01-08", "frt_fid": "49092", "edge_idx": 34, "cum_start_m": 13621.86530573016, "cum_end_m": 13991.900775013413 }, "geometry": { "type": "LineString", "coordinates": [ [ 7.622308333333334, 51.974770277777779 ], [ 7.616933333333334, 51.97455305555556 ] ] } },
{ "type": "Feature", "properties": { "betriebstag": "2026-01-08", "frt_fid": "49092", "edge_idx": 35, "cum_start_m": 13991.900775013413, "cum_end_m": 14299.481537855607 }, "geometry": { "type": "LineString", "coordinates": [ [ 7.616933333333334, 51.97455305555556 ], [ 7.612489722222222, 51.974891944444444 ] ] } },
{ "type": "Feature", "properties": { "betriebstag": "2026-01-08", "frt_fid": "49092", "edge_idx": 36, "cum_start_m": 14299.481537855607, "cum_end_m": 14547.995251270841 }, "geometry": { "type": "LineString", "coordinates": [ [ 7.612489722222222, 51.974891944444444 ], [ 7.61234, 51.97712416666667 ] ] } },
{ "type": "Feature", "properties": { "betriebstag": "2026-01-08", "frt_fid": "49092", "edge_idx": 37, "cum_start_m": 14547.995251270841, "cum_end_m": 14812.721890984751 }, "geometry": { "type": "LineString", "coordinates": [ [ 7.61234, 51.97712416666667 ], [ 7.612148333333333, 51.979501111111112 ] ] } },
{ "type": "Feature", "properties": { "betriebstag": "2026-01-08", "frt_fid": "49092", "edge_idx": 38, "cum_start_m": 14812.721890984751, "cum_end_m": 15175.019392042703 }, "geometry": { "type": "LineString", "coordinates": [ [ 7.612148333333333, 51.979501111111112 ], [ 7.611887222222222, 51.982754166666666 ] ] } },
{ "type": "Feature", "properties": { "betriebstag": "2026-01-08", "frt_fid": "49092", "edge_idx": 39, "cum_start_m": 15175.019392042703, "cum_end_m": 15746.086391357845 }, "geometry": { "type": "LineString", "coordinates": [ [ 7.611887222222222, 51.982754166666666 ], [ 7.611500833333333, 51.9878825 ] ] } },
{ "type": "Feature", "properties": { "betriebstag": "2026-01-08", "frt_fid": "49092", "edge_idx": 40, "cum_start_m": 15746.086391357845, "cum_end_m": 16424.249853010529 }, "geometry": { "type": "LineString", "coordinates": [ [ 7.611500833333333, 51.9878825 ], [ 7.612586388888889, 51.993942222222223 ] ] } },
{ "type": "Feature", "properties": { "betriebstag": "2026-01-08", "frt_fid": "49092", "edge_idx": 41, "cum_start_m": 16424.249853010529, "cum_end_m": 16612.39069739858 }, "geometry": { "type": "LineString", "coordinates": [ [ 7.612586388888889, 51.993942222222223 ], [ 7.612988611111111, 51.99561527777778 ] ] } },
{ "type": "Feature", "properties": { "betriebstag": "2026-01-08", "frt_fid": "49092", "edge_idx": 42, "cum_start_m": 16612.39069739858, "cum_end_m": 16879.757597902117 }, "geometry": { "type": "LineString", "coordinates": [ [ 7.612988611111111, 51.99561527777778 ], [ 7.612205, 51.997969722222223 ] ] } },
{ "type": "Feature", "properties": { "betriebstag": "2026-01-08", "frt_fid": "49092", "edge_idx": 43, "cum_start_m": 16879.757597902117, "cum_end_m": 17152.389695180093 }, "geometry": { "type": "LineString", "coordinates": [ [ 7.612205, 51.997969722222223 ], [ 7.6082875, 51.99757 ] ] } },
{ "type": "Feature", "properties": { "betriebstag": "2026-01-08", "frt_fid": "49092", "edge_idx": 44, "cum_start_m": 17152.389695180093, "cum_end_m": 17436.186918475396 }, "geometry": { "type": "LineString", "coordinates": [ [ 7.6082875, 51.99757 ], [ 7.604203611111111, 51.997176944444448 ] ] } },
{ "type": "Feature", "properties": { "betriebstag": "2026-01-08", "frt_fid": "49092", "edge_idx": 45, "cum_start_m": 17436.186918475396, "cum_end_m": 17842.140415629561 }, "geometry": { "type": "LineString", "coordinates": [ [ 7.604203611111111, 51.997176944444448 ], [ 7.598429166666667, 51.997960555555558 ] ] } },
{ "type": "Feature", "properties": { "betriebstag": "2026-01-08", "frt_fid": "49092", "edge_idx": 46, "cum_start_m": 17842.140415629561, "cum_end_m": 18196.691592968011 }, "geometry": { "type": "LineString", "coordinates": [ [ 7.598429166666667, 51.997960555555558 ], [ 7.595289444444444, 52.00049111111111 ] ] } },
{ "type": "Feature", "properties": { "betriebstag": "2026-01-08", "frt_fid": "49092", "edge_idx": 47, "cum_start_m": 18196.691592968011, "cum_end_m": 18406.394435662372 }, "geometry": { "type": "LineString", "coordinates": [ [ 7.595289444444444, 52.00049111111111 ], [ 7.592288888888889, 52.000843333333336 ] ] } },
{ "type": "Feature", "properties": { "betriebstag": "2026-01-08", "frt_fid": "49092", "edge_idx": 48, "cum_start_m": 18406.394435662372, "cum_end_m": 18668.492547611426 }, "geometry": { "type": "LineString", "coordinates": [ [ 7.592288888888889, 52.000843333333336 ], [ 7.590370833333333, 51.998806111111115 ] ] } },
{ "type": "Feature", "properties": { "betriebstag": "2026-01-08", "frt_fid": "49094", "edge_idx": 0, "cum_start_m": 0.0, "cum_end_m": 252.38518567391679 }, "geometry": { "type": "LineString", "coordinates": [ [ 7.590370833333333, 51.998806111111115 ], [ 7.592259166666667, 52.000752777777777 ] ] } },
{ "type": "Feature", "properties": { "betriebstag": "2026-01-08", "frt_fid": "49094", "edge_idx": 1, "cum_start_m": 252.38518567391679, "cum_end_m": 465.78551979183834 }, "geometry": { "type": "LineString", "coordinates": [ [ 7.592259166666667, 52.000752777777777 ], [ 7.595288888888889, 52.000324444444445 ] ] } },
{ "type": "Feature", "properties": { "betriebstag": "2026-01-08", "frt_fid": "49094", "edge_idx": 2, "cum_start_m": 465.78551979183834, "cum_end_m": 817.77613550934825 }, "geometry": { "type": "LineString", "coordinates": [ [ 7.595288888888889, 52.000324444444445 ], [ 7.598407222222222, 51.997812777777781 ] ] } },
{ "type": "Feature", "properties": { "betriebstag": "2026-01-08", "frt_fid": "49094", "edge_idx": 3, "cum_start_m": 817.77613550934825, "cum_end_m": 1135.01387229907 }, "geometry": { "type": "LineString", "coordinates": [ [ 7.598407222222222, 51.997812777777781 ], [ 7.602791388888889, 51.99691277777778 ] ] } },
{ "type": "Feature", "properties": { "betriebstag": "2026-01-08", "frt_fid": "49094", "edge_idx": 4, "cum_start_m": 1135.01387229907, "cum_end_m": 1527.4445791228004 }, "geometry": { "type": "LineString", "coordinates": [ [ 7.602791388888889, 51.99691277777778 ], [ 7.608435, 51.99747 ] ] } },
{ "type": "Feature", "properties": { "betriebstag": "2026-01-08", "frt_fid": "49094", "edge_idx": 5, "cum_start_m": 1527.4445791228004, "cum_end_m": 1804.0313800604363 }, "geometry": { "type": "LineString", "coordinates": [ [ 7.608435, 51.99747 ], [ 7.612418333333333, 51.997840277777776 ] ] } },
{ "type": "Feature", "properties": { "betriebstag": "2026-01-08", "frt_fid": "49094", "edge_idx": 6, "cum_start_m": 1804.0313800604363, "cum_end_m": 2013.0376171625655 }, "geometry": { "type": "LineString", "coordinates": [ [ 7.612418333333333, 51.997840277777776 ], [ 7.612816944444444, 51.9959775 ] ] } },
{ "type": "Feature", "properties": { "betriebstag": "2026-01-08", "frt_fid": "49094", "edge_idx": 7, "cum_start_m": 2013.0376171625655, "cum_end_m": 2360.0194762676874 }, "geometry": { "type": "LineString", "coordinates": [ [ 7.612816944444444, 51.9959775 ], [ 7.611991944444444, 51.9929 ] ] } },
{ "type": "Feature", "properties": { "betriebstag": "2026-01-08", "frt_fid": "49094", "edge_idx": 8, "cum_start_m": 2360.0194762676874, "cum_end_m": 2830.7143886621107 }, "geometry": { "type": "LineString", "coordinates": [ [ 7.611991944444444, 51.9929 ], [ 7.611138611111111, 51.988701388888892 ] ] } },
{ "type": "Feature", "properties": { "betriebstag": "2026-01-08", "frt_fid": "49094", "edge_idx": 9, "cum_start_m": 2830.7143886621107, "cum_end_m": 3509.6057971658861 }, "geometry": { "type": "LineString", "coordinates": [ [ 7.611138611111111, 51.988701388888892 ], [ 7.611624722222222, 51.982605555555558 ] ] } },
{ "type": "Feature", "properties": { "betriebstag": "2026-01-08", "frt_fid": "49094", "edge_idx": 10, "cum_start_m": 3509.6057971658861, "cum_end_m": 3853.593604430167 }, "geometry": { "type": "LineString", "coordinates": [ [ 7.611624722222222, 51.982605555555558 ], [ 7.611845277777777, 51.97951611111111 ] ] } },
{ "type": "Feature", "properties": { "betriebstag": "2026-01-08", "frt_fid": "49094", "edge_idx": 11, "cum_start_m": 3853.593604430167, "cum_end_m": 4146.9336982512405 }, "geometry": { "type": "LineString", "coordinates": [ [ 7.611845277777777, 51.97951611111111 ], [ 7.612074166666666, 51.976882777777782 ] ] } },
{ "type": "Feature", "properties": { "betriebstag": "2026-01-08", "frt_fid": "49094", "edge_idx": 12, "cum_start_m": 4146.9336982512405, "cum_end_m": 4452.3266945865635 }, "geometry": { "type": "LineString", "coordinates": [ [ 7.612074166666666, 51.976882777777782 ], [ 7.613080833333333, 51.974208611111116 ] ] } },
{ "type": "Feature", "properties": { "betriebstag": "2026-01-08", "frt_fid": "49094", "edge_idx": 13, "cum_start_m": 4452.3266945865635, "cum_end_m": 4916.8518467481554 }, "geometry": { "type": "LineString", "coordinates": [ [ 7.613080833333333, 51.974208611111116 ], [ 7.619821666666667, 51.974538055555556 ] ] } },
{ "type": "Feature", "properties": { "betriebstag": "2026-01-08", "frt_fid": "49094", "edge_idx": 14, "cum_start_m": 4916.8518467481554, "cum_end_m": 5163.5275357607197 }, "geometry": { "type": "LineString", "coordinates": [ [ 7.619821666666667, 51.974538055555556 ], [ 7.6233275, 51.974058611111111 ] ] } },
{ "type": "Feature", "properties": { "betriebstag": "2026-01-08", "frt_fid": "49094", "edge_idx": 15, "cum_start_m": 5163.5275357607197, "cum_end_m": 5398.6287585085056 }, "geometry": { "type": "LineString", "coordinates": [ [ 7.6233275, 51.974058611111111 ], [ 7.622440833333334, 51.972017222222227 ] ] } },
{ "type": "Feature", "properties": { "betriebstag": "2026-01-08", "frt_fid": "49094", "edge_idx": 16, "cum_start_m": 5398.6287585085056, "cum_end_m": 5591.8315667054976 }, "geometry": { "type": "LineString", "coordinates": [ [ 7.622440833333334, 51.972017222222227 ], [ 7.622116111111112, 51.970291944444448 ] ] } },
{ "type": "Feature", "properties": { "betriebstag": "2026-01-08", "frt_fid": "49094", "edge_idx": 17, "cum_start_m": 5591.8315667054976, "cum_end_m": 5900.3984632161601 }, "geometry": { "type": "LineString", "coordinates": [ [ 7.622116111111112, 51.970291944444448 ], [ 7.623097777777779, 51.967585 ] ] } },
{ "type": "Feature", "properties": { "betriebstag": "2026-01-08", "frt_fid": "49094", "edge_idx": 18, "cum_start_m": 5900.3984632161601, "cum_end_m": 6273.2500209723021 }, "geometry": { "type": "LineString", "coordinates": [ [ 7.623097777777779, 51.967585 ], [ 7.626976111111111, 51.96524055555556 ] ] } },
{ "type": "Feature", "properties": { "betriebstag": "2026-01-08", "frt_fid": "49094", "edge_idx": 19, "cum_start_m": 6273.2500209723021, "cum_end_m": 6574.2691961920973 }, "geometry": { "type": "LineString", "coordinates": [ [ 7.626976111111111, 51.96524055555556 ], [ 7.630732222222223, 51.963847777777779 ] ] } },
{ "type": "Feature", "properties": { "betriebstag": "2026-01-08", "frt_fid": "49094", "edge_idx": 20, "cum_start_m": 6574.2691961920973, "cum_end_m": 7014.8486351403217 }, "geometry": { "type": "LineString", "coordinates": [ [ 7.630732222222223, 51.963847777777779 ], [ 7.635060833333333, 51.960925833333334 ] ] } },
{ "type": "Feature", "properties": { "betriebstag": "2026-01-08", "frt_fid": "49094", "edge_idx": 21, "cum_start_m": 7014.8486351403217, "cum_end_m": 7426.5254121041244 }, "geometry": { "type": "LineString", "coordinates": [ [ 7.635060833333333, 51.960925833333334 ], [ 7.634171666666666, 51.957265833333338 ] ] } },
{ "type": "Feature", "properties": { "betriebstag": "2026-01-08", "frt_fid": "49094", "edge_idx": 22, "cum_start_m": 7426.5254121041244, "cum_end_m": 7950.3431831831149 }, "geometry": { "type": "LineString", "coordinates": [ [ 7.634171666666666, 51.957265833333338 ], [ 7.626748055555556, 51.956198333333333 ] ] } },
{ "type": "Feature", "properties": { "betriebstag": "2026-01-08", "frt_fid": "49094", "edge_idx": 23, "cum_start_m": 7950.3431831831149, "cum_end_m": 8342.0366972905358 }, "geometry": { "type": "LineString", "coordinates": [ [ 7.626748055555556, 51.956198333333333 ], [ 7.621243611111112, 51.955285277777783 ] ] } },
{ "type": "Feature", "properties": { "betriebstag": "2026-01-08", "frt_fid": "49094", "edge_idx": 24, "cum_start_m": 8342.0366972905358, "cum_end_m": 8767.0286066528079 }, "geometry": { "type": "LineString", "coordinates": [ [ 7.621243611111112, 51.955285277777783 ], [ 7.618360555555556, 51.951905277777783 ] ] } },
{ "type": "Feature", "properties": { "betriebstag": "2026-01-08", "frt_fid": "49094", "edge_idx": 25, "cum_start_m": 8767.0286066528079, "cum_end_m": 9095.2637837406583 }, "geometry": { "type": "LineString", "coordinates": [ [ 7.618360555555556, 51.951905277777783 ], [ 7.616151388888889, 51.949289166666667 ] ] } },
{ "type": "Feature", "properties": { "betriebstag": "2026-01-08", "frt_fid": "49094", "edge_idx": 26, "cum_start_m": 9095.2637837406583, "cum_end_m": 9727.8555085226053 }, "geometry": { "type": "LineString", "coordinates": [ [ 7.616151388888889, 51.949289166666667 ], [ 7.612045833333333, 51.944199444444443 ] ] } },
{ "type": "Feature", "properties": { "betriebstag": "2026-01-08", "frt_fid": "49094", "edge_idx": 27, "cum_start_m": 9727.8555085226053, "cum_end_m": 10211.243590625469 }, "geometry": { "type": "LineString", "coordinates": [ [ 7.612045833333333, 51.944199444444443 ], [ 7.608778611111111, 51.940351388888885 ] ] } },
{ "type": "Feature", "properties": { "betriebstag": "2026-01-08", "frt_fid": "49094", "edge_idx": 28, "cum_start_m": 10211.243590625469, "cum_end_m": 10531.784382585989 }, "geometry": { "type": "LineString", "coordinates": [ [ 7.608778611111111, 51.940351388888885 ], [ 7.605851666666666, 51.938108333333332 ] ] } },
{ "type": "Feature", "properties": { "betriebstag": "2026-01-08", "frt_fid": "49094", "edge_idx": 29, "cum_start_m": 10531.784382585989, "cum_end_m": 10826.220830002298 }, "geometry": { "type": "LineString", "coordinates": [ [ 7.605851666666666, 51.938108333333332 ], [ 7.602868611111111, 51.936209166666664 ] ] } },
{ "type": "Feature", "properties": { "betriebstag": "2026-01-08", "frt_fid": "49094", "edge_idx": 30, "cum_start_m": 10826.220830002298, "cum_end_m": 11107.547957517067 }, "geometry": { "type": "LineString", "coordinates": [ [ 7.602868611111111, 51.936209166666664 ], [ 7.599746944444444, 51.934574166666664 ] ] } },
{ "type": "Feature", "properties": { "betriebstag": "2026-01-08", "frt_fid": "49094", "edge_idx": 31, "cum_start_m": 11107.547957517067, "cum_end_m": 11603.237017736159 }, "geometry": { "type": "LineString", "coordinates": [ [ 7.599746944444444, 51.934574166666664 ], [ 7.594443055555555, 51.931556111111107 ] ] } },
{ "type": "Feature", "properties": { "betriebstag": "2026-01-08", "frt_fid": "49094", "edge_idx": 32, "cum_start_m": 11603.237017736159, "cum_end_m": 11843.388957195351 }, "geometry": { "type": "LineString", "coordinates": [ [ 7.594443055555555, 51.931556111111107 ], [ 7.591849444444444, 51.930110277777779 ] ] } },
{ "type": "Feature", "properties": { "betriebstag": "2026-01-08", "frt_fid": "49094", "edge_idx": 33, "cum_start_m": 11843.388957195351, "cum_end_m": 12191.84927886982 }, "geometry": { "type": "LineString", "coordinates": [ [ 7.591849444444444, 51.930110277777779 ], [ 7.587873611111111, 51.928168055555552 ] ] } },
{ "type": "Feature", "properties": { "betriebstag": "2026-01-08", "frt_fid": "49094", "edge_idx": 34, "cum_start_m": 12191.84927886982, "cum_end_m": 12571.841950427828 }, "geometry": { "type": "LineString", "coordinates": [ [ 7.587873611111111, 51.928168055555552 ], [ 7.582982777777778, 51.926578333333332 ] ] } },
{ "type": "Feature", "properties": { "betriebstag": "2026-01-08", "frt_fid": "49094", "edge_idx": 35, "cum_start_m": 12571.841950427828, "cum_end_m": 12900.072642387888 }, "geometry": { "type": "LineString", "coordinates": [ [ 7.582982777777778, 51.926578333333332 ], [ 7.578722777777777, 51.925247777777777 ] ] } },
{ "type": "Feature", "properties": { "betriebstag": "2026-01-08", "frt_fid": "49094", "edge_idx": 36, "cum_start_m": 12900.072642387888, "cum_end_m": 13276.012459881504 }, "geometry": { "type": "LineString", "coordinates": [ [ 7.578722777777777, 51.925247777777777 ], [ 7.573266111111111, 51.925046388888887 ] ] } },
{ "type": "Feature", "properties": { "betriebstag": "2026-01-08", "frt_fid": "49094", "edge_idx": 37, "cum_start_m": 13276.012459881504, "cum_end_m": 14100.758832079808 }, "geometry": { "type": "LineString", "coordinates": [ [ 7.573266111111111, 51.925046388888887 ], [ 7.561284166666667, 51.925354166666665 ] ] } },
{ "type": "Feature", "properties": { "betriebstag": "2026-01-08", "frt_fid": "49094", "edge_idx": 38, "cum_start_m": 14100.758832079808, "cum_end_m": 14790.067665141069 }, "geometry": { "type": "LineString", "coordinates": [ [ 7.561284166666667, 51.925354166666665 ], [ 7.551272222222222, 51.925064166666665 ] ] } },
{ "type": "Feature", "properties": { "betriebstag": "2026-01-08", "frt_fid": "49094", "edge_idx": 39, "cum_start_m": 14790.067665141069, "cum_end_m": 15971.447205531978 }, "geometry": { "type": "LineString", "coordinates": [ [ 7.551272222222222, 51.925064166666665 ], [ 7.534105277777778, 51.924687777777777 ] ] } },
{ "type": "Feature", "properties": { "betriebstag": "2026-01-08", "frt_fid": "49094", "edge_idx": 40, "cum_start_m": 15971.447205531978, "cum_end_m": 16426.700717325602 }, "geometry": { "type": "LineString", "coordinates": [ [ 7.534105277777778, 51.924687777777777 ], [ 7.527485833333333, 51.924708611111107 ] ] } },
{ "type": "Feature", "properties": { "betriebstag": "2026-01-08", "frt_fid": "49094", "edge_idx": 41, "cum_start_m": 16426.700717325602, "cum_end_m": 16680.91432050231 }, "geometry": { "type": "LineString", "coordinates": [ [ 7.527485833333333, 51.924708611111107 ], [ 7.523809166666666, 51.924944166666663 ] ] } },
{ "type": "Feature", "properties": { "betriebstag": "2026-01-08", "frt_fid": "49094", "edge_idx": 42, "cum_start_m": 16680.91432050231, "cum_end_m": 17003.434758414649 }, "geometry": { "type": "LineString", "coordinates": [ [ 7.523809166666666, 51.924944166666663 ], [ 7.519123611111111, 51.925064166666665 ] ] } },
{ "type": "Feature", "properties": { "betriebstag": "2026-01-08", "frt_fid": "49094", "edge_idx": 43, "cum_start_m": 17003.434758414649, "cum_end_m": 17272.753674940966 }, "geometry": { "type": "LineString", "coordinates": [ [ 7.519123611111111, 51.925064166666665 ], [ 7.522211944444444, 51.923575555555551 ] ] } },
{ "type": "Feature", "properties": { "betriebstag": "2026-01-08", "frt_fid": "49094", "edge_idx": 44, "cum_start_m": 17272.753674940966, "cum_end_m": 17585.094865628053 }, "geometry": { "type": "LineString", "coordinates": [ [ 7.522211944444444, 51.923575555555551 ], [ 7.526630833333333, 51.922927777777772 ] ] } },
{ "type": "Feature", "properties": { "betriebstag": "2026-01-08", "frt_fid": "49094", "edge_idx": 45, "cum_start_m": 17585.094865628053, "cum_end_m": 17912.539339693223 }, "geometry": { "type": "LineString", "coordinates": [ [ 7.526630833333333, 51.922927777777772 ], [ 7.527240833333333, 51.920008333333328 ] ] } },
{ "type": "Feature", "properties": { "betriebstag": "2026-01-08", "frt_fid": "49094", "edge_idx": 46, "cum_start_m": 17912.539339693223, "cum_end_m": 18164.880429445235 }, "geometry": { "type": "LineString", "coordinates": [ [ 7.527240833333333, 51.920008333333328 ], [ 7.528196111111111, 51.91781805555555 ] ] } },
{ "type": "Feature", "properties": { "betriebstag": "2026-01-08", "frt_fid": "49094", "edge_idx": 47, "cum_start_m": 18164.880429445235, "cum_end_m": 18399.365935811704 }, "geometry": { "type": "LineString", "coordinates": [ [ 7.528196111111111, 51.91781805555555 ], [ 7.525296388888889, 51.916709722222222 ] ] } },
{ "type": "Feature", "properties": { "betriebstag": "2026-01-08", "frt_fid": "49094", "edge_idx": 48, "cum_start_m": 18399.365935811704, "cum_end_m": 18672.120609331803 }, "geometry": { "type": "LineString", "coordinates": [ [ 7.525296388888889, 51.916709722222222 ], [ 7.527406944444444, 51.914633888888886 ] ] } },
{ "type": "Feature", "properties": { "betriebstag": "2026-01-08", "frt_fid": "49096", "edge_idx": 0, "cum_start_m": 0.0, "cum_end_m": 252.81103068142528 }, "geometry": { "type": "LineString", "coordinates": [ [ 7.527406944444444, 51.914633888888886 ], [ 7.525148611111111, 51.916426944444446 ] ] } },
{ "type": "Feature", "properties": { "betriebstag": "2026-01-08", "frt_fid": "49096", "edge_idx": 1, "cum_start_m": 252.81103068142528, "cum_end_m": 512.9345907511447 }, "geometry": { "type": "LineString", "coordinates": [ [ 7.525148611111111, 51.916426944444446 ], [ 7.5283925, 51.917628888888885 ] ] } },
{ "type": "Feature", "properties": { "betriebstag": "2026-01-08", "frt_fid": "49096", "edge_idx": 2, "cum_start_m": 512.9345907511447, "cum_end_m": 853.93326983610382 }, "geometry": { "type": "LineString", "coordinates": [ [ 7.5283925, 51.917628888888885 ], [ 7.5272425, 51.920610833333328 ] ] } },
{ "type": "Feature", "properties": { "betriebstag": "2026-01-08", "frt_fid": "49096", "edge_idx": 3, "cum_start_m": 853.93326983610382, "cum_end_m": 1134.347999177452 }, "geometry": { "type": "LineString", "coordinates": [ [ 7.5272425, 51.920610833333328 ], [ 7.526746944444445, 51.923113055555554 ] ] } },
{ "type": "Feature", "properties": { "betriebstag": "2026-01-08", "frt_fid": "49096", "edge_idx": 4, "cum_start_m": 1134.347999177452, "cum_end_m": 1456.2495256673139 }, "geometry": { "type": "LineString", "coordinates": [ [ 7.526746944444445, 51.923113055555554 ], [ 7.522214166666666, 51.923834166666666 ] ] } },
{ "type": "Feature", "properties": { "betriebstag": "2026-01-08", "frt_fid": "49096", "edge_idx": 5, "cum_start_m": 1456.2495256673139, "cum_end_m": 1667.7506820018784 }, "geometry": { "type": "LineString", "coordinates": [ [ 7.522214166666666, 51.923834166666666 ], [ 7.519796388888889, 51.925009166666662 ] ] } },
{ "type": "Feature", "properties": { "betriebstag": "2026-01-08", "frt_fid": "49096", "edge_idx": 6, "cum_start_m": 1667.7506820018784, "cum_end_m": 1927.6472379841873 }, "geometry": { "type": "LineString", "coordinates": [ [ 7.519796388888889, 51.925009166666662 ], [ 7.523565, 51.924836111111105 ] ] } },
{ "type": "Feature", "properties": { "betriebstag": "2026-01-08", "frt_fid": "49096", "edge_idx": 7, "cum_start_m": 1927.6472379841873, "cum_end_m": 2231.3907711767947 }, "geometry": { "type": "LineString", "coordinates": [ [ 7.523565, 51.924836111111105 ], [ 7.527928611111111, 51.924414722222217 ] ] } },
{ "type": "Feature", "properties": { "betriebstag": "2026-01-08", "frt_fid": "49096", "edge_idx": 8, "cum_start_m": 2231.3907711767947, "cum_end_m": 2697.9655963077685 }, "geometry": { "type": "LineString", "coordinates": [ [ 7.527928611111111, 51.924414722222217 ], [ 7.534711111111111, 51.924506111111107 ] ] } },
{ "type": "Feature", "properties": { "betriebstag": "2026-01-08", "frt_fid": "49096", "edge_idx": 9, "cum_start_m": 2697.9655963077685, "cum_end_m": 3893.0446921821531 }, "geometry": { "type": "LineString", "coordinates": [ [ 7.534711111111111, 51.924506111111107 ], [ 7.552072777777777, 51.924955555555556 ] ] } },
{ "type": "Feature", "properties": { "betriebstag": "2026-01-08", "frt_fid": "49096", "edge_idx": 10, "cum_start_m": 3893.0446921821531, "cum_end_m": 4627.6557294966078 }, "geometry": { "type": "LineString", "coordinates": [ [ 7.552072777777777, 51.924955555555556 ], [ 7.562747222222222, 51.9251975 ] ] } },
{ "type": "Feature", "properties": { "betriebstag": "2026-01-08", "frt_fid": "49096", "edge_idx": 11, "cum_start_m": 4627.6557294966078, "cum_end_m": 5380.8593173343543 }, "geometry": { "type": "LineString", "coordinates": [ [ 7.562747222222222, 51.9251975 ], [ 7.573689166666666, 51.924907777777776 ] ] } },
{ "type": "Feature", "properties": { "betriebstag": "2026-01-08", "frt_fid": "49096", "edge_idx": 12, "cum_start_m": 5380.8593173343543, "cum_end_m": 5815.2495216643429 }, "geometry": { "type": "LineString", "coordinates": [ [ 7.573689166666666, 51.924907777777776 ], [ 7.579957777777778, 51.925386666666661 ] ] } },
{ "type": "Feature", "properties": { "betriebstag": "2026-01-08", "frt_fid": "49096", "edge_idx": 13, "cum_start_m": 5815.2495216643429, "cum_end_m": 6079.3752657665036 }, "geometry": { "type": "LineString", "coordinates": [ [ 7.579957777777778, 51.925386666666661 ], [ 7.583341666666667, 51.926509722222221 ] ] } },
{ "type": "Feature", "properties": { "betriebstag": "2026-01-08", "frt_fid": "49096", "edge_idx": 14, "cum_start_m": 6079.3752657665036, "cum_end_m": 6450.9601449603824 }, "geometry": { "type": "LineString", "coordinates": [ [ 7.583341666666667, 51.926509722222221 ], [ 7.588090277777778, 51.928103611111112 ] ] } },
{ "type": "Feature", "properties": { "betriebstag": "2026-01-08", "frt_fid": "49096", "edge_idx": 15, "cum_start_m": 6450.9601449603824, "cum_end_m": 6878.7736095791061 }, "geometry": { "type": "LineString", "coordinates": [ [ 7.588090277777778, 51.928103611111112 ], [ 7.592937222222222, 51.93051472222222 ] ] } },
{ "type": "Feature", "properties": { "betriebstag": "2026-01-08", "frt_fid": "49096", "edge_idx": 16, "cum_start_m": 6878.7736095791061, "cum_end_m": 7100.6558450639195 }, "geometry": { "type": "LineString", "coordinates": [ [ 7.592937222222222, 51.93051472222222 ], [ 7.595317222222222, 51.931861666666663 ] ] } },
{ "type": "Feature", "properties": { "betriebstag": "2026-01-08", "frt_fid": "49096", "edge_idx": 17, "cum_start_m": 7100.6558450639195, "cum_end_m": 7547.7746374858225 }, "geometry": { "type": "LineString", "coordinates": [ [ 7.595317222222222, 51.931861666666663 ], [ 7.600118888888889, 51.934572222222222 ] ] } },
{ "type": "Feature", "properties": { "betriebstag": "2026-01-08", "frt_fid": "49096", "edge_idx": 18, "cum_start_m": 7547.7746374858225, "cum_end_m": 7851.0986481443106 }, "geometry": { "type": "LineString", "coordinates": [ [ 7.600118888888889, 51.934572222222222 ], [ 7.603557777777778, 51.936280277777776 ] ] } },
{ "type": "Feature", "properties": { "betriebstag": "2026-01-08", "frt_fid": "49096", "edge_idx": 19, "cum_start_m": 7851.0986481443106, "cum_end_m": 8139.4908914998105 }, "geometry": { "type": "LineString", "coordinates": [ [ 7.603557777777778, 51.936280277777776 ], [ 7.606431944444444, 51.938168611111109 ] ] } },
{ "type": "Feature", "properties": { "betriebstag": "2026-01-08", "frt_fid": "49096", "edge_idx": 20, "cum_start_m": 8139.4908914998105, "cum_end_m": 8439.6655347032174 }, "geometry": { "type": "LineString", "coordinates": [ [ 7.606431944444444, 51.938168611111109 ], [ 7.609121388888888, 51.94029444444444 ] ] } },
{ "type": "Feature", "properties": { "betriebstag": "2026-01-08", "frt_fid": "49096", "edge_idx": 21, "cum_start_m": 8439.6655347032174, "cum_end_m": 8932.9279763290979 }, "geometry": { "type": "LineString", "coordinates": [ [ 7.609121388888888, 51.94029444444444 ], [ 7.612395555555556, 51.944240277777773 ] ] } },
{ "type": "Feature", "properties": { "betriebstag": "2026-01-08", "frt_fid": "49096", "edge_idx": 22, "cum_start_m": 8932.9279763290979, "cum_end_m": 9593.9734084663633 }, "geometry": { "type": "LineString", "coordinates": [ [ 7.612395555555556, 51.944240277777773 ], [ 7.616818611111111, 51.949517222222219 ] ] } },
{ "type": "Feature", "properties": { "betriebstag": "2026-01-08", "frt_fid": "49096", "edge_idx": 23, "cum_start_m": 9593.9734084663633, "cum_end_m": 9941.2500869354153 }, "geometry": { "type": "LineString", "coordinates": [ [ 7.616818611111111, 51.949517222222219 ], [ 7.619033333333334, 51.952323333333339 ] ] } },
{ "type": "Feature", "properties": { "betriebstag": "2026-01-08", "frt_fid": "49096", "edge_idx": 24, "cum_start_m": 9941.2500869354153, "cum_end_m": 10311.455762363797 }, "geometry": { "type": "LineString", "coordinates": [ [ 7.619033333333334, 51.952323333333339 ], [ 7.621679444444445, 51.955222222222226 ] ] } },
{ "type": "Feature", "properties": { "betriebstag": "2026-01-08", "frt_fid": "49096", "edge_idx": 25, "cum_start_m": 10311.455762363797, "cum_end_m": 10769.242518443578 }, "geometry": { "type": "LineString", "coordinates": [ [ 7.621679444444445, 51.955222222222226 ], [ 7.628273611111112, 51.955803888888894 ] ] } },
{ "type": "Feature", "properties": { "betriebstag": "2026-01-08", "frt_fid": "49096", "edge_idx": 26, "cum_start_m": 10769.242518443578, "cum_end_m": 11235.756337761621 }, "geometry": { "type": "LineString", "coordinates": [ [ 7.628273611111112, 51.955803888888894 ], [ 7.634583333333333, 51.957350555555557 ] ] } },
{ "type": "Feature", "properties": { "betriebstag": "2026-01-08", "frt_fid": "49096", "edge_idx": 27, "cum_start_m": 11235.756337761621, "cum_end_m": 11728.337723597298 }, "geometry": { "type": "LineString", "coordinates": [ [ 7.634583333333333, 51.957350555555557 ], [ 7.635514166666666, 51.961741388888889 ] ] } },
{ "type": "Feature", "properties": { "betriebstag": "2026-01-08", "frt_fid": "49096", "edge_idx": 28, "cum_start_m": 11728.337723597298, "cum_end_m": 12174.065073310801 }, "geometry": { "type": "LineString", "coordinates": [ [ 7.635514166666666, 51.961741388888889 ], [ 7.630303611111112, 51.964128055555555 ] ] } },
{ "type": "Feature", "properties": { "betriebstag": "2026-01-08", "frt_fid": "49096", "edge_idx": 29, "cum_start_m": 12174.065073310801, "cum_end_m": 12439.678286307873 }, "geometry": { "type": "LineString", "coordinates": [ [ 7.630303611111112, 51.964128055555555 ], [ 7.626990833333334, 51.965358611111114 ] ] } },
{ "type": "Feature", "properties": { "betriebstag": "2026-01-08", "frt_fid": "49096", "edge_idx": 30, "cum_start_m": 12439.678286307873, "cum_end_m": 12779.107562132333 }, "geometry": { "type": "LineString", "coordinates": [ [ 7.626990833333334, 51.965358611111114 ], [ 7.6232925, 51.967381666666668 ] ] } },
{ "type": "Feature", "properties": { "betriebstag": "2026-01-08", "frt_fid": "49096", "edge_idx": 31, "cum_start_m": 12779.107562132333, "cum_end_m": 13072.281679112135 }, "geometry": { "type": "LineString", "coordinates": [ [ 7.6232925, 51.967381666666668 ], [ 7.622248611111112, 51.969937222222221 ] ] } },
{ "type": "Feature", "properties": { "betriebstag": "2026-01-08", "frt_fid": "49096", "edge_idx": 32, "cum_start_m": 13072.281679112135, "cum_end_m": 13376.287885595981 }, "geometry": { "type": "LineString", "coordinates": [ [ 7.622248611111112, 51.969937222222221 ], [ 7.623106944444445, 51.972618333333337 ] ] } },
{ "type": "Feature", "properties": { "betriebstag": "2026-01-08", "frt_fid": "49096", "edge_idx": 33, "cum_start_m": 13376.287885595981, "cum_end_m": 13621.86530573016 }, "geometry": { "type": "LineString", "coordinates": [ [ 7.623106944444445, 51.972618333333337 ], [ 7.622308333333334, 51.974770277777779 ] ] } },
{ "type": "Feature", "properties": { "betriebstag": "2026-01-08", "frt_fid": "49096", "edge_idx": 34, "cum_start_m": 13621.86530573016, "cum_end_m": 13991.900775013413 }, "geometry": { "type": "LineString", "coordinates": [ [ 7.622308333333334, 51.974770277777779 ], [ 7.616933333333334, 51.97455305555556 ] ] } },
{ "type": "Feature", "properties": { "betriebstag": "2026-01-08", "frt_fid": "49096", "edge_idx": 35, "cum_start_m": 13991.900775013413, "cum_end_m": 14299.481537855607 }, "geometry": { "type": "LineString", "coordinates": [ [ 7.616933333333334, 51.97455305555556 ], [ 7.612489722222222, 51.974891944444444 ] ] } },
{ "type": "Feature", "properties": { "betriebstag": "2026-01-08", "frt_fid": "49096", "edge_idx": 36, "cum_start_m": 14299.481537855607, "cum_end_m": 14547.995251270841 }, "geometry": { "type": "LineString", "coordinates": [ [ 7.612489722222222, 51.974891944444444 ], [ 7.61234, 51.97712416666667 ] ] } },
{ "type": "Feature", "properties": { "betriebstag": "2026-01-08", "frt_fid": "49096", "edge_idx": 37, "cum_start_m": 14547.995251270841, "cum_end_m": 14812.721890984751 }, "geometry": { "type": "LineString", "coordinates": [ [ 7.61234, 51.97712416666667 ], [ 7.612148333333333, 51.979501111111112 ] ] } },
{ "type": "Feature", "properties": { "betriebstag": "2026-01-08", "frt_fid": "49096", "edge_idx": 38, "cum_start_m": 14812.721890984751, "cum_end_m": 15175.019392042703 }, "geometry": { "type": "LineString", "coordinates": [ [ 7.612148333333333, 51.979501111111112 ], [ 7.611887222222222, 51.982754166666666 ] ] } },
{ "type": "Feature", "properties": { "betriebstag": "2026-01-08", "frt_fid": "49096", "edge_idx": 39, "cum_start_m": 15175.019392042703, "cum_end_m": 15746.086391357845 }, "geometry": { "type": "LineString", "coordinates": [ [ 7.611887222222222, 51.982754166666666 ], [ 7.611500833333333, 51.9878825 ] ] } },
{ "type": "Feature", "properties": { "betriebstag": "2026-01-08", "frt_fid": "49096", "edge_idx": 40, "cum_start_m": 15746.086391357845, "cum_end_m": 16424.249853010529 }, "geometry": { "type": "LineString", "coordinates": [ [ 7.611500833333333, 51.9878825 ], [ 7.612586388888889, 51.993942222222223 ] ] } },
{ "type": "Feature", "properties": { "betriebstag": "2026-01-08", "frt_fid": "49096", "edge_idx": 41, "cum_start_m": 16424.249853010529, "cum_end_m": 16612.39069739858 }, "geometry": { "type": "LineString", "coordinates": [ [ 7.612586388888889, 51.993942222222223 ], [ 7.612988611111111, 51.99561527777778 ] ] } },
{ "type": "Feature", "properties": { "betriebstag": "2026-01-08", "frt_fid": "49096", "edge_idx": 42, "cum_start_m": 16612.39069739858, "cum_end_m": 16879.757597902117 }, "geometry": { "type": "LineString", "coordinates": [ [ 7.612988611111111, 51.99561527777778 ], [ 7.612205, 51.997969722222223 ] ] } },
{ "type": "Feature", "properties": { "betriebstag": "2026-01-08", "frt_fid": "49096", "edge_idx": 43, "cum_start_m": 16879.757597902117, "cum_end_m": 17152.389695180093 }, "geometry": { "type": "LineString", "coordinates": [ [ 7.612205, 51.997969722222223 ], [ 7.6082875, 51.99757 ] ] } },
{ "type": "Feature", "properties": { "betriebstag": "2026-01-08", "frt_fid": "49096", "edge_idx": 44, "cum_start_m": 17152.389695180093, "cum_end_m": 17436.186918475396 }, "geometry": { "type": "LineString", "coordinates": [ [ 7.6082875, 51.99757 ], [ 7.604203611111111, 51.997176944444448 ] ] } },
{ "type": "Feature", "properties": { "betriebstag": "2026-01-08", "frt_fid": "49096", "edge_idx": 45, "cum_start_m": 17436.186918475396, "cum_end_m": 17842.140415629561 }, "geometry": { "type": "LineString", "coordinates": [ [ 7.604203611111111, 51.997176944444448 ], [ 7.598429166666667, 51.997960555555558 ] ] } },
{ "type": "Feature", "properties": { "betriebstag": "2026-01-08", "frt_fid": "49096", "edge_idx": 46, "cum_start_m": 17842.140415629561, "cum_end_m": 18196.691592968011 }, "geometry": { "type": "LineString", "coordinates": [ [ 7.598429166666667, 51.997960555555558 ], [ 7.595289444444444, 52.00049111111111 ] ] } },
{ "type": "Feature", "properties": { "betriebstag": "2026-01-08", "frt_fid": "49096", "edge_idx": 47, "cum_start_m": 18196.691592968011, "cum_end_m": 18406.394435662372 }, "geometry": { "type": "LineString", "coordinates": [ [ 7.595289444444444, 52.00049111111111 ], [ 7.592288888888889, 52.000843333333336 ] ] } },
{ "type": "Feature", "properties": { "betriebstag": "2026-01-08", "frt_fid": "49096", "edge_idx": 48, "cum_start_m": 18406.394435662372, "cum_end_m": 18668.492547611426 }, "geometry": { "type": "LineString", "coordinates": [ [ 7.592288888888889, 52.000843333333336 ], [ 7.590370833333333, 51.998806111111115 ] ] } },
{ "type": "Feature", "properties": { "betriebstag": "2026-01-08", "frt_fid": "49100", "edge_idx": 0, "cum_start_m": 0.0, "cum_end_m": 252.81103068142528 }, "geometry": { "type": "LineString", "coordinates": [ [ 7.527406944444444, 51.914633888888886 ], [ 7.525148611111111, 51.916426944444446 ] ] } },
{ "type": "Feature", "properties": { "betriebstag": "2026-01-08", "frt_fid": "49100", "edge_idx": 1, "cum_start_m": 252.81103068142528, "cum_end_m": 512.9345907511447 }, "geometry": { "type": "LineString", "coordinates": [ [ 7.525148611111111, 51.916426944444446 ], [ 7.5283925, 51.917628888888885 ] ] } },
{ "type": "Feature", "properties": { "betriebstag": "2026-01-08", "frt_fid": "49100", "edge_idx": 2, "cum_start_m": 512.9345907511447, "cum_end_m": 853.93326983610382 }, "geometry": { "type": "LineString", "coordinates": [ [ 7.5283925, 51.917628888888885 ], [ 7.5272425, 51.920610833333328 ] ] } },
{ "type": "Feature", "properties": { "betriebstag": "2026-01-08", "frt_fid": "49100", "edge_idx": 3, "cum_start_m": 853.93326983610382, "cum_end_m": 1134.347999177452 }, "geometry": { "type": "LineString", "coordinates": [ [ 7.5272425, 51.920610833333328 ], [ 7.526746944444445, 51.923113055555554 ] ] } },
{ "type": "Feature", "properties": { "betriebstag": "2026-01-08", "frt_fid": "49100", "edge_idx": 4, "cum_start_m": 1134.347999177452, "cum_end_m": 1456.2495256673139 }, "geometry": { "type": "LineString", "coordinates": [ [ 7.526746944444445, 51.923113055555554 ], [ 7.522214166666666, 51.923834166666666 ] ] } },
{ "type": "Feature", "properties": { "betriebstag": "2026-01-08", "frt_fid": "49100", "edge_idx": 5, "cum_start_m": 1456.2495256673139, "cum_end_m": 1667.7506820018784 }, "geometry": { "type": "LineString", "coordinates": [ [ 7.522214166666666, 51.923834166666666 ], [ 7.519796388888889, 51.925009166666662 ] ] } },
{ "type": "Feature", "properties": { "betriebstag": "2026-01-08", "frt_fid": "49100", "edge_idx": 6, "cum_start_m": 1667.7506820018784, "cum_end_m": 1927.6472379841873 }, "geometry": { "type": "LineString", "coordinates": [ [ 7.519796388888889, 51.925009166666662 ], [ 7.523565, 51.924836111111105 ] ] } },
{ "type": "Feature", "properties": { "betriebstag": "2026-01-08", "frt_fid": "49100", "edge_idx": 7, "cum_start_m": 1927.6472379841873, "cum_end_m": 2231.3907711767947 }, "geometry": { "type": "LineString", "coordinates": [ [ 7.523565, 51.924836111111105 ], [ 7.527928611111111, 51.924414722222217 ] ] } },
{ "type": "Feature", "properties": { "betriebstag": "2026-01-08", "frt_fid": "49100", "edge_idx": 8, "cum_start_m": 2231.3907711767947, "cum_end_m": 2697.9655963077685 }, "geometry": { "type": "LineString", "coordinates": [ [ 7.527928611111111, 51.924414722222217 ], [ 7.534711111111111, 51.924506111111107 ] ] } },
{ "type": "Feature", "properties": { "betriebstag": "2026-01-08", "frt_fid": "49100", "edge_idx": 9, "cum_start_m": 2697.9655963077685, "cum_end_m": 3893.0446921821531 }, "geometry": { "type": "LineString", "coordinates": [ [ 7.534711111111111, 51.924506111111107 ], [ 7.552072777777777, 51.924955555555556 ] ] } },
{ "type": "Feature", "properties": { "betriebstag": "2026-01-08", "frt_fid": "49100", "edge_idx": 10, "cum_start_m": 3893.0446921821531, "cum_end_m": 4627.6557294966078 }, "geometry": { "type": "LineString", "coordinates": [ [ 7.552072777777777, 51.924955555555556 ], [ 7.562747222222222, 51.9251975 ] ] } },
{ "type": "Feature", "properties": { "betriebstag": "2026-01-08", "frt_fid": "49100", "edge_idx": 11, "cum_start_m": 4627.6557294966078, "cum_end_m": 5380.8593173343543 }, "geometry": { "type": "LineString", "coordinates": [ [ 7.562747222222222, 51.9251975 ], [ 7.573689166666666, 51.924907777777776 ] ] } },
{ "type": "Feature", "properties": { "betriebstag": "2026-01-08", "frt_fid": "49100", "edge_idx": 12, "cum_start_m": 5380.8593173343543, "cum_end_m": 5815.2495216643429 }, "geometry": { "type": "LineString", "coordinates": [ [ 7.573689166666666, 51.924907777777776 ], [ 7.579957777777778, 51.925386666666661 ] ] } },
{ "type": "Feature", "properties": { "betriebstag": "2026-01-08", "frt_fid": "49100", "edge_idx": 13, "cum_start_m": 5815.2495216643429, "cum_end_m": 6079.3752657665036 }, "geometry": { "type": "LineString", "coordinates": [ [ 7.579957777777778, 51.925386666666661 ], [ 7.583341666666667, 51.926509722222221 ] ] } },
{ "type": "Feature", "properties": { "betriebstag": "2026-01-08", "frt_fid": "49100", "edge_idx": 14, "cum_start_m": 6079.3752657665036, "cum_end_m": 6450.9601449603824 }, "geometry": { "type": "LineString", "coordinates": [ [ 7.583341666666667, 51.926509722222221 ], [ 7.588090277777778, 51.928103611111112 ] ] } },
{ "type": "Feature", "properties": { "betriebstag": "2026-01-08", "frt_fid": "49100", "edge_idx": 15, "cum_start_m": 6450.9601449603824, "cum_end_m": 6878.7736095791061 }, "geometry": { "type": "LineString", "coordinates": [ [ 7.588090277777778, 51.928103611111112 ], [ 7.592937222222222, 51.93051472222222 ] ] } },
{ "type": "Feature", "properties": { "betriebstag": "2026-01-08", "frt_fid": "49100", "edge_idx": 16, "cum_start_m": 6878.7736095791061, "cum_end_m": 7100.6558450639195 }, "geometry": { "type": "LineString", "coordinates": [ [ 7.592937222222222, 51.93051472222222 ], [ 7.595317222222222, 51.931861666666663 ] ] } },
{ "type": "Feature", "properties": { "betriebstag": "2026-01-08", "frt_fid": "49100", "edge_idx": 17, "cum_start_m": 7100.6558450639195, "cum_end_m": 7547.7746374858225 }, "geometry": { "type": "LineString", "coordinates": [ [ 7.595317222222222, 51.931861666666663 ], [ 7.600118888888889, 51.934572222222222 ] ] } },
{ "type": "Feature", "properties": { "betriebstag": "2026-01-08", "frt_fid": "49100", "edge_idx": 18, "cum_start_m": 7547.7746374858225, "cum_end_m": 7851.0986481443106 }, "geometry": { "type": "LineString", "coordinates": [ [ 7.600118888888889, 51.934572222222222 ], [ 7.603557777777778, 51.936280277777776 ] ] } },
{ "type": "Feature", "properties": { "betriebstag": "2026-01-08", "frt_fid": "49100", "edge_idx": 19, "cum_start_m": 7851.0986481443106, "cum_end_m": 8139.4908914998105 }, "geometry": { "type": "LineString", "coordinates": [ [ 7.603557777777778, 51.936280277777776 ], [ 7.606431944444444, 51.938168611111109 ] ] } },
{ "type": "Feature", "properties": { "betriebstag": "2026-01-08", "frt_fid": "49100", "edge_idx": 20, "cum_start_m": 8139.4908914998105, "cum_end_m": 8439.6655347032174 }, "geometry": { "type": "LineString", "coordinates": [ [ 7.606431944444444, 51.938168611111109 ], [ 7.609121388888888, 51.94029444444444 ] ] } },
{ "type": "Feature", "properties": { "betriebstag": "2026-01-08", "frt_fid": "49100", "edge_idx": 21, "cum_start_m": 8439.6655347032174, "cum_end_m": 8932.9279763290979 }, "geometry": { "type": "LineString", "coordinates": [ [ 7.609121388888888, 51.94029444444444 ], [ 7.612395555555556, 51.944240277777773 ] ] } },
{ "type": "Feature", "properties": { "betriebstag": "2026-01-08", "frt_fid": "49100", "edge_idx": 22, "cum_start_m": 8932.9279763290979, "cum_end_m": 9593.9734084663633 }, "geometry": { "type": "LineString", "coordinates": [ [ 7.612395555555556, 51.944240277777773 ], [ 7.616818611111111, 51.949517222222219 ] ] } },
{ "type": "Feature", "properties": { "betriebstag": "2026-01-08", "frt_fid": "49100", "edge_idx": 23, "cum_start_m": 9593.9734084663633, "cum_end_m": 9941.2500869354153 }, "geometry": { "type": "LineString", "coordinates": [ [ 7.616818611111111, 51.949517222222219 ], [ 7.619033333333334, 51.952323333333339 ] ] } },
{ "type": "Feature", "properties": { "betriebstag": "2026-01-08", "frt_fid": "49100", "edge_idx": 24, "cum_start_m": 9941.2500869354153, "cum_end_m": 10311.455762363797 }, "geometry": { "type": "LineString", "coordinates": [ [ 7.619033333333334, 51.952323333333339 ], [ 7.621679444444445, 51.955222222222226 ] ] } },
{ "type": "Feature", "properties": { "betriebstag": "2026-01-08", "frt_fid": "49100", "edge_idx": 25, "cum_start_m": 10311.455762363797, "cum_end_m": 10769.242518443578 }, "geometry": { "type": "LineString", "coordinates": [ [ 7.621679444444445, 51.955222222222226 ], [ 7.628273611111112, 51.955803888888894 ] ] } },
{ "type": "Feature", "properties": { "betriebstag": "2026-01-08", "frt_fid": "49100", "edge_idx": 26, "cum_start_m": 10769.242518443578, "cum_end_m": 11235.756337761621 }, "geometry": { "type": "LineString", "coordinates": [ [ 7.628273611111112, 51.955803888888894 ], [ 7.634583333333333, 51.957350555555557 ] ] } },
{ "type": "Feature", "properties": { "betriebstag": "2026-01-08", "frt_fid": "49100", "edge_idx": 27, "cum_start_m": 11235.756337761621, "cum_end_m": 11728.337723597298 }, "geometry": { "type": "LineString", "coordinates": [ [ 7.634583333333333, 51.957350555555557 ], [ 7.635514166666666, 51.961741388888889 ] ] } },
{ "type": "Feature", "properties": { "betriebstag": "2026-01-08", "frt_fid": "49100", "edge_idx": 28, "cum_start_m": 11728.337723597298, "cum_end_m": 12174.065073310801 }, "geometry": { "type": "LineString", "coordinates": [ [ 7.635514166666666, 51.961741388888889 ], [ 7.630303611111112, 51.964128055555555 ] ] } },
{ "type": "Feature", "properties": { "betriebstag": "2026-01-08", "frt_fid": "49100", "edge_idx": 29, "cum_start_m": 12174.065073310801, "cum_end_m": 12439.678286307873 }, "geometry": { "type": "LineString", "coordinates": [ [ 7.630303611111112, 51.964128055555555 ], [ 7.626990833333334, 51.965358611111114 ] ] } },
{ "type": "Feature", "properties": { "betriebstag": "2026-01-08", "frt_fid": "49100", "edge_idx": 30, "cum_start_m": 12439.678286307873, "cum_end_m": 12779.107562132333 }, "geometry": { "type": "LineString", "coordinates": [ [ 7.626990833333334, 51.965358611111114 ], [ 7.6232925, 51.967381666666668 ] ] } },
{ "type": "Feature", "properties": { "betriebstag": "2026-01-08", "frt_fid": "49100", "edge_idx": 31, "cum_start_m": 12779.107562132333, "cum_end_m": 13072.281679112135 }, "geometry": { "type": "LineString", "coordinates": [ [ 7.6232925, 51.967381666666668 ], [ 7.622248611111112, 51.969937222222221 ] ] } },
{ "type": "Feature", "properties": { "betriebstag": "2026-01-08", "frt_fid": "49100", "edge_idx": 32, "cum_start_m": 13072.281679112135, "cum_end_m": 13376.287885595981 }, "geometry": { "type": "LineString", "coordinates": [ [ 7.622248611111112, 51.969937222222221 ], [ 7.623106944444445, 51.972618333333337 ] ] } },
{ "type": "Feature", "properties": { "betriebstag": "2026-01-08", "frt_fid": "49100", "edge_idx": 33, "cum_start_m": 13376.287885595981, "cum_end_m": 13621.86530573016 }, "geometry": { "type": "LineString", "coordinates": [ [ 7.623106944444445, 51.972618333333337 ], [ 7.622308333333334, 51.974770277777779 ] ] } },
{ "type": "Feature", "properties": { "betriebstag": "2026-01-08", "frt_fid": "49100", "edge_idx": 34, "cum_start_m": 13621.86530573016, "cum_end_m": 13991.900775013413 }, "geometry": { "type": "LineString", "coordinates": [ [ 7.622308333333334, 51.974770277777779 ], [ 7.616933333333334, 51.97455305555556 ] ] } },
{ "type": "Feature", "properties": { "betriebstag": "2026-01-08", "frt_fid": "49100", "edge_idx": 35, "cum_start_m": 13991.900775013413, "cum_end_m": 14299.481537855607 }, "geometry": { "type": "LineString", "coordinates": [ [ 7.616933333333334, 51.97455305555556 ], [ 7.612489722222222, 51.974891944444444 ] ] } },
{ "type": "Feature", "properties": { "betriebstag": "2026-01-08", "frt_fid": "49100", "edge_idx": 36, "cum_start_m": 14299.481537855607, "cum_end_m": 14547.995251270841 }, "geometry": { "type": "LineString", "coordinates": [ [ 7.612489722222222, 51.974891944444444 ], [ 7.61234, 51.97712416666667 ] ] } },
{ "type": "Feature", "properties": { "betriebstag": "2026-01-08", "frt_fid": "49100", "edge_idx": 37, "cum_start_m": 14547.995251270841, "cum_end_m": 14812.721890984751 }, "geometry": { "type": "LineString", "coordinates": [ [ 7.61234, 51.97712416666667 ], [ 7.612148333333333, 51.979501111111112 ] ] } },
{ "type": "Feature", "properties": { "betriebstag": "2026-01-08", "frt_fid": "49100", "edge_idx": 38, "cum_start_m": 14812.721890984751, "cum_end_m": 15175.019392042703 }, "geometry": { "type": "LineString", "coordinates": [ [ 7.612148333333333, 51.979501111111112 ], [ 7.611887222222222, 51.982754166666666 ] ] } },
{ "type": "Feature", "properties": { "betriebstag": "2026-01-08", "frt_fid": "49100", "edge_idx": 39, "cum_start_m": 15175.019392042703, "cum_end_m": 15746.086391357845 }, "geometry": { "type": "LineString", "coordinates": [ [ 7.611887222222222, 51.982754166666666 ], [ 7.611500833333333, 51.9878825 ] ] } },
{ "type": "Feature", "properties": { "betriebstag": "2026-01-08", "frt_fid": "49100", "edge_idx": 40, "cum_start_m": 15746.086391357845, "cum_end_m": 16424.249853010529 }, "geometry": { "type": "LineString", "coordinates": [ [ 7.611500833333333, 51.9878825 ], [ 7.612586388888889, 51.993942222222223 ] ] } },
{ "type": "Feature", "properties": { "betriebstag": "2026-01-08", "frt_fid": "49100", "edge_idx": 41, "cum_start_m": 16424.249853010529, "cum_end_m": 16612.39069739858 }, "geometry": { "type": "LineString", "coordinates": [ [ 7.612586388888889, 51.993942222222223 ], [ 7.612988611111111, 51.99561527777778 ] ] } },
{ "type": "Feature", "properties": { "betriebstag": "2026-01-08", "frt_fid": "49100", "edge_idx": 42, "cum_start_m": 16612.39069739858, "cum_end_m": 16879.757597902117 }, "geometry": { "type": "LineString", "coordinates": [ [ 7.612988611111111, 51.99561527777778 ], [ 7.612205, 51.997969722222223 ] ] } },
{ "type": "Feature", "properties": { "betriebstag": "2026-01-08", "frt_fid": "49100", "edge_idx": 43, "cum_start_m": 16879.757597902117, "cum_end_m": 17152.389695180093 }, "geometry": { "type": "LineString", "coordinates": [ [ 7.612205, 51.997969722222223 ], [ 7.6082875, 51.99757 ] ] } },
{ "type": "Feature", "properties": { "betriebstag": "2026-01-08", "frt_fid": "49100", "edge_idx": 44, "cum_start_m": 17152.389695180093, "cum_end_m": 17436.186918475396 }, "geometry": { "type": "LineString", "coordinates": [ [ 7.6082875, 51.99757 ], [ 7.604203611111111, 51.997176944444448 ] ] } },
{ "type": "Feature", "properties": { "betriebstag": "2026-01-08", "frt_fid": "49100", "edge_idx": 45, "cum_start_m": 17436.186918475396, "cum_end_m": 17842.140415629561 }, "geometry": { "type": "LineString", "coordinates": [ [ 7.604203611111111, 51.997176944444448 ], [ 7.598429166666667, 51.997960555555558 ] ] } },
{ "type": "Feature", "properties": { "betriebstag": "2026-01-08", "frt_fid": "49100", "edge_idx": 46, "cum_start_m": 17842.140415629561, "cum_end_m": 18196.691592968011 }, "geometry": { "type": "LineString", "coordinates": [ [ 7.598429166666667, 51.997960555555558 ], [ 7.595289444444444, 52.00049111111111 ] ] } },
{ "type": "Feature", "properties": { "betriebstag": "2026-01-08", "frt_fid": "49100", "edge_idx": 47, "cum_start_m": 18196.691592968011, "cum_end_m": 18406.394435662372 }, "geometry": { "type": "LineString", "coordinates": [ [ 7.595289444444444, 52.00049111111111 ], [ 7.592288888888889, 52.000843333333336 ] ] } },
{ "type": "Feature", "properties": { "betriebstag": "2026-01-08", "frt_fid": "49100", "edge_idx": 48, "cum_start_m": 18406.394435662372, "cum_end_m": 18668.492547611426 }, "geometry": { "type": "LineString", "coordinates": [ [ 7.592288888888889, 52.000843333333336 ], [ 7.590370833333333, 51.998806111111115 ] ] } },
{ "type": "Feature", "properties": { "betriebstag": "2026-01-08", "frt_fid": "49103", "edge_idx": 0, "cum_start_m": 0.0, "cum_end_m": 252.38518567391679 }, "geometry": { "type": "LineString", "coordinates": [ [ 7.590370833333333, 51.998806111111115 ], [ 7.592259166666667, 52.000752777777777 ] ] } },
{ "type": "Feature", "properties": { "betriebstag": "2026-01-08", "frt_fid": "49103", "edge_idx": 1, "cum_start_m": 252.38518567391679, "cum_end_m": 465.78551979183834 }, "geometry": { "type": "LineString", "coordinates": [ [ 7.592259166666667, 52.000752777777777 ], [ 7.595288888888889, 52.000324444444445 ] ] } },
{ "type": "Feature", "properties": { "betriebstag": "2026-01-08", "frt_fid": "49103", "edge_idx": 2, "cum_start_m": 465.78551979183834, "cum_end_m": 817.77613550934825 }, "geometry": { "type": "LineString", "coordinates": [ [ 7.595288888888889, 52.000324444444445 ], [ 7.598407222222222, 51.997812777777781 ] ] } },
{ "type": "Feature", "properties": { "betriebstag": "2026-01-08", "frt_fid": "49103", "edge_idx": 3, "cum_start_m": 817.77613550934825, "cum_end_m": 1135.01387229907 }, "geometry": { "type": "LineString", "coordinates": [ [ 7.598407222222222, 51.997812777777781 ], [ 7.602791388888889, 51.99691277777778 ] ] } },
{ "type": "Feature", "properties": { "betriebstag": "2026-01-08", "frt_fid": "49103", "edge_idx": 4, "cum_start_m": 1135.01387229907, "cum_end_m": 1527.4445791228004 }, "geometry": { "type": "LineString", "coordinates": [ [ 7.602791388888889, 51.99691277777778 ], [ 7.608435, 51.99747 ] ] } },
{ "type": "Feature", "properties": { "betriebstag": "2026-01-08", "frt_fid": "49103", "edge_idx": 5, "cum_start_m": 1527.4445791228004, "cum_end_m": 1804.0313800604363 }, "geometry": { "type": "LineString", "coordinates": [ [ 7.608435, 51.99747 ], [ 7.612418333333333, 51.997840277777776 ] ] } },
{ "type": "Feature", "properties": { "betriebstag": "2026-01-08", "frt_fid": "49103", "edge_idx": 6, "cum_start_m": 1804.0313800604363, "cum_end_m": 2013.0376171625655 }, "geometry": { "type": "LineString", "coordinates": [ [ 7.612418333333333, 51.997840277777776 ], [ 7.612816944444444, 51.9959775 ] ] } },
{ "type": "Feature", "properties": { "betriebstag": "2026-01-08", "frt_fid": "49103", "edge_idx": 7, "cum_start_m": 2013.0376171625655, "cum_end_m": 2360.0194762676874 }, "geometry": { "type": "LineString", "coordinates": [ [ 7.612816944444444, 51.9959775 ], [ 7.611991944444444, 51.9929 ] ] } },
{ "type": "Feature", "properties": { "betriebstag": "2026-01-08", "frt_fid": "49103", "edge_idx": 8, "cum_start_m": 2360.0194762676874, "cum_end_m": 2830.7143886621107 }, "geometry": { "type": "LineString", "coordinates": [ [ 7.611991944444444, 51.9929 ], [ 7.611138611111111, 51.988701388888892 ] ] } },
{ "type": "Feature", "properties": { "betriebstag": "2026-01-08", "frt_fid": "49103", "edge_idx": 9, "cum_start_m": 2830.7143886621107, "cum_end_m": 3509.6057971658861 }, "geometry": { "type": "LineString", "coordinates": [ [ 7.611138611111111, 51.988701388888892 ], [ 7.611624722222222, 51.982605555555558 ] ] } },
{ "type": "Feature", "properties": { "betriebstag": "2026-01-08", "frt_fid": "49103", "edge_idx": 10, "cum_start_m": 3509.6057971658861, "cum_end_m": 3853.593604430167 }, "geometry": { "type": "LineString", "coordinates": [ [ 7.611624722222222, 51.982605555555558 ], [ 7.611845277777777, 51.97951611111111 ] ] } },
{ "type": "Feature", "properties": { "betriebstag": "2026-01-08", "frt_fid": "49103", "edge_idx": 11, "cum_start_m": 3853.593604430167, "cum_end_m": 4146.9336982512405 }, "geometry": { "type": "LineString", "coordinates": [ [ 7.611845277777777, 51.97951611111111 ], [ 7.612074166666666, 51.976882777777782 ] ] } },
{ "type": "Feature", "properties": { "betriebstag": "2026-01-08", "frt_fid": "49103", "edge_idx": 12, "cum_start_m": 4146.9336982512405, "cum_end_m": 4452.3266945865635 }, "geometry": { "type": "LineString", "coordinates": [ [ 7.612074166666666, 51.976882777777782 ], [ 7.613080833333333, 51.974208611111116 ] ] } },
{ "type": "Feature", "properties": { "betriebstag": "2026-01-08", "frt_fid": "49103", "edge_idx": 13, "cum_start_m": 4452.3266945865635, "cum_end_m": 4916.8518467481554 }, "geometry": { "type": "LineString", "coordinates": [ [ 7.613080833333333, 51.974208611111116 ], [ 7.619821666666667, 51.974538055555556 ] ] } },
{ "type": "Feature", "properties": { "betriebstag": "2026-01-08", "frt_fid": "49103", "edge_idx": 14, "cum_start_m": 4916.8518467481554, "cum_end_m": 5163.5275357607197 }, "geometry": { "type": "LineString", "coordinates": [ [ 7.619821666666667, 51.974538055555556 ], [ 7.6233275, 51.974058611111111 ] ] } },
{ "type": "Feature", "properties": { "betriebstag": "2026-01-08", "frt_fid": "49103", "edge_idx": 15, "cum_start_m": 5163.5275357607197, "cum_end_m": 5398.6287585085056 }, "geometry": { "type": "LineString", "coordinates": [ [ 7.6233275, 51.974058611111111 ], [ 7.622440833333334, 51.972017222222227 ] ] } },
{ "type": "Feature", "properties": { "betriebstag": "2026-01-08", "frt_fid": "49103", "edge_idx": 16, "cum_start_m": 5398.6287585085056, "cum_end_m": 5591.8315667054976 }, "geometry": { "type": "LineString", "coordinates": [ [ 7.622440833333334, 51.972017222222227 ], [ 7.622116111111112, 51.970291944444448 ] ] } },
{ "type": "Feature", "properties": { "betriebstag": "2026-01-08", "frt_fid": "49103", "edge_idx": 17, "cum_start_m": 5591.8315667054976, "cum_end_m": 5900.3984632161601 }, "geometry": { "type": "LineString", "coordinates": [ [ 7.622116111111112, 51.970291944444448 ], [ 7.623097777777779, 51.967585 ] ] } },
{ "type": "Feature", "properties": { "betriebstag": "2026-01-08", "frt_fid": "49103", "edge_idx": 18, "cum_start_m": 5900.3984632161601, "cum_end_m": 6273.2500209723021 }, "geometry": { "type": "LineString", "coordinates": [ [ 7.623097777777779, 51.967585 ], [ 7.626976111111111, 51.96524055555556 ] ] } },
{ "type": "Feature", "properties": { "betriebstag": "2026-01-08", "frt_fid": "49103", "edge_idx": 19, "cum_start_m": 6273.2500209723021, "cum_end_m": 6574.2691961920973 }, "geometry": { "type": "LineString", "coordinates": [ [ 7.626976111111111, 51.96524055555556 ], [ 7.630732222222223, 51.963847777777779 ] ] } },
{ "type": "Feature", "properties": { "betriebstag": "2026-01-08", "frt_fid": "49103", "edge_idx": 20, "cum_start_m": 6574.2691961920973, "cum_end_m": 7014.8486351403217 }, "geometry": { "type": "LineString", "coordinates": [ [ 7.630732222222223, 51.963847777777779 ], [ 7.635060833333333, 51.960925833333334 ] ] } },
{ "type": "Feature", "properties": { "betriebstag": "2026-01-08", "frt_fid": "49103", "edge_idx": 21, "cum_start_m": 7014.8486351403217, "cum_end_m": 7426.5254121041244 }, "geometry": { "type": "LineString", "coordinates": [ [ 7.635060833333333, 51.960925833333334 ], [ 7.634171666666666, 51.957265833333338 ] ] } },
{ "type": "Feature", "properties": { "betriebstag": "2026-01-08", "frt_fid": "49103", "edge_idx": 22, "cum_start_m": 7426.5254121041244, "cum_end_m": 7950.3431831831149 }, "geometry": { "type": "LineString", "coordinates": [ [ 7.634171666666666, 51.957265833333338 ], [ 7.626748055555556, 51.956198333333333 ] ] } },
{ "type": "Feature", "properties": { "betriebstag": "2026-01-08", "frt_fid": "49103", "edge_idx": 23, "cum_start_m": 7950.3431831831149, "cum_end_m": 8342.0366972905358 }, "geometry": { "type": "LineString", "coordinates": [ [ 7.626748055555556, 51.956198333333333 ], [ 7.621243611111112, 51.955285277777783 ] ] } },
{ "type": "Feature", "properties": { "betriebstag": "2026-01-08", "frt_fid": "49103", "edge_idx": 24, "cum_start_m": 8342.0366972905358, "cum_end_m": 8767.0286066528079 }, "geometry": { "type": "LineString", "coordinates": [ [ 7.621243611111112, 51.955285277777783 ], [ 7.618360555555556, 51.951905277777783 ] ] } },
{ "type": "Feature", "properties": { "betriebstag": "2026-01-08", "frt_fid": "49103", "edge_idx": 25, "cum_start_m": 8767.0286066528079, "cum_end_m": 9095.2637837406583 }, "geometry": { "type": "LineString", "coordinates": [ [ 7.618360555555556, 51.951905277777783 ], [ 7.616151388888889, 51.949289166666667 ] ] } },
{ "type": "Feature", "properties": { "betriebstag": "2026-01-08", "frt_fid": "49103", "edge_idx": 26, "cum_start_m": 9095.2637837406583, "cum_end_m": 9727.8555085226053 }, "geometry": { "type": "LineString", "coordinates": [ [ 7.616151388888889, 51.949289166666667 ], [ 7.612045833333333, 51.944199444444443 ] ] } },
{ "type": "Feature", "properties": { "betriebstag": "2026-01-08", "frt_fid": "49103", "edge_idx": 27, "cum_start_m": 9727.8555085226053, "cum_end_m": 10211.243590625469 }, "geometry": { "type": "LineString", "coordinates": [ [ 7.612045833333333, 51.944199444444443 ], [ 7.608778611111111, 51.940351388888885 ] ] } },
{ "type": "Feature", "properties": { "betriebstag": "2026-01-08", "frt_fid": "49103", "edge_idx": 28, "cum_start_m": 10211.243590625469, "cum_end_m": 10531.784382585989 }, "geometry": { "type": "LineString", "coordinates": [ [ 7.608778611111111, 51.940351388888885 ], [ 7.605851666666666, 51.938108333333332 ] ] } },
{ "type": "Feature", "properties": { "betriebstag": "2026-01-08", "frt_fid": "49103", "edge_idx": 29, "cum_start_m": 10531.784382585989, "cum_end_m": 10826.220830002298 }, "geometry": { "type": "LineString", "coordinates": [ [ 7.605851666666666, 51.938108333333332 ], [ 7.602868611111111, 51.936209166666664 ] ] } },
{ "type": "Feature", "properties": { "betriebstag": "2026-01-08", "frt_fid": "49103", "edge_idx": 30, "cum_start_m": 10826.220830002298, "cum_end_m": 11107.547957517067 }, "geometry": { "type": "LineString", "coordinates": [ [ 7.602868611111111, 51.936209166666664 ], [ 7.599746944444444, 51.934574166666664 ] ] } },
{ "type": "Feature", "properties": { "betriebstag": "2026-01-08", "frt_fid": "49103", "edge_idx": 31, "cum_start_m": 11107.547957517067, "cum_end_m": 11603.237017736159 }, "geometry": { "type": "LineString", "coordinates": [ [ 7.599746944444444, 51.934574166666664 ], [ 7.594443055555555, 51.931556111111107 ] ] } },
{ "type": "Feature", "properties": { "betriebstag": "2026-01-08", "frt_fid": "49103", "edge_idx": 32, "cum_start_m": 11603.237017736159, "cum_end_m": 11843.388957195351 }, "geometry": { "type": "LineString", "coordinates": [ [ 7.594443055555555, 51.931556111111107 ], [ 7.591849444444444, 51.930110277777779 ] ] } },
{ "type": "Feature", "properties": { "betriebstag": "2026-01-08", "frt_fid": "49103", "edge_idx": 33, "cum_start_m": 11843.388957195351, "cum_end_m": 12191.84927886982 }, "geometry": { "type": "LineString", "coordinates": [ [ 7.591849444444444, 51.930110277777779 ], [ 7.587873611111111, 51.928168055555552 ] ] } },
{ "type": "Feature", "properties": { "betriebstag": "2026-01-08", "frt_fid": "49103", "edge_idx": 34, "cum_start_m": 12191.84927886982, "cum_end_m": 12571.841950427828 }, "geometry": { "type": "LineString", "coordinates": [ [ 7.587873611111111, 51.928168055555552 ], [ 7.582982777777778, 51.926578333333332 ] ] } },
{ "type": "Feature", "properties": { "betriebstag": "2026-01-08", "frt_fid": "49103", "edge_idx": 35, "cum_start_m": 12571.841950427828, "cum_end_m": 12900.072642387888 }, "geometry": { "type": "LineString", "coordinates": [ [ 7.582982777777778, 51.926578333333332 ], [ 7.578722777777777, 51.925247777777777 ] ] } },
{ "type": "Feature", "properties": { "betriebstag": "2026-01-08", "frt_fid": "49103", "edge_idx": 36, "cum_start_m": 12900.072642387888, "cum_end_m": 13276.012459881504 }, "geometry": { "type": "LineString", "coordinates": [ [ 7.578722777777777, 51.925247777777777 ], [ 7.573266111111111, 51.925046388888887 ] ] } },
{ "type": "Feature", "properties": { "betriebstag": "2026-01-08", "frt_fid": "49103", "edge_idx": 37, "cum_start_m": 13276.012459881504, "cum_end_m": 14100.758832079808 }, "geometry": { "type": "LineString", "coordinates": [ [ 7.573266111111111, 51.925046388888887 ], [ 7.561284166666667, 51.925354166666665 ] ] } },
{ "type": "Feature", "properties": { "betriebstag": "2026-01-08", "frt_fid": "49103", "edge_idx": 38, "cum_start_m": 14100.758832079808, "cum_end_m": 14790.067665141069 }, "geometry": { "type": "LineString", "coordinates": [ [ 7.561284166666667, 51.925354166666665 ], [ 7.551272222222222, 51.925064166666665 ] ] } },
{ "type": "Feature", "properties": { "betriebstag": "2026-01-08", "frt_fid": "49103", "edge_idx": 39, "cum_start_m": 14790.067665141069, "cum_end_m": 15971.447205531978 }, "geometry": { "type": "LineString", "coordinates": [ [ 7.551272222222222, 51.925064166666665 ], [ 7.534105277777778, 51.924687777777777 ] ] } },
{ "type": "Feature", "properties": { "betriebstag": "2026-01-08", "frt_fid": "49103", "edge_idx": 40, "cum_start_m": 15971.447205531978, "cum_end_m": 16426.700717325602 }, "geometry": { "type": "LineString", "coordinates": [ [ 7.534105277777778, 51.924687777777777 ], [ 7.527485833333333, 51.924708611111107 ] ] } },
{ "type": "Feature", "properties": { "betriebstag": "2026-01-08", "frt_fid": "49103", "edge_idx": 41, "cum_start_m": 16426.700717325602, "cum_end_m": 16680.91432050231 }, "geometry": { "type": "LineString", "coordinates": [ [ 7.527485833333333, 51.924708611111107 ], [ 7.523809166666666, 51.924944166666663 ] ] } },
{ "type": "Feature", "properties": { "betriebstag": "2026-01-08", "frt_fid": "49103", "edge_idx": 42, "cum_start_m": 16680.91432050231, "cum_end_m": 17003.434758414649 }, "geometry": { "type": "LineString", "coordinates": [ [ 7.523809166666666, 51.924944166666663 ], [ 7.519123611111111, 51.925064166666665 ] ] } },
{ "type": "Feature", "properties": { "betriebstag": "2026-01-08", "frt_fid": "49103", "edge_idx": 43, "cum_start_m": 17003.434758414649, "cum_end_m": 17272.753674940966 }, "geometry": { "type": "LineString", "coordinates": [ [ 7.519123611111111, 51.925064166666665 ], [ 7.522211944444444, 51.923575555555551 ] ] } },
{ "type": "Feature", "properties": { "betriebstag": "2026-01-08", "frt_fid": "49103", "edge_idx": 44, "cum_start_m": 17272.753674940966, "cum_end_m": 17585.094865628053 }, "geometry": { "type": "LineString", "coordinates": [ [ 7.522211944444444, 51.923575555555551 ], [ 7.526630833333333, 51.922927777777772 ] ] } },
{ "type": "Feature", "properties": { "betriebstag": "2026-01-08", "frt_fid": "49103", "edge_idx": 45, "cum_start_m": 17585.094865628053, "cum_end_m": 17912.539339693223 }, "geometry": { "type": "LineString", "coordinates": [ [ 7.526630833333333, 51.922927777777772 ], [ 7.527240833333333, 51.920008333333328 ] ] } },
{ "type": "Feature", "properties": { "betriebstag": "2026-01-08", "frt_fid": "49103", "edge_idx": 46, "cum_start_m": 17912.539339693223, "cum_end_m": 18164.880429445235 }, "geometry": { "type": "LineString", "coordinates": [ [ 7.527240833333333, 51.920008333333328 ], [ 7.528196111111111, 51.91781805555555 ] ] } },
{ "type": "Feature", "properties": { "betriebstag": "2026-01-08", "frt_fid": "49103", "edge_idx": 47, "cum_start_m": 18164.880429445235, "cum_end_m": 18399.365935811704 }, "geometry": { "type": "LineString", "coordinates": [ [ 7.528196111111111, 51.91781805555555 ], [ 7.525296388888889, 51.916709722222222 ] ] } },
{ "type": "Feature", "properties": { "betriebstag": "2026-01-08", "frt_fid": "49103", "edge_idx": 48, "cum_start_m": 18399.365935811704, "cum_end_m": 18672.120609331803 }, "geometry": { "type": "LineString", "coordinates": [ [ 7.525296388888889, 51.916709722222222 ], [ 7.527406944444444, 51.914633888888886 ] ] } },
{ "type": "Feature", "properties": { "betriebstag": "2026-01-08", "frt_fid": "49104", "edge_idx": 0, "cum_start_m": 0.0, "cum_end_m": 14135.263423397677 }, "geometry": { "type": "LineString", "coordinates": [ [ 7.527406944444444, 51.914633888888886 ], [ 7.46265, 52.03525 ] ] } },
{ "type": "Feature", "properties": { "betriebstag": "2026-01-15", "frt_fid": "24514", "edge_idx": 0, "cum_start_m": 0.0, "cum_end_m": 14135.263423397677 }, "geometry": { "type": "LineString", "coordinates": [ [ 7.46265, 52.03525 ], [ 7.527406944444444, 51.914633888888886 ] ] } },
{ "type": "Feature", "properties": { "betriebstag": "2026-01-15", "frt_fid": "24515", "edge_idx": 0, "cum_start_m": 0.0, "cum_end_m": 252.81103068142528 }, "geometry": { "type": "LineString", "coordinates": [ [ 7.527406944444444, 51.914633888888886 ], [ 7.525148611111111, 51.916426944444446 ] ] } },
{ "type": "Feature", "properties": { "betriebstag": "2026-01-15", "frt_fid": "24515", "edge_idx": 1, "cum_start_m": 252.81103068142528, "cum_end_m": 512.9345907511447 }, "geometry": { "type": "LineString", "coordinates": [ [ 7.525148611111111, 51.916426944444446 ], [ 7.5283925, 51.917628888888885 ] ] } },
{ "type": "Feature", "properties": { "betriebstag": "2026-01-15", "frt_fid": "24515", "edge_idx": 2, "cum_start_m": 512.9345907511447, "cum_end_m": 853.93326983610382 }, "geometry": { "type": "LineString", "coordinates": [ [ 7.5283925, 51.917628888888885 ], [ 7.5272425, 51.920610833333328 ] ] } },
{ "type": "Feature", "properties": { "betriebstag": "2026-01-15", "frt_fid": "24515", "edge_idx": 3, "cum_start_m": 853.93326983610382, "cum_end_m": 1134.347999177452 }, "geometry": { "type": "LineString", "coordinates": [ [ 7.5272425, 51.920610833333328 ], [ 7.526746944444445, 51.923113055555554 ] ] } },
{ "type": "Feature", "properties": { "betriebstag": "2026-01-15", "frt_fid": "24515", "edge_idx": 4, "cum_start_m": 1134.347999177452, "cum_end_m": 1456.2495256673139 }, "geometry": { "type": "LineString", "coordinates": [ [ 7.526746944444445, 51.923113055555554 ], [ 7.522214166666666, 51.923834166666666 ] ] } },
{ "type": "Feature", "properties": { "betriebstag": "2026-01-15", "frt_fid": "24515", "edge_idx": 5, "cum_start_m": 1456.2495256673139, "cum_end_m": 1667.7506820018784 }, "geometry": { "type": "LineString", "coordinates": [ [ 7.522214166666666, 51.923834166666666 ], [ 7.519796388888889, 51.925009166666662 ] ] } },
{ "type": "Feature", "properties": { "betriebstag": "2026-01-15", "frt_fid": "24515", "edge_idx": 6, "cum_start_m": 1667.7506820018784, "cum_end_m": 1927.6472379841873 }, "geometry": { "type": "LineString", "coordinates": [ [ 7.519796388888889, 51.925009166666662 ], [ 7.523565, 51.924836111111105 ] ] } },
{ "type": "Feature", "properties": { "betriebstag": "2026-01-15", "frt_fid": "24515", "edge_idx": 7, "cum_start_m": 1927.6472379841873, "cum_end_m": 2231.3907711767947 }, "geometry": { "type": "LineString", "coordinates": [ [ 7.523565, 51.924836111111105 ], [ 7.527928611111111, 51.924414722222217 ] ] } },
{ "type": "Feature", "properties": { "betriebstag": "2026-01-15", "frt_fid": "24515", "edge_idx": 8, "cum_start_m": 2231.3907711767947, "cum_end_m": 2697.9655963077685 }, "geometry": { "type": "LineString", "coordinates": [ [ 7.527928611111111, 51.924414722222217 ], [ 7.534711111111111, 51.924506111111107 ] ] } },
{ "type": "Feature", "properties": { "betriebstag": "2026-01-15", "frt_fid": "24515", "edge_idx": 9, "cum_start_m": 2697.9655963077685, "cum_end_m": 3893.0446921821531 }, "geometry": { "type": "LineString", "coordinates": [ [ 7.534711111111111, 51.924506111111107 ], [ 7.552072777777777, 51.924955555555556 ] ] } },
{ "type": "Feature", "properties": { "betriebstag": "2026-01-15", "frt_fid": "24515", "edge_idx": 10, "cum_start_m": 3893.0446921821531, "cum_end_m": 4627.6557294966078 }, "geometry": { "type": "LineString", "coordinates": [ [ 7.552072777777777, 51.924955555555556 ], [ 7.562747222222222, 51.9251975 ] ] } },
{ "type": "Feature", "properties": { "betriebstag": "2026-01-15", "frt_fid": "24515", "edge_idx": 11, "cum_start_m": 4627.6557294966078, "cum_end_m": 5380.8593173343543 }, "geometry": { "type": "LineString", "coordinates": [ [ 7.562747222222222, 51.9251975 ], [ 7.573689166666666, 51.924907777777776 ] ] } },
{ "type": "Feature", "properties": { "betriebstag": "2026-01-15", "frt_fid": "24515", "edge_idx": 12, "cum_start_m": 5380.8593173343543, "cum_end_m": 5815.2495216643429 }, "geometry": { "type": "LineString", "coordinates": [ [ 7.573689166666666, 51.924907777777776 ], [ 7.579957777777778, 51.925386666666661 ] ] } },
{ "type": "Feature", "properties": { "betriebstag": "2026-01-15", "frt_fid": "24515", "edge_idx": 13, "cum_start_m": 5815.2495216643429, "cum_end_m": 6079.3752657665036 }, "geometry": { "type": "LineString", "coordinates": [ [ 7.579957777777778, 51.925386666666661 ], [ 7.583341666666667, 51.926509722222221 ] ] } },
{ "type": "Feature", "properties": { "betriebstag": "2026-01-15", "frt_fid": "24515", "edge_idx": 14, "cum_start_m": 6079.3752657665036, "cum_end_m": 6450.9601449603824 }, "geometry": { "type": "LineString", "coordinates": [ [ 7.583341666666667, 51.926509722222221 ], [ 7.588090277777778, 51.928103611111112 ] ] } },
{ "type": "Feature", "properties": { "betriebstag": "2026-01-15", "frt_fid": "24515", "edge_idx": 15, "cum_start_m": 6450.9601449603824, "cum_end_m": 6878.7736095791061 }, "geometry": { "type": "LineString", "coordinates": [ [ 7.588090277777778, 51.928103611111112 ], [ 7.592937222222222, 51.93051472222222 ] ] } },
{ "type": "Feature", "properties": { "betriebstag": "2026-01-15", "frt_fid": "24515", "edge_idx": 16, "cum_start_m": 6878.7736095791061, "cum_end_m": 7100.6558450639195 }, "geometry": { "type": "LineString", "coordinates": [ [ 7.592937222222222, 51.93051472222222 ], [ 7.595317222222222, 51.931861666666663 ] ] } },
{ "type": "Feature", "properties": { "betriebstag": "2026-01-15", "frt_fid": "24515", "edge_idx": 17, "cum_start_m": 7100.6558450639195, "cum_end_m": 7547.7746374858225 }, "geometry": { "type": "LineString", "coordinates": [ [ 7.595317222222222, 51.931861666666663 ], [ 7.600118888888889, 51.934572222222222 ] ] } },
{ "type": "Feature", "properties": { "betriebstag": "2026-01-15", "frt_fid": "24515", "edge_idx": 18, "cum_start_m": 7547.7746374858225, "cum_end_m": 7851.0986481443106 }, "geometry": { "type": "LineString", "coordinates": [ [ 7.600118888888889, 51.934572222222222 ], [ 7.603557777777778, 51.936280277777776 ] ] } },
{ "type": "Feature", "properties": { "betriebstag": "2026-01-15", "frt_fid": "24515", "edge_idx": 19, "cum_start_m": 7851.0986481443106, "cum_end_m": 8139.4908914998105 }, "geometry": { "type": "LineString", "coordinates": [ [ 7.603557777777778, 51.936280277777776 ], [ 7.606431944444444, 51.938168611111109 ] ] } },
{ "type": "Feature", "properties": { "betriebstag": "2026-01-15", "frt_fid": "24515", "edge_idx": 20, "cum_start_m": 8139.4908914998105, "cum_end_m": 8439.6655347032174 }, "geometry": { "type": "LineString", "coordinates": [ [ 7.606431944444444, 51.938168611111109 ], [ 7.609121388888888, 51.94029444444444 ] ] } },
{ "type": "Feature", "properties": { "betriebstag": "2026-01-15", "frt_fid": "24515", "edge_idx": 21, "cum_start_m": 8439.6655347032174, "cum_end_m": 8932.9279763290979 }, "geometry": { "type": "LineString", "coordinates": [ [ 7.609121388888888, 51.94029444444444 ], [ 7.612395555555556, 51.944240277777773 ] ] } },
{ "type": "Feature", "properties": { "betriebstag": "2026-01-15", "frt_fid": "24515", "edge_idx": 22, "cum_start_m": 8932.9279763290979, "cum_end_m": 9593.9734084663633 }, "geometry": { "type": "LineString", "coordinates": [ [ 7.612395555555556, 51.944240277777773 ], [ 7.616818611111111, 51.949517222222219 ] ] } },
{ "type": "Feature", "properties": { "betriebstag": "2026-01-15", "frt_fid": "24515", "edge_idx": 23, "cum_start_m": 9593.9734084663633, "cum_end_m": 9941.2500869354153 }, "geometry": { "type": "LineString", "coordinates": [ [ 7.616818611111111, 51.949517222222219 ], [ 7.619033333333334, 51.952323333333339 ] ] } },
{ "type": "Feature", "properties": { "betriebstag": "2026-01-15", "frt_fid": "24515", "edge_idx": 24, "cum_start_m": 9941.2500869354153, "cum_end_m": 10311.455762363797 }, "geometry": { "type": "LineString", "coordinates": [ [ 7.619033333333334, 51.952323333333339 ], [ 7.621679444444445, 51.955222222222226 ] ] } },
{ "type": "Feature", "properties": { "betriebstag": "2026-01-15", "frt_fid": "24515", "edge_idx": 25, "cum_start_m": 10311.455762363797, "cum_end_m": 10769.242518443578 }, "geometry": { "type": "LineString", "coordinates": [ [ 7.621679444444445, 51.955222222222226 ], [ 7.628273611111112, 51.955803888888894 ] ] } },
{ "type": "Feature", "properties": { "betriebstag": "2026-01-15", "frt_fid": "24515", "edge_idx": 26, "cum_start_m": 10769.242518443578, "cum_end_m": 11235.756337761621 }, "geometry": { "type": "LineString", "coordinates": [ [ 7.628273611111112, 51.955803888888894 ], [ 7.634583333333333, 51.957350555555557 ] ] } },
{ "type": "Feature", "properties": { "betriebstag": "2026-01-15", "frt_fid": "24515", "edge_idx": 27, "cum_start_m": 11235.756337761621, "cum_end_m": 11728.337723597298 }, "geometry": { "type": "LineString", "coordinates": [ [ 7.634583333333333, 51.957350555555557 ], [ 7.635514166666666, 51.961741388888889 ] ] } },
{ "type": "Feature", "properties": { "betriebstag": "2026-01-15", "frt_fid": "24515", "edge_idx": 28, "cum_start_m": 11728.337723597298, "cum_end_m": 12174.065073310801 }, "geometry": { "type": "LineString", "coordinates": [ [ 7.635514166666666, 51.961741388888889 ], [ 7.630303611111112, 51.964128055555555 ] ] } },
{ "type": "Feature", "properties": { "betriebstag": "2026-01-15", "frt_fid": "24515", "edge_idx": 29, "cum_start_m": 12174.065073310801, "cum_end_m": 12439.678286307873 }, "geometry": { "type": "LineString", "coordinates": [ [ 7.630303611111112, 51.964128055555555 ], [ 7.626990833333334, 51.965358611111114 ] ] } },
{ "type": "Feature", "properties": { "betriebstag": "2026-01-15", "frt_fid": "24515", "edge_idx": 30, "cum_start_m": 12439.678286307873, "cum_end_m": 12779.107562132333 }, "geometry": { "type": "LineString", "coordinates": [ [ 7.626990833333334, 51.965358611111114 ], [ 7.6232925, 51.967381666666668 ] ] } },
{ "type": "Feature", "properties": { "betriebstag": "2026-01-15", "frt_fid": "24515", "edge_idx": 31, "cum_start_m": 12779.107562132333, "cum_end_m": 13072.281679112135 }, "geometry": { "type": "LineString", "coordinates": [ [ 7.6232925, 51.967381666666668 ], [ 7.622248611111112, 51.969937222222221 ] ] } },
{ "type": "Feature", "properties": { "betriebstag": "2026-01-15", "frt_fid": "24515", "edge_idx": 32, "cum_start_m": 13072.281679112135, "cum_end_m": 13376.287885595981 }, "geometry": { "type": "LineString", "coordinates": [ [ 7.622248611111112, 51.969937222222221 ], [ 7.623106944444445, 51.972618333333337 ] ] } },
{ "type": "Feature", "properties": { "betriebstag": "2026-01-15", "frt_fid": "24515", "edge_idx": 33, "cum_start_m": 13376.287885595981, "cum_end_m": 13621.86530573016 }, "geometry": { "type": "LineString", "coordinates": [ [ 7.623106944444445, 51.972618333333337 ], [ 7.622308333333334, 51.974770277777779 ] ] } },
{ "type": "Feature", "properties": { "betriebstag": "2026-01-15", "frt_fid": "24515", "edge_idx": 34, "cum_start_m": 13621.86530573016, "cum_end_m": 13991.900775013413 }, "geometry": { "type": "LineString", "coordinates": [ [ 7.622308333333334, 51.974770277777779 ], [ 7.616933333333334, 51.97455305555556 ] ] } },
{ "type": "Feature", "properties": { "betriebstag": "2026-01-15", "frt_fid": "24515", "edge_idx": 35, "cum_start_m": 13991.900775013413, "cum_end_m": 14299.481537855607 }, "geometry": { "type": "LineString", "coordinates": [ [ 7.616933333333334, 51.97455305555556 ], [ 7.612489722222222, 51.974891944444444 ] ] } },
{ "type": "Feature", "properties": { "betriebstag": "2026-01-15", "frt_fid": "24515", "edge_idx": 36, "cum_start_m": 14299.481537855607, "cum_end_m": 14547.995251270841 }, "geometry": { "type": "LineString", "coordinates": [ [ 7.612489722222222, 51.974891944444444 ], [ 7.61234, 51.97712416666667 ] ] } },
{ "type": "Feature", "properties": { "betriebstag": "2026-01-15", "frt_fid": "24515", "edge_idx": 37, "cum_start_m": 14547.995251270841, "cum_end_m": 14812.721890984751 }, "geometry": { "type": "LineString", "coordinates": [ [ 7.61234, 51.97712416666667 ], [ 7.612148333333333, 51.979501111111112 ] ] } },
{ "type": "Feature", "properties": { "betriebstag": "2026-01-15", "frt_fid": "24515", "edge_idx": 38, "cum_start_m": 14812.721890984751, "cum_end_m": 15175.019392042703 }, "geometry": { "type": "LineString", "coordinates": [ [ 7.612148333333333, 51.979501111111112 ], [ 7.611887222222222, 51.982754166666666 ] ] } },
{ "type": "Feature", "properties": { "betriebstag": "2026-01-15", "frt_fid": "24515", "edge_idx": 39, "cum_start_m": 15175.019392042703, "cum_end_m": 15746.086391357845 }, "geometry": { "type": "LineString", "coordinates": [ [ 7.611887222222222, 51.982754166666666 ], [ 7.611500833333333, 51.9878825 ] ] } },
{ "type": "Feature", "properties": { "betriebstag": "2026-01-15", "frt_fid": "24515", "edge_idx": 40, "cum_start_m": 15746.086391357845, "cum_end_m": 16424.249853010529 }, "geometry": { "type": "LineString", "coordinates": [ [ 7.611500833333333, 51.9878825 ], [ 7.612586388888889, 51.993942222222223 ] ] } },
{ "type": "Feature", "properties": { "betriebstag": "2026-01-15", "frt_fid": "24515", "edge_idx": 41, "cum_start_m": 16424.249853010529, "cum_end_m": 16612.39069739858 }, "geometry": { "type": "LineString", "coordinates": [ [ 7.612586388888889, 51.993942222222223 ], [ 7.612988611111111, 51.99561527777778 ] ] } },
{ "type": "Feature", "properties": { "betriebstag": "2026-01-15", "frt_fid": "24515", "edge_idx": 42, "cum_start_m": 16612.39069739858, "cum_end_m": 16879.757597902117 }, "geometry": { "type": "LineString", "coordinates": [ [ 7.612988611111111, 51.99561527777778 ], [ 7.612205, 51.997969722222223 ] ] } },
{ "type": "Feature", "properties": { "betriebstag": "2026-01-15", "frt_fid": "24515", "edge_idx": 43, "cum_start_m": 16879.757597902117, "cum_end_m": 17152.389695180093 }, "geometry": { "type": "LineString", "coordinates": [ [ 7.612205, 51.997969722222223 ], [ 7.6082875, 51.99757 ] ] } },
{ "type": "Feature", "properties": { "betriebstag": "2026-01-15", "frt_fid": "24515", "edge_idx": 44, "cum_start_m": 17152.389695180093, "cum_end_m": 17436.186918475396 }, "geometry": { "type": "LineString", "coordinates": [ [ 7.6082875, 51.99757 ], [ 7.604203611111111, 51.997176944444448 ] ] } },
{ "type": "Feature", "properties": { "betriebstag": "2026-01-15", "frt_fid": "24515", "edge_idx": 45, "cum_start_m": 17436.186918475396, "cum_end_m": 17842.140415629561 }, "geometry": { "type": "LineString", "coordinates": [ [ 7.604203611111111, 51.997176944444448 ], [ 7.598429166666667, 51.997960555555558 ] ] } },
{ "type": "Feature", "properties": { "betriebstag": "2026-01-15", "frt_fid": "24515", "edge_idx": 46, "cum_start_m": 17842.140415629561, "cum_end_m": 18196.691592968011 }, "geometry": { "type": "LineString", "coordinates": [ [ 7.598429166666667, 51.997960555555558 ], [ 7.595289444444444, 52.00049111111111 ] ] } },
{ "type": "Feature", "properties": { "betriebstag": "2026-01-15", "frt_fid": "24515", "edge_idx": 47, "cum_start_m": 18196.691592968011, "cum_end_m": 18406.394435662372 }, "geometry": { "type": "LineString", "coordinates": [ [ 7.595289444444444, 52.00049111111111 ], [ 7.592288888888889, 52.000843333333336 ] ] } },
{ "type": "Feature", "properties": { "betriebstag": "2026-01-15", "frt_fid": "24515", "edge_idx": 48, "cum_start_m": 18406.394435662372, "cum_end_m": 18668.492547611426 }, "geometry": { "type": "LineString", "coordinates": [ [ 7.592288888888889, 52.000843333333336 ], [ 7.590370833333333, 51.998806111111115 ] ] } },
{ "type": "Feature", "properties": { "betriebstag": "2026-01-15", "frt_fid": "24516", "edge_idx": 0, "cum_start_m": 0.0, "cum_end_m": 252.38518567391679 }, "geometry": { "type": "LineString", "coordinates": [ [ 7.590370833333333, 51.998806111111115 ], [ 7.592259166666667, 52.000752777777777 ] ] } },
{ "type": "Feature", "properties": { "betriebstag": "2026-01-15", "frt_fid": "24516", "edge_idx": 1, "cum_start_m": 252.38518567391679, "cum_end_m": 465.78551979183834 }, "geometry": { "type": "LineString", "coordinates": [ [ 7.592259166666667, 52.000752777777777 ], [ 7.595288888888889, 52.000324444444445 ] ] } },
{ "type": "Feature", "properties": { "betriebstag": "2026-01-15", "frt_fid": "24516", "edge_idx": 2, "cum_start_m": 465.78551979183834, "cum_end_m": 817.77613550934825 }, "geometry": { "type": "LineString", "coordinates": [ [ 7.595288888888889, 52.000324444444445 ], [ 7.598407222222222, 51.997812777777781 ] ] } },
{ "type": "Feature", "properties": { "betriebstag": "2026-01-15", "frt_fid": "24516", "edge_idx": 3, "cum_start_m": 817.77613550934825, "cum_end_m": 1135.01387229907 }, "geometry": { "type": "LineString", "coordinates": [ [ 7.598407222222222, 51.997812777777781 ], [ 7.602791388888889, 51.99691277777778 ] ] } },
{ "type": "Feature", "properties": { "betriebstag": "2026-01-15", "frt_fid": "24516", "edge_idx": 4, "cum_start_m": 1135.01387229907, "cum_end_m": 1527.4445791228004 }, "geometry": { "type": "LineString", "coordinates": [ [ 7.602791388888889, 51.99691277777778 ], [ 7.608435, 51.99747 ] ] } },
{ "type": "Feature", "properties": { "betriebstag": "2026-01-15", "frt_fid": "24516", "edge_idx": 5, "cum_start_m": 1527.4445791228004, "cum_end_m": 1804.0313800604363 }, "geometry": { "type": "LineString", "coordinates": [ [ 7.608435, 51.99747 ], [ 7.612418333333333, 51.997840277777776 ] ] } },
{ "type": "Feature", "properties": { "betriebstag": "2026-01-15", "frt_fid": "24516", "edge_idx": 6, "cum_start_m": 1804.0313800604363, "cum_end_m": 2013.0376171625655 }, "geometry": { "type": "LineString", "coordinates": [ [ 7.612418333333333, 51.997840277777776 ], [ 7.612816944444444, 51.9959775 ] ] } },
{ "type": "Feature", "properties": { "betriebstag": "2026-01-15", "frt_fid": "24516", "edge_idx": 7, "cum_start_m": 2013.0376171625655, "cum_end_m": 2360.0194762676874 }, "geometry": { "type": "LineString", "coordinates": [ [ 7.612816944444444, 51.9959775 ], [ 7.611991944444444, 51.9929 ] ] } },
{ "type": "Feature", "properties": { "betriebstag": "2026-01-15", "frt_fid": "24516", "edge_idx": 8, "cum_start_m": 2360.0194762676874, "cum_end_m": 2830.7143886621107 }, "geometry": { "type": "LineString", "coordinates": [ [ 7.611991944444444, 51.9929 ], [ 7.611138611111111, 51.988701388888892 ] ] } },
{ "type": "Feature", "properties": { "betriebstag": "2026-01-15", "frt_fid": "24516", "edge_idx": 9, "cum_start_m": 2830.7143886621107, "cum_end_m": 3509.6057971658861 }, "geometry": { "type": "LineString", "coordinates": [ [ 7.611138611111111, 51.988701388888892 ], [ 7.611624722222222, 51.982605555555558 ] ] } },
{ "type": "Feature", "properties": { "betriebstag": "2026-01-15", "frt_fid": "24516", "edge_idx": 10, "cum_start_m": 3509.6057971658861, "cum_end_m": 3853.593604430167 }, "geometry": { "type": "LineString", "coordinates": [ [ 7.611624722222222, 51.982605555555558 ], [ 7.611845277777777, 51.97951611111111 ] ] } },
{ "type": "Feature", "properties": { "betriebstag": "2026-01-15", "frt_fid": "24516", "edge_idx": 11, "cum_start_m": 3853.593604430167, "cum_end_m": 4146.9336982512405 }, "geometry": { "type": "LineString", "coordinates": [ [ 7.611845277777777, 51.97951611111111 ], [ 7.612074166666666, 51.976882777777782 ] ] } },
{ "type": "Feature", "properties": { "betriebstag": "2026-01-15", "frt_fid": "24516", "edge_idx": 12, "cum_start_m": 4146.9336982512405, "cum_end_m": 4452.3266945865635 }, "geometry": { "type": "LineString", "coordinates": [ [ 7.612074166666666, 51.976882777777782 ], [ 7.613080833333333, 51.974208611111116 ] ] } },
{ "type": "Feature", "properties": { "betriebstag": "2026-01-15", "frt_fid": "24516", "edge_idx": 13, "cum_start_m": 4452.3266945865635, "cum_end_m": 4916.8518467481554 }, "geometry": { "type": "LineString", "coordinates": [ [ 7.613080833333333, 51.974208611111116 ], [ 7.619821666666667, 51.974538055555556 ] ] } },
{ "type": "Feature", "properties": { "betriebstag": "2026-01-15", "frt_fid": "24516", "edge_idx": 14, "cum_start_m": 4916.8518467481554, "cum_end_m": 5163.5275357607197 }, "geometry": { "type": "LineString", "coordinates": [ [ 7.619821666666667, 51.974538055555556 ], [ 7.6233275, 51.974058611111111 ] ] } },
{ "type": "Feature", "properties": { "betriebstag": "2026-01-15", "frt_fid": "24516", "edge_idx": 15, "cum_start_m": 5163.5275357607197, "cum_end_m": 5398.6287585085056 }, "geometry": { "type": "LineString", "coordinates": [ [ 7.6233275, 51.974058611111111 ], [ 7.622440833333334, 51.972017222222227 ] ] } },
{ "type": "Feature", "properties": { "betriebstag": "2026-01-15", "frt_fid": "24516", "edge_idx": 16, "cum_start_m": 5398.6287585085056, "cum_end_m": 5591.8315667054976 }, "geometry": { "type": "LineString", "coordinates": [ [ 7.622440833333334, 51.972017222222227 ], [ 7.622116111111112, 51.970291944444448 ] ] } },
{ "type": "Feature", "properties": { "betriebstag": "2026-01-15", "frt_fid": "24516", "edge_idx": 17, "cum_start_m": 5591.8315667054976, "cum_end_m": 5900.3984632161601 }, "geometry": { "type": "LineString", "coordinates": [ [ 7.622116111111112, 51.970291944444448 ], [ 7.623097777777779, 51.967585 ] ] } },
{ "type": "Feature", "properties": { "betriebstag": "2026-01-15", "frt_fid": "24516", "edge_idx": 18, "cum_start_m": 5900.3984632161601, "cum_end_m": 6273.2500209723021 }, "geometry": { "type": "LineString", "coordinates": [ [ 7.623097777777779, 51.967585 ], [ 7.626976111111111, 51.96524055555556 ] ] } },
{ "type": "Feature", "properties": { "betriebstag": "2026-01-15", "frt_fid": "24516", "edge_idx": 19, "cum_start_m": 6273.2500209723021, "cum_end_m": 6574.2691961920973 }, "geometry": { "type": "LineString", "coordinates": [ [ 7.626976111111111, 51.96524055555556 ], [ 7.630732222222223, 51.963847777777779 ] ] } },
{ "type": "Feature", "properties": { "betriebstag": "2026-01-15", "frt_fid": "24516", "edge_idx": 20, "cum_start_m": 6574.2691961920973, "cum_end_m": 7014.8486351403217 }, "geometry": { "type": "LineString", "coordinates": [ [ 7.630732222222223, 51.963847777777779 ], [ 7.635060833333333, 51.960925833333334 ] ] } },
{ "type": "Feature", "properties": { "betriebstag": "2026-01-15", "frt_fid": "24516", "edge_idx": 21, "cum_start_m": 7014.8486351403217, "cum_end_m": 7426.5254121041244 }, "geometry": { "type": "LineString", "coordinates": [ [ 7.635060833333333, 51.960925833333334 ], [ 7.634171666666666, 51.957265833333338 ] ] } },
{ "type": "Feature", "properties": { "betriebstag": "2026-01-15", "frt_fid": "24516", "edge_idx": 22, "cum_start_m": 7426.5254121041244, "cum_end_m": 7950.3431831831149 }, "geometry": { "type": "LineString", "coordinates": [ [ 7.634171666666666, 51.957265833333338 ], [ 7.626748055555556, 51.956198333333333 ] ] } },
{ "type": "Feature", "properties": { "betriebstag": "2026-01-15", "frt_fid": "24516", "edge_idx": 23, "cum_start_m": 7950.3431831831149, "cum_end_m": 8342.0366972905358 }, "geometry": { "type": "LineString", "coordinates": [ [ 7.626748055555556, 51.956198333333333 ], [ 7.621243611111112, 51.955285277777783 ] ] } },
{ "type": "Feature", "properties": { "betriebstag": "2026-01-15", "frt_fid": "24516", "edge_idx": 24, "cum_start_m": 8342.0366972905358, "cum_end_m": 8767.0286066528079 }, "geometry": { "type": "LineString", "coordinates": [ [ 7.621243611111112, 51.955285277777783 ], [ 7.618360555555556, 51.951905277777783 ] ] } },
{ "type": "Feature", "properties": { "betriebstag": "2026-01-15", "frt_fid": "24516", "edge_idx": 25, "cum_start_m": 8767.0286066528079, "cum_end_m": 9095.2637837406583 }, "geometry": { "type": "LineString", "coordinates": [ [ 7.618360555555556, 51.951905277777783 ], [ 7.616151388888889, 51.949289166666667 ] ] } },
{ "type": "Feature", "properties": { "betriebstag": "2026-01-15", "frt_fid": "24516", "edge_idx": 26, "cum_start_m": 9095.2637837406583, "cum_end_m": 9727.8555085226053 }, "geometry": { "type": "LineString", "coordinates": [ [ 7.616151388888889, 51.949289166666667 ], [ 7.612045833333333, 51.944199444444443 ] ] } },
{ "type": "Feature", "properties": { "betriebstag": "2026-01-15", "frt_fid": "24516", "edge_idx": 27, "cum_start_m": 9727.8555085226053, "cum_end_m": 10211.243590625469 }, "geometry": { "type": "LineString", "coordinates": [ [ 7.612045833333333, 51.944199444444443 ], [ 7.608778611111111, 51.940351388888885 ] ] } },
{ "type": "Feature", "properties": { "betriebstag": "2026-01-15", "frt_fid": "24516", "edge_idx": 28, "cum_start_m": 10211.243590625469, "cum_end_m": 10531.784382585989 }, "geometry": { "type": "LineString", "coordinates": [ [ 7.608778611111111, 51.940351388888885 ], [ 7.605851666666666, 51.938108333333332 ] ] } },
{ "type": "Feature", "properties": { "betriebstag": "2026-01-15", "frt_fid": "24516", "edge_idx": 29, "cum_start_m": 10531.784382585989, "cum_end_m": 10826.220830002298 }, "geometry": { "type": "LineString", "coordinates": [ [ 7.605851666666666, 51.938108333333332 ], [ 7.602868611111111, 51.936209166666664 ] ] } },
{ "type": "Feature", "properties": { "betriebstag": "2026-01-15", "frt_fid": "24516", "edge_idx": 30, "cum_start_m": 10826.220830002298, "cum_end_m": 11107.547957517067 }, "geometry": { "type": "LineString", "coordinates": [ [ 7.602868611111111, 51.936209166666664 ], [ 7.599746944444444, 51.934574166666664 ] ] } },
{ "type": "Feature", "properties": { "betriebstag": "2026-01-15", "frt_fid": "24516", "edge_idx": 31, "cum_start_m": 11107.547957517067, "cum_end_m": 11603.237017736159 }, "geometry": { "type": "LineString", "coordinates": [ [ 7.599746944444444, 51.934574166666664 ], [ 7.594443055555555, 51.931556111111107 ] ] } },
{ "type": "Feature", "properties": { "betriebstag": "2026-01-15", "frt_fid": "24516", "edge_idx": 32, "cum_start_m": 11603.237017736159, "cum_end_m": 11843.388957195351 }, "geometry": { "type": "LineString", "coordinates": [ [ 7.594443055555555, 51.931556111111107 ], [ 7.591849444444444, 51.930110277777779 ] ] } },
{ "type": "Feature", "properties": { "betriebstag": "2026-01-15", "frt_fid": "24516", "edge_idx": 33, "cum_start_m": 11843.388957195351, "cum_end_m": 12191.84927886982 }, "geometry": { "type": "LineString", "coordinates": [ [ 7.591849444444444, 51.930110277777779 ], [ 7.587873611111111, 51.928168055555552 ] ] } },
{ "type": "Feature", "properties": { "betriebstag": "2026-01-15", "frt_fid": "24516", "edge_idx": 34, "cum_start_m": 12191.84927886982, "cum_end_m": 12571.841950427828 }, "geometry": { "type": "LineString", "coordinates": [ [ 7.587873611111111, 51.928168055555552 ], [ 7.582982777777778, 51.926578333333332 ] ] } },
{ "type": "Feature", "properties": { "betriebstag": "2026-01-15", "frt_fid": "24516", "edge_idx": 35, "cum_start_m": 12571.841950427828, "cum_end_m": 12900.072642387888 }, "geometry": { "type": "LineString", "coordinates": [ [ 7.582982777777778, 51.926578333333332 ], [ 7.578722777777777, 51.925247777777777 ] ] } },
{ "type": "Feature", "properties": { "betriebstag": "2026-01-15", "frt_fid": "24516", "edge_idx": 36, "cum_start_m": 12900.072642387888, "cum_end_m": 13276.012459881504 }, "geometry": { "type": "LineString", "coordinates": [ [ 7.578722777777777, 51.925247777777777 ], [ 7.573266111111111, 51.925046388888887 ] ] } },
{ "type": "Feature", "properties": { "betriebstag": "2026-01-15", "frt_fid": "24516", "edge_idx": 37, "cum_start_m": 13276.012459881504, "cum_end_m": 14100.758832079808 }, "geometry": { "type": "LineString", "coordinates": [ [ 7.573266111111111, 51.925046388888887 ], [ 7.561284166666667, 51.925354166666665 ] ] } },
{ "type": "Feature", "properties": { "betriebstag": "2026-01-15", "frt_fid": "24516", "edge_idx": 38, "cum_start_m": 14100.758832079808, "cum_end_m": 14790.067665141069 }, "geometry": { "type": "LineString", "coordinates": [ [ 7.561284166666667, 51.925354166666665 ], [ 7.551272222222222, 51.925064166666665 ] ] } },
{ "type": "Feature", "properties": { "betriebstag": "2026-01-15", "frt_fid": "24516", "edge_idx": 39, "cum_start_m": 14790.067665141069, "cum_end_m": 15971.447205531978 }, "geometry": { "type": "LineString", "coordinates": [ [ 7.551272222222222, 51.925064166666665 ], [ 7.534105277777778, 51.924687777777777 ] ] } },
{ "type": "Feature", "properties": { "betriebstag": "2026-01-15", "frt_fid": "24516", "edge_idx": 40, "cum_start_m": 15971.447205531978, "cum_end_m": 16426.700717325602 }, "geometry": { "type": "LineString", "coordinates": [ [ 7.534105277777778, 51.924687777777777 ], [ 7.527485833333333, 51.924708611111107 ] ] } },
{ "type": "Feature", "properties": { "betriebstag": "2026-01-15", "frt_fid": "24516", "edge_idx": 41, "cum_start_m": 16426.700717325602, "cum_end_m": 16680.91432050231 }, "geometry": { "type": "LineString", "coordinates": [ [ 7.527485833333333, 51.924708611111107 ], [ 7.523809166666666, 51.924944166666663 ] ] } },
{ "type": "Feature", "properties": { "betriebstag": "2026-01-15", "frt_fid": "24516", "edge_idx": 42, "cum_start_m": 16680.91432050231, "cum_end_m": 17003.434758414649 }, "geometry": { "type": "LineString", "coordinates": [ [ 7.523809166666666, 51.924944166666663 ], [ 7.519123611111111, 51.925064166666665 ] ] } },
{ "type": "Feature", "properties": { "betriebstag": "2026-01-15", "frt_fid": "24516", "edge_idx": 43, "cum_start_m": 17003.434758414649, "cum_end_m": 17272.753674940966 }, "geometry": { "type": "LineString", "coordinates": [ [ 7.519123611111111, 51.925064166666665 ], [ 7.522211944444444, 51.923575555555551 ] ] } },
{ "type": "Feature", "properties": { "betriebstag": "2026-01-15", "frt_fid": "24516", "edge_idx": 44, "cum_start_m": 17272.753674940966, "cum_end_m": 17585.094865628053 }, "geometry": { "type": "LineString", "coordinates": [ [ 7.522211944444444, 51.923575555555551 ], [ 7.526630833333333, 51.922927777777772 ] ] } },
{ "type": "Feature", "properties": { "betriebstag": "2026-01-15", "frt_fid": "24516", "edge_idx": 45, "cum_start_m": 17585.094865628053, "cum_end_m": 17912.539339693223 }, "geometry": { "type": "LineString", "coordinates": [ [ 7.526630833333333, 51.922927777777772 ], [ 7.527240833333333, 51.920008333333328 ] ] } },
{ "type": "Feature", "properties": { "betriebstag": "2026-01-15", "frt_fid": "24516", "edge_idx": 46, "cum_start_m": 17912.539339693223, "cum_end_m": 18164.880429445235 }, "geometry": { "type": "LineString", "coordinates": [ [ 7.527240833333333, 51.920008333333328 ], [ 7.528196111111111, 51.91781805555555 ] ] } },
{ "type": "Feature", "properties": { "betriebstag": "2026-01-15", "frt_fid": "24516", "edge_idx": 47, "cum_start_m": 18164.880429445235, "cum_end_m": 18399.365935811704 }, "geometry": { "type": "LineString", "coordinates": [ [ 7.528196111111111, 51.91781805555555 ], [ 7.525296388888889, 51.916709722222222 ] ] } },
{ "type": "Feature", "properties": { "betriebstag": "2026-01-15", "frt_fid": "24516", "edge_idx": 48, "cum_start_m": 18399.365935811704, "cum_end_m": 18672.120609331803 }, "geometry": { "type": "LineString", "coordinates": [ [ 7.525296388888889, 51.916709722222222 ], [ 7.527406944444444, 51.914633888888886 ] ] } },
{ "type": "Feature", "properties": { "betriebstag": "2026-01-15", "frt_fid": "24524", "edge_idx": 0, "cum_start_m": 0.0, "cum_end_m": 252.38518567391679 }, "geometry": { "type": "LineString", "coordinates": [ [ 7.590370833333333, 51.998806111111115 ], [ 7.592259166666667, 52.000752777777777 ] ] } },
{ "type": "Feature", "properties": { "betriebstag": "2026-01-15", "frt_fid": "24524", "edge_idx": 1, "cum_start_m": 252.38518567391679, "cum_end_m": 465.78551979183834 }, "geometry": { "type": "LineString", "coordinates": [ [ 7.592259166666667, 52.000752777777777 ], [ 7.595288888888889, 52.000324444444445 ] ] } },
{ "type": "Feature", "properties": { "betriebstag": "2026-01-15", "frt_fid": "24524", "edge_idx": 2, "cum_start_m": 465.78551979183834, "cum_end_m": 817.77613550934825 }, "geometry": { "type": "LineString", "coordinates": [ [ 7.595288888888889, 52.000324444444445 ], [ 7.598407222222222, 51.997812777777781 ] ] } },
{ "type": "Feature", "properties": { "betriebstag": "2026-01-15", "frt_fid": "24524", "edge_idx": 3, "cum_start_m": 817.77613550934825, "cum_end_m": 1135.01387229907 }, "geometry": { "type": "LineString", "coordinates": [ [ 7.598407222222222, 51.997812777777781 ], [ 7.602791388888889, 51.99691277777778 ] ] } },
{ "type": "Feature", "properties": { "betriebstag": "2026-01-15", "frt_fid": "24524", "edge_idx": 4, "cum_start_m": 1135.01387229907, "cum_end_m": 1527.4445791228004 }, "geometry": { "type": "LineString", "coordinates": [ [ 7.602791388888889, 51.99691277777778 ], [ 7.608435, 51.99747 ] ] } },
{ "type": "Feature", "properties": { "betriebstag": "2026-01-15", "frt_fid": "24524", "edge_idx": 5, "cum_start_m": 1527.4445791228004, "cum_end_m": 1804.0313800604363 }, "geometry": { "type": "LineString", "coordinates": [ [ 7.608435, 51.99747 ], [ 7.612418333333333, 51.997840277777776 ] ] } },
{ "type": "Feature", "properties": { "betriebstag": "2026-01-15", "frt_fid": "24524", "edge_idx": 6, "cum_start_m": 1804.0313800604363, "cum_end_m": 2013.0376171625655 }, "geometry": { "type": "LineString", "coordinates": [ [ 7.612418333333333, 51.997840277777776 ], [ 7.612816944444444, 51.9959775 ] ] } },
{ "type": "Feature", "properties": { "betriebstag": "2026-01-15", "frt_fid": "24524", "edge_idx": 7, "cum_start_m": 2013.0376171625655, "cum_end_m": 2360.0194762676874 }, "geometry": { "type": "LineString", "coordinates": [ [ 7.612816944444444, 51.9959775 ], [ 7.611991944444444, 51.9929 ] ] } },
{ "type": "Feature", "properties": { "betriebstag": "2026-01-15", "frt_fid": "24524", "edge_idx": 8, "cum_start_m": 2360.0194762676874, "cum_end_m": 2830.7143886621107 }, "geometry": { "type": "LineString", "coordinates": [ [ 7.611991944444444, 51.9929 ], [ 7.611138611111111, 51.988701388888892 ] ] } },
{ "type": "Feature", "properties": { "betriebstag": "2026-01-15", "frt_fid": "24524", "edge_idx": 9, "cum_start_m": 2830.7143886621107, "cum_end_m": 3509.6057971658861 }, "geometry": { "type": "LineString", "coordinates": [ [ 7.611138611111111, 51.988701388888892 ], [ 7.611624722222222, 51.982605555555558 ] ] } },
{ "type": "Feature", "properties": { "betriebstag": "2026-01-15", "frt_fid": "24524", "edge_idx": 10, "cum_start_m": 3509.6057971658861, "cum_end_m": 3853.593604430167 }, "geometry": { "type": "LineString", "coordinates": [ [ 7.611624722222222, 51.982605555555558 ], [ 7.611845277777777, 51.97951611111111 ] ] } },
{ "type": "Feature", "properties": { "betriebstag": "2026-01-15", "frt_fid": "24524", "edge_idx": 11, "cum_start_m": 3853.593604430167, "cum_end_m": 4146.9336982512405 }, "geometry": { "type": "LineString", "coordinates": [ [ 7.611845277777777, 51.97951611111111 ], [ 7.612074166666666, 51.976882777777782 ] ] } },
{ "type": "Feature", "properties": { "betriebstag": "2026-01-15", "frt_fid": "24524", "edge_idx": 12, "cum_start_m": 4146.9336982512405, "cum_end_m": 4452.3266945865635 }, "geometry": { "type": "LineString", "coordinates": [ [ 7.612074166666666, 51.976882777777782 ], [ 7.613080833333333, 51.974208611111116 ] ] } },
{ "type": "Feature", "properties": { "betriebstag": "2026-01-15", "frt_fid": "24524", "edge_idx": 13, "cum_start_m": 4452.3266945865635, "cum_end_m": 4916.8518467481554 }, "geometry": { "type": "LineString", "coordinates": [ [ 7.613080833333333, 51.974208611111116 ], [ 7.619821666666667, 51.974538055555556 ] ] } },
{ "type": "Feature", "properties": { "betriebstag": "2026-01-15", "frt_fid": "24524", "edge_idx": 14, "cum_start_m": 4916.8518467481554, "cum_end_m": 5163.5275357607197 }, "geometry": { "type": "LineString", "coordinates": [ [ 7.619821666666667, 51.974538055555556 ], [ 7.6233275, 51.974058611111111 ] ] } },
{ "type": "Feature", "properties": { "betriebstag": "2026-01-15", "frt_fid": "24524", "edge_idx": 15, "cum_start_m": 5163.5275357607197, "cum_end_m": 5398.6287585085056 }, "geometry": { "type": "LineString", "coordinates": [ [ 7.6233275, 51.974058611111111 ], [ 7.622440833333334, 51.972017222222227 ] ] } },
{ "type": "Feature", "properties": { "betriebstag": "2026-01-15", "frt_fid": "24524", "edge_idx": 16, "cum_start_m": 5398.6287585085056, "cum_end_m": 5591.8315667054976 }, "geometry": { "type": "LineString", "coordinates": [ [ 7.622440833333334, 51.972017222222227 ], [ 7.622116111111112, 51.970291944444448 ] ] } },
{ "type": "Feature", "properties": { "betriebstag": "2026-01-15", "frt_fid": "24524", "edge_idx": 17, "cum_start_m": 5591.8315667054976, "cum_end_m": 5900.3984632161601 }, "geometry": { "type": "LineString", "coordinates": [ [ 7.622116111111112, 51.970291944444448 ], [ 7.623097777777779, 51.967585 ] ] } },
{ "type": "Feature", "properties": { "betriebstag": "2026-01-15", "frt_fid": "24524", "edge_idx": 18, "cum_start_m": 5900.3984632161601, "cum_end_m": 6273.2500209723021 }, "geometry": { "type": "LineString", "coordinates": [ [ 7.623097777777779, 51.967585 ], [ 7.626976111111111, 51.96524055555556 ] ] } },
{ "type": "Feature", "properties": { "betriebstag": "2026-01-15", "frt_fid": "24524", "edge_idx": 19, "cum_start_m": 6273.2500209723021, "cum_end_m": 6574.2691961920973 }, "geometry": { "type": "LineString", "coordinates": [ [ 7.626976111111111, 51.96524055555556 ], [ 7.630732222222223, 51.963847777777779 ] ] } },
{ "type": "Feature", "properties": { "betriebstag": "2026-01-15", "frt_fid": "24524", "edge_idx": 20, "cum_start_m": 6574.2691961920973, "cum_end_m": 7014.8486351403217 }, "geometry": { "type": "LineString", "coordinates": [ [ 7.630732222222223, 51.963847777777779 ], [ 7.635060833333333, 51.960925833333334 ] ] } },
{ "type": "Feature", "properties": { "betriebstag": "2026-01-15", "frt_fid": "24524", "edge_idx": 21, "cum_start_m": 7014.8486351403217, "cum_end_m": 7426.5254121041244 }, "geometry": { "type": "LineString", "coordinates": [ [ 7.635060833333333, 51.960925833333334 ], [ 7.634171666666666, 51.957265833333338 ] ] } },
{ "type": "Feature", "properties": { "betriebstag": "2026-01-15", "frt_fid": "24524", "edge_idx": 22, "cum_start_m": 7426.5254121041244, "cum_end_m": 7950.3431831831149 }, "geometry": { "type": "LineString", "coordinates": [ [ 7.634171666666666, 51.957265833333338 ], [ 7.626748055555556, 51.956198333333333 ] ] } },
{ "type": "Feature", "properties": { "betriebstag": "2026-01-15", "frt_fid": "24524", "edge_idx": 23, "cum_start_m": 7950.3431831831149, "cum_end_m": 8342.0366972905358 }, "geometry": { "type": "LineString", "coordinates": [ [ 7.626748055555556, 51.956198333333333 ], [ 7.621243611111112, 51.955285277777783 ] ] } },
{ "type": "Feature", "properties": { "betriebstag": "2026-01-15", "frt_fid": "24524", "edge_idx": 24, "cum_start_m": 8342.0366972905358, "cum_end_m": 8767.0286066528079 }, "geometry": { "type": "LineString", "coordinates": [ [ 7.621243611111112, 51.955285277777783 ], [ 7.618360555555556, 51.951905277777783 ] ] } },
{ "type": "Feature", "properties": { "betriebstag": "2026-01-15", "frt_fid": "24524", "edge_idx": 25, "cum_start_m": 8767.0286066528079, "cum_end_m": 9095.2637837406583 }, "geometry": { "type": "LineString", "coordinates": [ [ 7.618360555555556, 51.951905277777783 ], [ 7.616151388888889, 51.949289166666667 ] ] } },
{ "type": "Feature", "properties": { "betriebstag": "2026-01-15", "frt_fid": "24524", "edge_idx": 26, "cum_start_m": 9095.2637837406583, "cum_end_m": 9727.8555085226053 }, "geometry": { "type": "LineString", "coordinates": [ [ 7.616151388888889, 51.949289166666667 ], [ 7.612045833333333, 51.944199444444443 ] ] } },
{ "type": "Feature", "properties": { "betriebstag": "2026-01-15", "frt_fid": "24524", "edge_idx": 27, "cum_start_m": 9727.8555085226053, "cum_end_m": 10211.243590625469 }, "geometry": { "type": "LineString", "coordinates": [ [ 7.612045833333333, 51.944199444444443 ], [ 7.608778611111111, 51.940351388888885 ] ] } },
{ "type": "Feature", "properties": { "betriebstag": "2026-01-15", "frt_fid": "24524", "edge_idx": 28, "cum_start_m": 10211.243590625469, "cum_end_m": 10531.784382585989 }, "geometry": { "type": "LineString", "coordinates": [ [ 7.608778611111111, 51.940351388888885 ], [ 7.605851666666666, 51.938108333333332 ] ] } },
{ "type": "Feature", "properties": { "betriebstag": "2026-01-15", "frt_fid": "24524", "edge_idx": 29, "cum_start_m": 10531.784382585989, "cum_end_m": 10826.220830002298 }, "geometry": { "type": "LineString", "coordinates": [ [ 7.605851666666666, 51.938108333333332 ], [ 7.602868611111111, 51.936209166666664 ] ] } },
{ "type": "Feature", "properties": { "betriebstag": "2026-01-15", "frt_fid": "24524", "edge_idx": 30, "cum_start_m": 10826.220830002298, "cum_end_m": 11107.547957517067 }, "geometry": { "type": "LineString", "coordinates": [ [ 7.602868611111111, 51.936209166666664 ], [ 7.599746944444444, 51.934574166666664 ] ] } },
{ "type": "Feature", "properties": { "betriebstag": "2026-01-15", "frt_fid": "24524", "edge_idx": 31, "cum_start_m": 11107.547957517067, "cum_end_m": 11603.237017736159 }, "geometry": { "type": "LineString", "coordinates": [ [ 7.599746944444444, 51.934574166666664 ], [ 7.594443055555555, 51.931556111111107 ] ] } },
{ "type": "Feature", "properties": { "betriebstag": "2026-01-15", "frt_fid": "24524", "edge_idx": 32, "cum_start_m": 11603.237017736159, "cum_end_m": 11843.388957195351 }, "geometry": { "type": "LineString", "coordinates": [ [ 7.594443055555555, 51.931556111111107 ], [ 7.591849444444444, 51.930110277777779 ] ] } },
{ "type": "Feature", "properties": { "betriebstag": "2026-01-15", "frt_fid": "24524", "edge_idx": 33, "cum_start_m": 11843.388957195351, "cum_end_m": 12191.84927886982 }, "geometry": { "type": "LineString", "coordinates": [ [ 7.591849444444444, 51.930110277777779 ], [ 7.587873611111111, 51.928168055555552 ] ] } },
{ "type": "Feature", "properties": { "betriebstag": "2026-01-15", "frt_fid": "24524", "edge_idx": 34, "cum_start_m": 12191.84927886982, "cum_end_m": 12571.841950427828 }, "geometry": { "type": "LineString", "coordinates": [ [ 7.587873611111111, 51.928168055555552 ], [ 7.582982777777778, 51.926578333333332 ] ] } },
{ "type": "Feature", "properties": { "betriebstag": "2026-01-15", "frt_fid": "24524", "edge_idx": 35, "cum_start_m": 12571.841950427828, "cum_end_m": 12900.072642387888 }, "geometry": { "type": "LineString", "coordinates": [ [ 7.582982777777778, 51.926578333333332 ], [ 7.578722777777777, 51.925247777777777 ] ] } },
{ "type": "Feature", "properties": { "betriebstag": "2026-01-15", "frt_fid": "24524", "edge_idx": 36, "cum_start_m": 12900.072642387888, "cum_end_m": 13276.012459881504 }, "geometry": { "type": "LineString", "coordinates": [ [ 7.578722777777777, 51.925247777777777 ], [ 7.573266111111111, 51.925046388888887 ] ] } },
{ "type": "Feature", "properties": { "betriebstag": "2026-01-15", "frt_fid": "24524", "edge_idx": 37, "cum_start_m": 13276.012459881504, "cum_end_m": 14100.758832079808 }, "geometry": { "type": "LineString", "coordinates": [ [ 7.573266111111111, 51.925046388888887 ], [ 7.561284166666667, 51.925354166666665 ] ] } },
{ "type": "Feature", "properties": { "betriebstag": "2026-01-15", "frt_fid": "24524", "edge_idx": 38, "cum_start_m": 14100.758832079808, "cum_end_m": 14790.067665141069 }, "geometry": { "type": "LineString", "coordinates": [ [ 7.561284166666667, 51.925354166666665 ], [ 7.551272222222222, 51.925064166666665 ] ] } },
{ "type": "Feature", "properties": { "betriebstag": "2026-01-15", "frt_fid": "24524", "edge_idx": 39, "cum_start_m": 14790.067665141069, "cum_end_m": 15971.447205531978 }, "geometry": { "type": "LineString", "coordinates": [ [ 7.551272222222222, 51.925064166666665 ], [ 7.534105277777778, 51.924687777777777 ] ] } },
{ "type": "Feature", "properties": { "betriebstag": "2026-01-15", "frt_fid": "24524", "edge_idx": 40, "cum_start_m": 15971.447205531978, "cum_end_m": 16426.700717325602 }, "geometry": { "type": "LineString", "coordinates": [ [ 7.534105277777778, 51.924687777777777 ], [ 7.527485833333333, 51.924708611111107 ] ] } },
{ "type": "Feature", "properties": { "betriebstag": "2026-01-15", "frt_fid": "24524", "edge_idx": 41, "cum_start_m": 16426.700717325602, "cum_end_m": 16680.91432050231 }, "geometry": { "type": "LineString", "coordinates": [ [ 7.527485833333333, 51.924708611111107 ], [ 7.523809166666666, 51.924944166666663 ] ] } },
{ "type": "Feature", "properties": { "betriebstag": "2026-01-15", "frt_fid": "24524", "edge_idx": 42, "cum_start_m": 16680.91432050231, "cum_end_m": 17003.434758414649 }, "geometry": { "type": "LineString", "coordinates": [ [ 7.523809166666666, 51.924944166666663 ], [ 7.519123611111111, 51.925064166666665 ] ] } },
{ "type": "Feature", "properties": { "betriebstag": "2026-01-15", "frt_fid": "24524", "edge_idx": 43, "cum_start_m": 17003.434758414649, "cum_end_m": 17272.753674940966 }, "geometry": { "type": "LineString", "coordinates": [ [ 7.519123611111111, 51.925064166666665 ], [ 7.522211944444444, 51.923575555555551 ] ] } },
{ "type": "Feature", "properties": { "betriebstag": "2026-01-15", "frt_fid": "24524", "edge_idx": 44, "cum_start_m": 17272.753674940966, "cum_end_m": 17585.094865628053 }, "geometry": { "type": "LineString", "coordinates": [ [ 7.522211944444444, 51.923575555555551 ], [ 7.526630833333333, 51.922927777777772 ] ] } },
{ "type": "Feature", "properties": { "betriebstag": "2026-01-15", "frt_fid": "24524", "edge_idx": 45, "cum_start_m": 17585.094865628053, "cum_end_m": 17912.539339693223 }, "geometry": { "type": "LineString", "coordinates": [ [ 7.526630833333333, 51.922927777777772 ], [ 7.527240833333333, 51.920008333333328 ] ] } },
{ "type": "Feature", "properties": { "betriebstag": "2026-01-15", "frt_fid": "24524", "edge_idx": 46, "cum_start_m": 17912.539339693223, "cum_end_m": 18164.880429445235 }, "geometry": { "type": "LineString", "coordinates": [ [ 7.527240833333333, 51.920008333333328 ], [ 7.528196111111111, 51.91781805555555 ] ] } },
{ "type": "Feature", "properties": { "betriebstag": "2026-01-15", "frt_fid": "24524", "edge_idx": 47, "cum_start_m": 18164.880429445235, "cum_end_m": 18399.365935811704 }, "geometry": { "type": "LineString", "coordinates": [ [ 7.528196111111111, 51.91781805555555 ], [ 7.525296388888889, 51.916709722222222 ] ] } },
{ "type": "Feature", "properties": { "betriebstag": "2026-01-15", "frt_fid": "24524", "edge_idx": 48, "cum_start_m": 18399.365935811704, "cum_end_m": 18672.120609331803 }, "geometry": { "type": "LineString", "coordinates": [ [ 7.525296388888889, 51.916709722222222 ], [ 7.527406944444444, 51.914633888888886 ] ] } },
{ "type": "Feature", "properties": { "betriebstag": "2026-01-15", "frt_fid": "49085", "edge_idx": 0, "cum_start_m": 0.0, "cum_end_m": 252.81103068142528 }, "geometry": { "type": "LineString", "coordinates": [ [ 7.527406944444444, 51.914633888888886 ], [ 7.525148611111111, 51.916426944444446 ] ] } },
{ "type": "Feature", "properties": { "betriebstag": "2026-01-15", "frt_fid": "49085", "edge_idx": 1, "cum_start_m": 252.81103068142528, "cum_end_m": 512.9345907511447 }, "geometry": { "type": "LineString", "coordinates": [ [ 7.525148611111111, 51.916426944444446 ], [ 7.5283925, 51.917628888888885 ] ] } },
{ "type": "Feature", "properties": { "betriebstag": "2026-01-15", "frt_fid": "49085", "edge_idx": 2, "cum_start_m": 512.9345907511447, "cum_end_m": 853.93326983610382 }, "geometry": { "type": "LineString", "coordinates": [ [ 7.5283925, 51.917628888888885 ], [ 7.5272425, 51.920610833333328 ] ] } },
{ "type": "Feature", "properties": { "betriebstag": "2026-01-15", "frt_fid": "49085", "edge_idx": 3, "cum_start_m": 853.93326983610382, "cum_end_m": 1134.347999177452 }, "geometry": { "type": "LineString", "coordinates": [ [ 7.5272425, 51.920610833333328 ], [ 7.526746944444445, 51.923113055555554 ] ] } },
{ "type": "Feature", "properties": { "betriebstag": "2026-01-15", "frt_fid": "49085", "edge_idx": 4, "cum_start_m": 1134.347999177452, "cum_end_m": 1456.2495256673139 }, "geometry": { "type": "LineString", "coordinates": [ [ 7.526746944444445, 51.923113055555554 ], [ 7.522214166666666, 51.923834166666666 ] ] } },
{ "type": "Feature", "properties": { "betriebstag": "2026-01-15", "frt_fid": "49085", "edge_idx": 5, "cum_start_m": 1456.2495256673139, "cum_end_m": 1667.7506820018784 }, "geometry": { "type": "LineString", "coordinates": [ [ 7.522214166666666, 51.923834166666666 ], [ 7.519796388888889, 51.925009166666662 ] ] } },
{ "type": "Feature", "properties": { "betriebstag": "2026-01-15", "frt_fid": "49085", "edge_idx": 6, "cum_start_m": 1667.7506820018784, "cum_end_m": 1927.6472379841873 }, "geometry": { "type": "LineString", "coordinates": [ [ 7.519796388888889, 51.925009166666662 ], [ 7.523565, 51.924836111111105 ] ] } },
{ "type": "Feature", "properties": { "betriebstag": "2026-01-15", "frt_fid": "49085", "edge_idx": 7, "cum_start_m": 1927.6472379841873, "cum_end_m": 2231.3907711767947 }, "geometry": { "type": "LineString", "coordinates": [ [ 7.523565, 51.924836111111105 ], [ 7.527928611111111, 51.924414722222217 ] ] } },
{ "type": "Feature", "properties": { "betriebstag": "2026-01-15", "frt_fid": "49085", "edge_idx": 8, "cum_start_m": 2231.3907711767947, "cum_end_m": 2697.9655963077685 }, "geometry": { "type": "LineString", "coordinates": [ [ 7.527928611111111, 51.924414722222217 ], [ 7.534711111111111, 51.924506111111107 ] ] } },
{ "type": "Feature", "properties": { "betriebstag": "2026-01-15", "frt_fid": "49085", "edge_idx": 9, "cum_start_m": 2697.9655963077685, "cum_end_m": 3893.0446921821531 }, "geometry": { "type": "LineString", "coordinates": [ [ 7.534711111111111, 51.924506111111107 ], [ 7.552072777777777, 51.924955555555556 ] ] } },
{ "type": "Feature", "properties": { "betriebstag": "2026-01-15", "frt_fid": "49085", "edge_idx": 10, "cum_start_m": 3893.0446921821531, "cum_end_m": 4627.6557294966078 }, "geometry": { "type": "LineString", "coordinates": [ [ 7.552072777777777, 51.924955555555556 ], [ 7.562747222222222, 51.9251975 ] ] } },
{ "type": "Feature", "properties": { "betriebstag": "2026-01-15", "frt_fid": "49085", "edge_idx": 11, "cum_start_m": 4627.6557294966078, "cum_end_m": 5380.8593173343543 }, "geometry": { "type": "LineString", "coordinates": [ [ 7.562747222222222, 51.9251975 ], [ 7.573689166666666, 51.924907777777776 ] ] } },
{ "type": "Feature", "properties": { "betriebstag": "2026-01-15", "frt_fid": "49085", "edge_idx": 12, "cum_start_m": 5380.8593173343543, "cum_end_m": 5815.2495216643429 }, "geometry": { "type": "LineString", "coordinates": [ [ 7.573689166666666, 51.924907777777776 ], [ 7.579957777777778, 51.925386666666661 ] ] } },
{ "type": "Feature", "properties": { "betriebstag": "2026-01-15", "frt_fid": "49085", "edge_idx": 13, "cum_start_m": 5815.2495216643429, "cum_end_m": 6079.3752657665036 }, "geometry": { "type": "LineString", "coordinates": [ [ 7.579957777777778, 51.925386666666661 ], [ 7.583341666666667, 51.926509722222221 ] ] } },
{ "type": "Feature", "properties": { "betriebstag": "2026-01-15", "frt_fid": "49085", "edge_idx": 14, "cum_start_m": 6079.3752657665036, "cum_end_m": 6450.9601449603824 }, "geometry": { "type": "LineString", "coordinates": [ [ 7.583341666666667, 51.926509722222221 ], [ 7.588090277777778, 51.928103611111112 ] ] } },
{ "type": "Feature", "properties": { "betriebstag": "2026-01-15", "frt_fid": "49085", "edge_idx": 15, "cum_start_m": 6450.9601449603824, "cum_end_m": 6878.7736095791061 }, "geometry": { "type": "LineString", "coordinates": [ [ 7.588090277777778, 51.928103611111112 ], [ 7.592937222222222, 51.93051472222222 ] ] } },
{ "type": "Feature", "properties": { "betriebstag": "2026-01-15", "frt_fid": "49085", "edge_idx": 16, "cum_start_m": 6878.7736095791061, "cum_end_m": 7100.6558450639195 }, "geometry": { "type": "LineString", "coordinates": [ [ 7.592937222222222, 51.93051472222222 ], [ 7.595317222222222, 51.931861666666663 ] ] } },
{ "type": "Feature", "properties": { "betriebstag": "2026-01-15", "frt_fid": "49085", "edge_idx": 17, "cum_start_m": 7100.6558450639195, "cum_end_m": 7547.7746374858225 }, "geometry": { "type": "LineString", "coordinates": [ [ 7.595317222222222, 51.931861666666663 ], [ 7.600118888888889, 51.934572222222222 ] ] } },
{ "type": "Feature", "properties": { "betriebstag": "2026-01-15", "frt_fid": "49085", "edge_idx": 18, "cum_start_m": 7547.7746374858225, "cum_end_m": 7851.0986481443106 }, "geometry": { "type": "LineString", "coordinates": [ [ 7.600118888888889, 51.934572222222222 ], [ 7.603557777777778, 51.936280277777776 ] ] } },
{ "type": "Feature", "properties": { "betriebstag": "2026-01-15", "frt_fid": "49085", "edge_idx": 19, "cum_start_m": 7851.0986481443106, "cum_end_m": 8139.4908914998105 }, "geometry": { "type": "LineString", "coordinates": [ [ 7.603557777777778, 51.936280277777776 ], [ 7.606431944444444, 51.938168611111109 ] ] } },
{ "type": "Feature", "properties": { "betriebstag": "2026-01-15", "frt_fid": "49085", "edge_idx": 20, "cum_start_m": 8139.4908914998105, "cum_end_m": 8439.6655347032174 }, "geometry": { "type": "LineString", "coordinates": [ [ 7.606431944444444, 51.938168611111109 ], [ 7.609121388888888, 51.94029444444444 ] ] } },
{ "type": "Feature", "properties": { "betriebstag": "2026-01-15", "frt_fid": "49085", "edge_idx": 21, "cum_start_m": 8439.6655347032174, "cum_end_m": 8932.9279763290979 }, "geometry": { "type": "LineString", "coordinates": [ [ 7.609121388888888, 51.94029444444444 ], [ 7.612395555555556, 51.944240277777773 ] ] } },
{ "type": "Feature", "properties": { "betriebstag": "2026-01-15", "frt_fid": "49085", "edge_idx": 22, "cum_start_m": 8932.9279763290979, "cum_end_m": 9593.9734084663633 }, "geometry": { "type": "LineString", "coordinates": [ [ 7.612395555555556, 51.944240277777773 ], [ 7.616818611111111, 51.949517222222219 ] ] } },
{ "type": "Feature", "properties": { "betriebstag": "2026-01-15", "frt_fid": "49085", "edge_idx": 23, "cum_start_m": 9593.9734084663633, "cum_end_m": 9941.2500869354153 }, "geometry": { "type": "LineString", "coordinates": [ [ 7.616818611111111, 51.949517222222219 ], [ 7.619033333333334, 51.952323333333339 ] ] } },
{ "type": "Feature", "properties": { "betriebstag": "2026-01-15", "frt_fid": "49085", "edge_idx": 24, "cum_start_m": 9941.2500869354153, "cum_end_m": 10311.455762363797 }, "geometry": { "type": "LineString", "coordinates": [ [ 7.619033333333334, 51.952323333333339 ], [ 7.621679444444445, 51.955222222222226 ] ] } },
{ "type": "Feature", "properties": { "betriebstag": "2026-01-15", "frt_fid": "49085", "edge_idx": 25, "cum_start_m": 10311.455762363797, "cum_end_m": 10769.242518443578 }, "geometry": { "type": "LineString", "coordinates": [ [ 7.621679444444445, 51.955222222222226 ], [ 7.628273611111112, 51.955803888888894 ] ] } },
{ "type": "Feature", "properties": { "betriebstag": "2026-01-15", "frt_fid": "49085", "edge_idx": 26, "cum_start_m": 10769.242518443578, "cum_end_m": 11235.756337761621 }, "geometry": { "type": "LineString", "coordinates": [ [ 7.628273611111112, 51.955803888888894 ], [ 7.634583333333333, 51.957350555555557 ] ] } },
{ "type": "Feature", "properties": { "betriebstag": "2026-01-15", "frt_fid": "49085", "edge_idx": 27, "cum_start_m": 11235.756337761621, "cum_end_m": 11728.337723597298 }, "geometry": { "type": "LineString", "coordinates": [ [ 7.634583333333333, 51.957350555555557 ], [ 7.635514166666666, 51.961741388888889 ] ] } },
{ "type": "Feature", "properties": { "betriebstag": "2026-01-15", "frt_fid": "49085", "edge_idx": 28, "cum_start_m": 11728.337723597298, "cum_end_m": 12174.065073310801 }, "geometry": { "type": "LineString", "coordinates": [ [ 7.635514166666666, 51.961741388888889 ], [ 7.630303611111112, 51.964128055555555 ] ] } },
{ "type": "Feature", "properties": { "betriebstag": "2026-01-15", "frt_fid": "49085", "edge_idx": 29, "cum_start_m": 12174.065073310801, "cum_end_m": 12439.678286307873 }, "geometry": { "type": "LineString", "coordinates": [ [ 7.630303611111112, 51.964128055555555 ], [ 7.626990833333334, 51.965358611111114 ] ] } },
{ "type": "Feature", "properties": { "betriebstag": "2026-01-15", "frt_fid": "49085", "edge_idx": 30, "cum_start_m": 12439.678286307873, "cum_end_m": 12779.107562132333 }, "geometry": { "type": "LineString", "coordinates": [ [ 7.626990833333334, 51.965358611111114 ], [ 7.6232925, 51.967381666666668 ] ] } },
{ "type": "Feature", "properties": { "betriebstag": "2026-01-15", "frt_fid": "49085", "edge_idx": 31, "cum_start_m": 12779.107562132333, "cum_end_m": 13072.281679112135 }, "geometry": { "type": "LineString", "coordinates": [ [ 7.6232925, 51.967381666666668 ], [ 7.622248611111112, 51.969937222222221 ] ] } },
{ "type": "Feature", "properties": { "betriebstag": "2026-01-15", "frt_fid": "49085", "edge_idx": 32, "cum_start_m": 13072.281679112135, "cum_end_m": 13376.287885595981 }, "geometry": { "type": "LineString", "coordinates": [ [ 7.622248611111112, 51.969937222222221 ], [ 7.623106944444445, 51.972618333333337 ] ] } },
{ "type": "Feature", "properties": { "betriebstag": "2026-01-15", "frt_fid": "49085", "edge_idx": 33, "cum_start_m": 13376.287885595981, "cum_end_m": 13621.86530573016 }, "geometry": { "type": "LineString", "coordinates": [ [ 7.623106944444445, 51.972618333333337 ], [ 7.622308333333334, 51.974770277777779 ] ] } },
{ "type": "Feature", "properties": { "betriebstag": "2026-01-15", "frt_fid": "49085", "edge_idx": 34, "cum_start_m": 13621.86530573016, "cum_end_m": 13991.900775013413 }, "geometry": { "type": "LineString", "coordinates": [ [ 7.622308333333334, 51.974770277777779 ], [ 7.616933333333334, 51.97455305555556 ] ] } },
{ "type": "Feature", "properties": { "betriebstag": "2026-01-15", "frt_fid": "49085", "edge_idx": 35, "cum_start_m": 13991.900775013413, "cum_end_m": 14299.481537855607 }, "geometry": { "type": "LineString", "coordinates": [ [ 7.616933333333334, 51.97455305555556 ], [ 7.612489722222222, 51.974891944444444 ] ] } },
{ "type": "Feature", "properties": { "betriebstag": "2026-01-15", "frt_fid": "49085", "edge_idx": 36, "cum_start_m": 14299.481537855607, "cum_end_m": 14547.995251270841 }, "geometry": { "type": "LineString", "coordinates": [ [ 7.612489722222222, 51.974891944444444 ], [ 7.61234, 51.97712416666667 ] ] } },
{ "type": "Feature", "properties": { "betriebstag": "2026-01-15", "frt_fid": "49085", "edge_idx": 37, "cum_start_m": 14547.995251270841, "cum_end_m": 14812.721890984751 }, "geometry": { "type": "LineString", "coordinates": [ [ 7.61234, 51.97712416666667 ], [ 7.612148333333333, 51.979501111111112 ] ] } },
{ "type": "Feature", "properties": { "betriebstag": "2026-01-15", "frt_fid": "49085", "edge_idx": 38, "cum_start_m": 14812.721890984751, "cum_end_m": 15175.019392042703 }, "geometry": { "type": "LineString", "coordinates": [ [ 7.612148333333333, 51.979501111111112 ], [ 7.611887222222222, 51.982754166666666 ] ] } },
{ "type": "Feature", "properties": { "betriebstag": "2026-01-15", "frt_fid": "49085", "edge_idx": 39, "cum_start_m": 15175.019392042703, "cum_end_m": 15746.086391357845 }, "geometry": { "type": "LineString", "coordinates": [ [ 7.611887222222222, 51.982754166666666 ], [ 7.611500833333333, 51.9878825 ] ] } },
{ "type": "Feature", "properties": { "betriebstag": "2026-01-15", "frt_fid": "49085", "edge_idx": 40, "cum_start_m": 15746.086391357845, "cum_end_m": 16424.249853010529 }, "geometry": { "type": "LineString", "coordinates": [ [ 7.611500833333333, 51.9878825 ], [ 7.612586388888889, 51.993942222222223 ] ] } },
{ "type": "Feature", "properties": { "betriebstag": "2026-01-15", "frt_fid": "49085", "edge_idx": 41, "cum_start_m": 16424.249853010529, "cum_end_m": 16612.39069739858 }, "geometry": { "type": "LineString", "coordinates": [ [ 7.612586388888889, 51.993942222222223 ], [ 7.612988611111111, 51.99561527777778 ] ] } },
{ "type": "Feature", "properties": { "betriebstag": "2026-01-15", "frt_fid": "49085", "edge_idx": 42, "cum_start_m": 16612.39069739858, "cum_end_m": 16879.757597902117 }, "geometry": { "type": "LineString", "coordinates": [ [ 7.612988611111111, 51.99561527777778 ], [ 7.612205, 51.997969722222223 ] ] } },
{ "type": "Feature", "properties": { "betriebstag": "2026-01-15", "frt_fid": "49085", "edge_idx": 43, "cum_start_m": 16879.757597902117, "cum_end_m": 17152.389695180093 }, "geometry": { "type": "LineString", "coordinates": [ [ 7.612205, 51.997969722222223 ], [ 7.6082875, 51.99757 ] ] } },
{ "type": "Feature", "properties": { "betriebstag": "2026-01-15", "frt_fid": "49085", "edge_idx": 44, "cum_start_m": 17152.389695180093, "cum_end_m": 17436.186918475396 }, "geometry": { "type": "LineString", "coordinates": [ [ 7.6082875, 51.99757 ], [ 7.604203611111111, 51.997176944444448 ] ] } },
{ "type": "Feature", "properties": { "betriebstag": "2026-01-15", "frt_fid": "49085", "edge_idx": 45, "cum_start_m": 17436.186918475396, "cum_end_m": 17842.140415629561 }, "geometry": { "type": "LineString", "coordinates": [ [ 7.604203611111111, 51.997176944444448 ], [ 7.598429166666667, 51.997960555555558 ] ] } },
{ "type": "Feature", "properties": { "betriebstag": "2026-01-15", "frt_fid": "49085", "edge_idx": 46, "cum_start_m": 17842.140415629561, "cum_end_m": 18196.691592968011 }, "geometry": { "type": "LineString", "coordinates": [ [ 7.598429166666667, 51.997960555555558 ], [ 7.595289444444444, 52.00049111111111 ] ] } },
{ "type": "Feature", "properties": { "betriebstag": "2026-01-15", "frt_fid": "49085", "edge_idx": 47, "cum_start_m": 18196.691592968011, "cum_end_m": 18406.394435662372 }, "geometry": { "type": "LineString", "coordinates": [ [ 7.595289444444444, 52.00049111111111 ], [ 7.592288888888889, 52.000843333333336 ] ] } },
{ "type": "Feature", "properties": { "betriebstag": "2026-01-15", "frt_fid": "49085", "edge_idx": 48, "cum_start_m": 18406.394435662372, "cum_end_m": 18668.492547611426 }, "geometry": { "type": "LineString", "coordinates": [ [ 7.592288888888889, 52.000843333333336 ], [ 7.590370833333333, 51.998806111111115 ] ] } },
{ "type": "Feature", "properties": { "betriebstag": "2026-01-15", "frt_fid": "49087", "edge_idx": 0, "cum_start_m": 0.0, "cum_end_m": 252.38518567391679 }, "geometry": { "type": "LineString", "coordinates": [ [ 7.590370833333333, 51.998806111111115 ], [ 7.592259166666667, 52.000752777777777 ] ] } },
{ "type": "Feature", "properties": { "betriebstag": "2026-01-15", "frt_fid": "49087", "edge_idx": 1, "cum_start_m": 252.38518567391679, "cum_end_m": 465.78551979183834 }, "geometry": { "type": "LineString", "coordinates": [ [ 7.592259166666667, 52.000752777777777 ], [ 7.595288888888889, 52.000324444444445 ] ] } },
{ "type": "Feature", "properties": { "betriebstag": "2026-01-15", "frt_fid": "49087", "edge_idx": 2, "cum_start_m": 465.78551979183834, "cum_end_m": 817.77613550934825 }, "geometry": { "type": "LineString", "coordinates": [ [ 7.595288888888889, 52.000324444444445 ], [ 7.598407222222222, 51.997812777777781 ] ] } },
{ "type": "Feature", "properties": { "betriebstag": "2026-01-15", "frt_fid": "49087", "edge_idx": 3, "cum_start_m": 817.77613550934825, "cum_end_m": 1135.01387229907 }, "geometry": { "type": "LineString", "coordinates": [ [ 7.598407222222222, 51.997812777777781 ], [ 7.602791388888889, 51.99691277777778 ] ] } },
{ "type": "Feature", "properties": { "betriebstag": "2026-01-15", "frt_fid": "49087", "edge_idx": 4, "cum_start_m": 1135.01387229907, "cum_end_m": 1527.4445791228004 }, "geometry": { "type": "LineString", "coordinates": [ [ 7.602791388888889, 51.99691277777778 ], [ 7.608435, 51.99747 ] ] } },
{ "type": "Feature", "properties": { "betriebstag": "2026-01-15", "frt_fid": "49087", "edge_idx": 5, "cum_start_m": 1527.4445791228004, "cum_end_m": 1804.0313800604363 }, "geometry": { "type": "LineString", "coordinates": [ [ 7.608435, 51.99747 ], [ 7.612418333333333, 51.997840277777776 ] ] } },
{ "type": "Feature", "properties": { "betriebstag": "2026-01-15", "frt_fid": "49087", "edge_idx": 6, "cum_start_m": 1804.0313800604363, "cum_end_m": 2013.0376171625655 }, "geometry": { "type": "LineString", "coordinates": [ [ 7.612418333333333, 51.997840277777776 ], [ 7.612816944444444, 51.9959775 ] ] } },
{ "type": "Feature", "properties": { "betriebstag": "2026-01-15", "frt_fid": "49087", "edge_idx": 7, "cum_start_m": 2013.0376171625655, "cum_end_m": 2360.0194762676874 }, "geometry": { "type": "LineString", "coordinates": [ [ 7.612816944444444, 51.9959775 ], [ 7.611991944444444, 51.9929 ] ] } },
{ "type": "Feature", "properties": { "betriebstag": "2026-01-15", "frt_fid": "49087", "edge_idx": 8, "cum_start_m": 2360.0194762676874, "cum_end_m": 2830.7143886621107 }, "geometry": { "type": "LineString", "coordinates": [ [ 7.611991944444444, 51.9929 ], [ 7.611138611111111, 51.988701388888892 ] ] } },
{ "type": "Feature", "properties": { "betriebstag": "2026-01-15", "frt_fid": "49087", "edge_idx": 9, "cum_start_m": 2830.7143886621107, "cum_end_m": 3509.6057971658861 }, "geometry": { "type": "LineString", "coordinates": [ [ 7.611138611111111, 51.988701388888892 ], [ 7.611624722222222, 51.982605555555558 ] ] } },
{ "type": "Feature", "properties": { "betriebstag": "2026-01-15", "frt_fid": "49087", "edge_idx": 10, "cum_start_m": 3509.6057971658861, "cum_end_m": 3853.593604430167 }, "geometry": { "type": "LineString", "coordinates": [ [ 7.611624722222222, 51.982605555555558 ], [ 7.611845277777777, 51.97951611111111 ] ] } },
{ "type": "Feature", "properties": { "betriebstag": "2026-01-15", "frt_fid": "49087", "edge_idx": 11, "cum_start_m": 3853.593604430167, "cum_end_m": 4146.9336982512405 }, "geometry": { "type": "LineString", "coordinates": [ [ 7.611845277777777, 51.97951611111111 ], [ 7.612074166666666, 51.976882777777782 ] ] } },
{ "type": "Feature", "properties": { "betriebstag": "2026-01-15", "frt_fid": "49087", "edge_idx": 12, "cum_start_m": 4146.9336982512405, "cum_end_m": 4452.3266945865635 }, "geometry": { "type": "LineString", "coordinates": [ [ 7.612074166666666, 51.976882777777782 ], [ 7.613080833333333, 51.974208611111116 ] ] } },
{ "type": "Feature", "properties": { "betriebstag": "2026-01-15", "frt_fid": "49087", "edge_idx": 13, "cum_start_m": 4452.3266945865635, "cum_end_m": 4916.8518467481554 }, "geometry": { "type": "LineString", "coordinates": [ [ 7.613080833333333, 51.974208611111116 ], [ 7.619821666666667, 51.974538055555556 ] ] } },
{ "type": "Feature", "properties": { "betriebstag": "2026-01-15", "frt_fid": "49087", "edge_idx": 14, "cum_start_m": 4916.8518467481554, "cum_end_m": 5163.5275357607197 }, "geometry": { "type": "LineString", "coordinates": [ [ 7.619821666666667, 51.974538055555556 ], [ 7.6233275, 51.974058611111111 ] ] } },
{ "type": "Feature", "properties": { "betriebstag": "2026-01-15", "frt_fid": "49087", "edge_idx": 15, "cum_start_m": 5163.5275357607197, "cum_end_m": 5398.6287585085056 }, "geometry": { "type": "LineString", "coordinates": [ [ 7.6233275, 51.974058611111111 ], [ 7.622440833333334, 51.972017222222227 ] ] } },
{ "type": "Feature", "properties": { "betriebstag": "2026-01-15", "frt_fid": "49087", "edge_idx": 16, "cum_start_m": 5398.6287585085056, "cum_end_m": 5591.8315667054976 }, "geometry": { "type": "LineString", "coordinates": [ [ 7.622440833333334, 51.972017222222227 ], [ 7.622116111111112, 51.970291944444448 ] ] } },
{ "type": "Feature", "properties": { "betriebstag": "2026-01-15", "frt_fid": "49087", "edge_idx": 17, "cum_start_m": 5591.8315667054976, "cum_end_m": 5900.3984632161601 }, "geometry": { "type": "LineString", "coordinates": [ [ 7.622116111111112, 51.970291944444448 ], [ 7.623097777777779, 51.967585 ] ] } },
{ "type": "Feature", "properties": { "betriebstag": "2026-01-15", "frt_fid": "49087", "edge_idx": 18, "cum_start_m": 5900.3984632161601, "cum_end_m": 6273.2500209723021 }, "geometry": { "type": "LineString", "coordinates": [ [ 7.623097777777779, 51.967585 ], [ 7.626976111111111, 51.96524055555556 ] ] } },
{ "type": "Feature", "properties": { "betriebstag": "2026-01-15", "frt_fid": "49087", "edge_idx": 19, "cum_start_m": 6273.2500209723021, "cum_end_m": 6574.2691961920973 }, "geometry": { "type": "LineString", "coordinates": [ [ 7.626976111111111, 51.96524055555556 ], [ 7.630732222222223, 51.963847777777779 ] ] } },
{ "type": "Feature", "properties": { "betriebstag": "2026-01-15", "frt_fid": "49087", "edge_idx": 20, "cum_start_m": 6574.2691961920973, "cum_end_m": 7014.8486351403217 }, "geometry": { "type": "LineString", "coordinates": [ [ 7.630732222222223, 51.963847777777779 ], [ 7.635060833333333, 51.960925833333334 ] ] } },
{ "type": "Feature", "properties": { "betriebstag": "2026-01-15", "frt_fid": "49087", "edge_idx": 21, "cum_start_m": 7014.8486351403217, "cum_end_m": 7426.5254121041244 }, "geometry": { "type": "LineString", "coordinates": [ [ 7.635060833333333, 51.960925833333334 ], [ 7.634171666666666, 51.957265833333338 ] ] } },
{ "type": "Feature", "properties": { "betriebstag": "2026-01-15", "frt_fid": "49087", "edge_idx": 22, "cum_start_m": 7426.5254121041244, "cum_end_m": 7950.3431831831149 }, "geometry": { "type": "LineString", "coordinates": [ [ 7.634171666666666, 51.957265833333338 ], [ 7.626748055555556, 51.956198333333333 ] ] } },
{ "type": "Feature", "properties": { "betriebstag": "2026-01-15", "frt_fid": "49087", "edge_idx": 23, "cum_start_m": 7950.3431831831149, "cum_end_m": 8342.0366972905358 }, "geometry": { "type": "LineString", "coordinates": [ [ 7.626748055555556, 51.956198333333333 ], [ 7.621243611111112, 51.955285277777783 ] ] } },
{ "type": "Feature", "properties": { "betriebstag": "2026-01-15", "frt_fid": "49087", "edge_idx": 24, "cum_start_m": 8342.0366972905358, "cum_end_m": 8767.0286066528079 }, "geometry": { "type": "LineString", "coordinates": [ [ 7.621243611111112, 51.955285277777783 ], [ 7.618360555555556, 51.951905277777783 ] ] } },
{ "type": "Feature", "properties": { "betriebstag": "2026-01-15", "frt_fid": "49087", "edge_idx": 25, "cum_start_m": 8767.0286066528079, "cum_end_m": 9095.2637837406583 }, "geometry": { "type": "LineString", "coordinates": [ [ 7.618360555555556, 51.951905277777783 ], [ 7.616151388888889, 51.949289166666667 ] ] } },
{ "type": "Feature", "properties": { "betriebstag": "2026-01-15", "frt_fid": "49087", "edge_idx": 26, "cum_start_m": 9095.2637837406583, "cum_end_m": 9727.8555085226053 }, "geometry": { "type": "LineString", "coordinates": [ [ 7.616151388888889, 51.949289166666667 ], [ 7.612045833333333, 51.944199444444443 ] ] } },
{ "type": "Feature", "properties": { "betriebstag": "2026-01-15", "frt_fid": "49087", "edge_idx": 27, "cum_start_m": 9727.8555085226053, "cum_end_m": 10211.243590625469 }, "geometry": { "type": "LineString", "coordinates": [ [ 7.612045833333333, 51.944199444444443 ], [ 7.608778611111111, 51.940351388888885 ] ] } },
{ "type": "Feature", "properties": { "betriebstag": "2026-01-15", "frt_fid": "49087", "edge_idx": 28, "cum_start_m": 10211.243590625469, "cum_end_m": 10531.784382585989 }, "geometry": { "type": "LineString", "coordinates": [ [ 7.608778611111111, 51.940351388888885 ], [ 7.605851666666666, 51.938108333333332 ] ] } },
{ "type": "Feature", "properties": { "betriebstag": "2026-01-15", "frt_fid": "49087", "edge_idx": 29, "cum_start_m": 10531.784382585989, "cum_end_m": 10826.220830002298 }, "geometry": { "type": "LineString", "coordinates": [ [ 7.605851666666666, 51.938108333333332 ], [ 7.602868611111111, 51.936209166666664 ] ] } },
{ "type": "Feature", "properties": { "betriebstag": "2026-01-15", "frt_fid": "49087", "edge_idx": 30, "cum_start_m": 10826.220830002298, "cum_end_m": 11107.547957517067 }, "geometry": { "type": "LineString", "coordinates": [ [ 7.602868611111111, 51.936209166666664 ], [ 7.599746944444444, 51.934574166666664 ] ] } },
{ "type": "Feature", "properties": { "betriebstag": "2026-01-15", "frt_fid": "49087", "edge_idx": 31, "cum_start_m": 11107.547957517067, "cum_end_m": 11603.237017736159 }, "geometry": { "type": "LineString", "coordinates": [ [ 7.599746944444444, 51.934574166666664 ], [ 7.594443055555555, 51.931556111111107 ] ] } },
{ "type": "Feature", "properties": { "betriebstag": "2026-01-15", "frt_fid": "49087", "edge_idx": 32, "cum_start_m": 11603.237017736159, "cum_end_m": 11843.388957195351 }, "geometry": { "type": "LineString", "coordinates": [ [ 7.594443055555555, 51.931556111111107 ], [ 7.591849444444444, 51.930110277777779 ] ] } },
{ "type": "Feature", "properties": { "betriebstag": "2026-01-15", "frt_fid": "49087", "edge_idx": 33, "cum_start_m": 11843.388957195351, "cum_end_m": 12191.84927886982 }, "geometry": { "type": "LineString", "coordinates": [ [ 7.591849444444444, 51.930110277777779 ], [ 7.587873611111111, 51.928168055555552 ] ] } },
{ "type": "Feature", "properties": { "betriebstag": "2026-01-15", "frt_fid": "49087", "edge_idx": 34, "cum_start_m": 12191.84927886982, "cum_end_m": 12571.841950427828 }, "geometry": { "type": "LineString", "coordinates": [ [ 7.587873611111111, 51.928168055555552 ], [ 7.582982777777778, 51.926578333333332 ] ] } },
{ "type": "Feature", "properties": { "betriebstag": "2026-01-15", "frt_fid": "49087", "edge_idx": 35, "cum_start_m": 12571.841950427828, "cum_end_m": 12900.072642387888 }, "geometry": { "type": "LineString", "coordinates": [ [ 7.582982777777778, 51.926578333333332 ], [ 7.578722777777777, 51.925247777777777 ] ] } },
{ "type": "Feature", "properties": { "betriebstag": "2026-01-15", "frt_fid": "49087", "edge_idx": 36, "cum_start_m": 12900.072642387888, "cum_end_m": 13276.012459881504 }, "geometry": { "type": "LineString", "coordinates": [ [ 7.578722777777777, 51.925247777777777 ], [ 7.573266111111111, 51.925046388888887 ] ] } },
{ "type": "Feature", "properties": { "betriebstag": "2026-01-15", "frt_fid": "49087", "edge_idx": 37, "cum_start_m": 13276.012459881504, "cum_end_m": 14100.758832079808 }, "geometry": { "type": "LineString", "coordinates": [ [ 7.573266111111111, 51.925046388888887 ], [ 7.561284166666667, 51.925354166666665 ] ] } },
{ "type": "Feature", "properties": { "betriebstag": "2026-01-15", "frt_fid": "49087", "edge_idx": 38, "cum_start_m": 14100.758832079808, "cum_end_m": 14790.067665141069 }, "geometry": { "type": "LineString", "coordinates": [ [ 7.561284166666667, 51.925354166666665 ], [ 7.551272222222222, 51.925064166666665 ] ] } },
{ "type": "Feature", "properties": { "betriebstag": "2026-01-15", "frt_fid": "49087", "edge_idx": 39, "cum_start_m": 14790.067665141069, "cum_end_m": 15971.447205531978 }, "geometry": { "type": "LineString", "coordinates": [ [ 7.551272222222222, 51.925064166666665 ], [ 7.534105277777778, 51.924687777777777 ] ] } },
{ "type": "Feature", "properties": { "betriebstag": "2026-01-15", "frt_fid": "49087", "edge_idx": 40, "cum_start_m": 15971.447205531978, "cum_end_m": 16426.700717325602 }, "geometry": { "type": "LineString", "coordinates": [ [ 7.534105277777778, 51.924687777777777 ], [ 7.527485833333333, 51.924708611111107 ] ] } },
{ "type": "Feature", "properties": { "betriebstag": "2026-01-15", "frt_fid": "49087", "edge_idx": 41, "cum_start_m": 16426.700717325602, "cum_end_m": 16680.91432050231 }, "geometry": { "type": "LineString", "coordinates": [ [ 7.527485833333333, 51.924708611111107 ], [ 7.523809166666666, 51.924944166666663 ] ] } },
{ "type": "Feature", "properties": { "betriebstag": "2026-01-15", "frt_fid": "49087", "edge_idx": 42, "cum_start_m": 16680.91432050231, "cum_end_m": 17003.434758414649 }, "geometry": { "type": "LineString", "coordinates": [ [ 7.523809166666666, 51.924944166666663 ], [ 7.519123611111111, 51.925064166666665 ] ] } },
{ "type": "Feature", "properties": { "betriebstag": "2026-01-15", "frt_fid": "49087", "edge_idx": 43, "cum_start_m": 17003.434758414649, "cum_end_m": 17272.753674940966 }, "geometry": { "type": "LineString", "coordinates": [ [ 7.519123611111111, 51.925064166666665 ], [ 7.522211944444444, 51.923575555555551 ] ] } },
{ "type": "Feature", "properties": { "betriebstag": "2026-01-15", "frt_fid": "49087", "edge_idx": 44, "cum_start_m": 17272.753674940966, "cum_end_m": 17585.094865628053 }, "geometry": { "type": "LineString", "coordinates": [ [ 7.522211944444444, 51.923575555555551 ], [ 7.526630833333333, 51.922927777777772 ] ] } },
{ "type": "Feature", "properties": { "betriebstag": "2026-01-15", "frt_fid": "49087", "edge_idx": 45, "cum_start_m": 17585.094865628053, "cum_end_m": 17912.539339693223 }, "geometry": { "type": "LineString", "coordinates": [ [ 7.526630833333333, 51.922927777777772 ], [ 7.527240833333333, 51.920008333333328 ] ] } },
{ "type": "Feature", "properties": { "betriebstag": "2026-01-15", "frt_fid": "49087", "edge_idx": 46, "cum_start_m": 17912.539339693223, "cum_end_m": 18164.880429445235 }, "geometry": { "type": "LineString", "coordinates": [ [ 7.527240833333333, 51.920008333333328 ], [ 7.528196111111111, 51.91781805555555 ] ] } },
{ "type": "Feature", "properties": { "betriebstag": "2026-01-15", "frt_fid": "49087", "edge_idx": 47, "cum_start_m": 18164.880429445235, "cum_end_m": 18399.365935811704 }, "geometry": { "type": "LineString", "coordinates": [ [ 7.528196111111111, 51.91781805555555 ], [ 7.525296388888889, 51.916709722222222 ] ] } },
{ "type": "Feature", "properties": { "betriebstag": "2026-01-15", "frt_fid": "49087", "edge_idx": 48, "cum_start_m": 18399.365935811704, "cum_end_m": 18672.120609331803 }, "geometry": { "type": "LineString", "coordinates": [ [ 7.525296388888889, 51.916709722222222 ], [ 7.527406944444444, 51.914633888888886 ] ] } },
{ "type": "Feature", "properties": { "betriebstag": "2026-01-15", "frt_fid": "49089", "edge_idx": 0, "cum_start_m": 0.0, "cum_end_m": 252.81103068142528 }, "geometry": { "type": "LineString", "coordinates": [ [ 7.527406944444444, 51.914633888888886 ], [ 7.525148611111111, 51.916426944444446 ] ] } },
{ "type": "Feature", "properties": { "betriebstag": "2026-01-15", "frt_fid": "49089", "edge_idx": 1, "cum_start_m": 252.81103068142528, "cum_end_m": 512.9345907511447 }, "geometry": { "type": "LineString", "coordinates": [ [ 7.525148611111111, 51.916426944444446 ], [ 7.5283925, 51.917628888888885 ] ] } },
{ "type": "Feature", "properties": { "betriebstag": "2026-01-15", "frt_fid": "49089", "edge_idx": 2, "cum_start_m": 512.9345907511447, "cum_end_m": 853.93326983610382 }, "geometry": { "type": "LineString", "coordinates": [ [ 7.5283925, 51.917628888888885 ], [ 7.5272425, 51.920610833333328 ] ] } },
{ "type": "Feature", "properties": { "betriebstag": "2026-01-15", "frt_fid": "49089", "edge_idx": 3, "cum_start_m": 853.93326983610382, "cum_end_m": 1134.347999177452 }, "geometry": { "type": "LineString", "coordinates": [ [ 7.5272425, 51.920610833333328 ], [ 7.526746944444445, 51.923113055555554 ] ] } },
{ "type": "Feature", "properties": { "betriebstag": "2026-01-15", "frt_fid": "49089", "edge_idx": 4, "cum_start_m": 1134.347999177452, "cum_end_m": 1456.2495256673139 }, "geometry": { "type": "LineString", "coordinates": [ [ 7.526746944444445, 51.923113055555554 ], [ 7.522214166666666, 51.923834166666666 ] ] } },
{ "type": "Feature", "properties": { "betriebstag": "2026-01-15", "frt_fid": "49089", "edge_idx": 5, "cum_start_m": 1456.2495256673139, "cum_end_m": 1667.7506820018784 }, "geometry": { "type": "LineString", "coordinates": [ [ 7.522214166666666, 51.923834166666666 ], [ 7.519796388888889, 51.925009166666662 ] ] } },
{ "type": "Feature", "properties": { "betriebstag": "2026-01-15", "frt_fid": "49089", "edge_idx": 6, "cum_start_m": 1667.7506820018784, "cum_end_m": 1927.6472379841873 }, "geometry": { "type": "LineString", "coordinates": [ [ 7.519796388888889, 51.925009166666662 ], [ 7.523565, 51.924836111111105 ] ] } },
{ "type": "Feature", "properties": { "betriebstag": "2026-01-15", "frt_fid": "49089", "edge_idx": 7, "cum_start_m": 1927.6472379841873, "cum_end_m": 2231.3907711767947 }, "geometry": { "type": "LineString", "coordinates": [ [ 7.523565, 51.924836111111105 ], [ 7.527928611111111, 51.924414722222217 ] ] } },
{ "type": "Feature", "properties": { "betriebstag": "2026-01-15", "frt_fid": "49089", "edge_idx": 8, "cum_start_m": 2231.3907711767947, "cum_end_m": 2697.9655963077685 }, "geometry": { "type": "LineString", "coordinates": [ [ 7.527928611111111, 51.924414722222217 ], [ 7.534711111111111, 51.924506111111107 ] ] } },
{ "type": "Feature", "properties": { "betriebstag": "2026-01-15", "frt_fid": "49089", "edge_idx": 9, "cum_start_m": 2697.9655963077685, "cum_end_m": 3893.0446921821531 }, "geometry": { "type": "LineString", "coordinates": [ [ 7.534711111111111, 51.924506111111107 ], [ 7.552072777777777, 51.924955555555556 ] ] } },
{ "type": "Feature", "properties": { "betriebstag": "2026-01-15", "frt_fid": "49089", "edge_idx": 10, "cum_start_m": 3893.0446921821531, "cum_end_m": 4627.6557294966078 }, "geometry": { "type": "LineString", "coordinates": [ [ 7.552072777777777, 51.924955555555556 ], [ 7.562747222222222, 51.9251975 ] ] } },
{ "type": "Feature", "properties": { "betriebstag": "2026-01-15", "frt_fid": "49089", "edge_idx": 11, "cum_start_m": 4627.6557294966078, "cum_end_m": 5380.8593173343543 }, "geometry": { "type": "LineString", "coordinates": [ [ 7.562747222222222, 51.9251975 ], [ 7.573689166666666, 51.924907777777776 ] ] } },
{ "type": "Feature", "properties": { "betriebstag": "2026-01-15", "frt_fid": "49089", "edge_idx": 12, "cum_start_m": 5380.8593173343543, "cum_end_m": 5815.2495216643429 }, "geometry": { "type": "LineString", "coordinates": [ [ 7.573689166666666, 51.924907777777776 ], [ 7.579957777777778, 51.925386666666661 ] ] } },
{ "type": "Feature", "properties": { "betriebstag": "2026-01-15", "frt_fid": "49089", "edge_idx": 13, "cum_start_m": 5815.2495216643429, "cum_end_m": 6079.3752657665036 }, "geometry": { "type": "LineString", "coordinates": [ [ 7.579957777777778, 51.925386666666661 ], [ 7.583341666666667, 51.926509722222221 ] ] } },
{ "type": "Feature", "properties": { "betriebstag": "2026-01-15", "frt_fid": "49089", "edge_idx": 14, "cum_start_m": 6079.3752657665036, "cum_end_m": 6450.9601449603824 }, "geometry": { "type": "LineString", "coordinates": [ [ 7.583341666666667, 51.926509722222221 ], [ 7.588090277777778, 51.928103611111112 ] ] } },
{ "type": "Feature", "properties": { "betriebstag": "2026-01-15", "frt_fid": "49089", "edge_idx": 15, "cum_start_m": 6450.9601449603824, "cum_end_m": 6878.7736095791061 }, "geometry": { "type": "LineString", "coordinates": [ [ 7.588090277777778, 51.928103611111112 ], [ 7.592937222222222, 51.93051472222222 ] ] } },
{ "type": "Feature", "properties": { "betriebstag": "2026-01-15", "frt_fid": "49089", "edge_idx": 16, "cum_start_m": 6878.7736095791061, "cum_end_m": 7100.6558450639195 }, "geometry": { "type": "LineString", "coordinates": [ [ 7.592937222222222, 51.93051472222222 ], [ 7.595317222222222, 51.931861666666663 ] ] } },
{ "type": "Feature", "properties": { "betriebstag": "2026-01-15", "frt_fid": "49089", "edge_idx": 17, "cum_start_m": 7100.6558450639195, "cum_end_m": 7547.7746374858225 }, "geometry": { "type": "LineString", "coordinates": [ [ 7.595317222222222, 51.931861666666663 ], [ 7.600118888888889, 51.934572222222222 ] ] } },
{ "type": "Feature", "properties": { "betriebstag": "2026-01-15", "frt_fid": "49089", "edge_idx": 18, "cum_start_m": 7547.7746374858225, "cum_end_m": 7851.0986481443106 }, "geometry": { "type": "LineString", "coordinates": [ [ 7.600118888888889, 51.934572222222222 ], [ 7.603557777777778, 51.936280277777776 ] ] } },
{ "type": "Feature", "properties": { "betriebstag": "2026-01-15", "frt_fid": "49089", "edge_idx": 19, "cum_start_m": 7851.0986481443106, "cum_end_m": 8139.4908914998105 }, "geometry": { "type": "LineString", "coordinates": [ [ 7.603557777777778, 51.936280277777776 ], [ 7.606431944444444, 51.938168611111109 ] ] } },
{ "type": "Feature", "properties": { "betriebstag": "2026-01-15", "frt_fid": "49089", "edge_idx": 20, "cum_start_m": 8139.4908914998105, "cum_end_m": 8439.6655347032174 }, "geometry": { "type": "LineString", "coordinates": [ [ 7.606431944444444, 51.938168611111109 ], [ 7.609121388888888, 51.94029444444444 ] ] } },
{ "type": "Feature", "properties": { "betriebstag": "2026-01-15", "frt_fid": "49089", "edge_idx": 21, "cum_start_m": 8439.6655347032174, "cum_end_m": 8932.9279763290979 }, "geometry": { "type": "LineString", "coordinates": [ [ 7.609121388888888, 51.94029444444444 ], [ 7.612395555555556, 51.944240277777773 ] ] } },
{ "type": "Feature", "properties": { "betriebstag": "2026-01-15", "frt_fid": "49089", "edge_idx": 22, "cum_start_m": 8932.9279763290979, "cum_end_m": 9593.9734084663633 }, "geometry": { "type": "LineString", "coordinates": [ [ 7.612395555555556, 51.944240277777773 ], [ 7.616818611111111, 51.949517222222219 ] ] } },
{ "type": "Feature", "properties": { "betriebstag": "2026-01-15", "frt_fid": "49089", "edge_idx": 23, "cum_start_m": 9593.9734084663633, "cum_end_m": 9941.2500869354153 }, "geometry": { "type": "LineString", "coordinates": [ [ 7.616818611111111, 51.949517222222219 ], [ 7.619033333333334, 51.952323333333339 ] ] } },
{ "type": "Feature", "properties": { "betriebstag": "2026-01-15", "frt_fid": "49089", "edge_idx": 24, "cum_start_m": 9941.2500869354153, "cum_end_m": 10311.455762363797 }, "geometry": { "type": "LineString", "coordinates": [ [ 7.619033333333334, 51.952323333333339 ], [ 7.621679444444445, 51.955222222222226 ] ] } },
{ "type": "Feature", "properties": { "betriebstag": "2026-01-15", "frt_fid": "49089", "edge_idx": 25, "cum_start_m": 10311.455762363797, "cum_end_m": 10769.242518443578 }, "geometry": { "type": "LineString", "coordinates": [ [ 7.621679444444445, 51.955222222222226 ], [ 7.628273611111112, 51.955803888888894 ] ] } },
{ "type": "Feature", "properties": { "betriebstag": "2026-01-15", "frt_fid": "49089", "edge_idx": 26, "cum_start_m": 10769.242518443578, "cum_end_m": 11235.756337761621 }, "geometry": { "type": "LineString", "coordinates": [ [ 7.628273611111112, 51.955803888888894 ], [ 7.634583333333333, 51.957350555555557 ] ] } },
{ "type": "Feature", "properties": { "betriebstag": "2026-01-15", "frt_fid": "49089", "edge_idx": 27, "cum_start_m": 11235.756337761621, "cum_end_m": 11728.337723597298 }, "geometry": { "type": "LineString", "coordinates": [ [ 7.634583333333333, 51.957350555555557 ], [ 7.635514166666666, 51.961741388888889 ] ] } },
{ "type": "Feature", "properties": { "betriebstag": "2026-01-15", "frt_fid": "49089", "edge_idx": 28, "cum_start_m": 11728.337723597298, "cum_end_m": 12174.065073310801 }, "geometry": { "type": "LineString", "coordinates": [ [ 7.635514166666666, 51.961741388888889 ], [ 7.630303611111112, 51.964128055555555 ] ] } },
{ "type": "Feature", "properties": { "betriebstag": "2026-01-15", "frt_fid": "49089", "edge_idx": 29, "cum_start_m": 12174.065073310801, "cum_end_m": 12439.678286307873 }, "geometry": { "type": "LineString", "coordinates": [ [ 7.630303611111112, 51.964128055555555 ], [ 7.626990833333334, 51.965358611111114 ] ] } },
{ "type": "Feature", "properties": { "betriebstag": "2026-01-15", "frt_fid": "49089", "edge_idx": 30, "cum_start_m": 12439.678286307873, "cum_end_m": 12779.107562132333 }, "geometry": { "type": "LineString", "coordinates": [ [ 7.626990833333334, 51.965358611111114 ], [ 7.6232925, 51.967381666666668 ] ] } },
{ "type": "Feature", "properties": { "betriebstag": "2026-01-15", "frt_fid": "49089", "edge_idx": 31, "cum_start_m": 12779.107562132333, "cum_end_m": 13072.281679112135 }, "geometry": { "type": "LineString", "coordinates": [ [ 7.6232925, 51.967381666666668 ], [ 7.622248611111112, 51.969937222222221 ] ] } },
{ "type": "Feature", "properties": { "betriebstag": "2026-01-15", "frt_fid": "49089", "edge_idx": 32, "cum_start_m": 13072.281679112135, "cum_end_m": 13376.287885595981 }, "geometry": { "type": "LineString", "coordinates": [ [ 7.622248611111112, 51.969937222222221 ], [ 7.623106944444445, 51.972618333333337 ] ] } },
{ "type": "Feature", "properties": { "betriebstag": "2026-01-15", "frt_fid": "49089", "edge_idx": 33, "cum_start_m": 13376.287885595981, "cum_end_m": 13621.86530573016 }, "geometry": { "type": "LineString", "coordinates": [ [ 7.623106944444445, 51.972618333333337 ], [ 7.622308333333334, 51.974770277777779 ] ] } },
{ "type": "Feature", "properties": { "betriebstag": "2026-01-15", "frt_fid": "49089", "edge_idx": 34, "cum_start_m": 13621.86530573016, "cum_end_m": 13991.900775013413 }, "geometry": { "type": "LineString", "coordinates": [ [ 7.622308333333334, 51.974770277777779 ], [ 7.616933333333334, 51.97455305555556 ] ] } },
{ "type": "Feature", "properties": { "betriebstag": "2026-01-15", "frt_fid": "49089", "edge_idx": 35, "cum_start_m": 13991.900775013413, "cum_end_m": 14299.481537855607 }, "geometry": { "type": "LineString", "coordinates": [ [ 7.616933333333334, 51.97455305555556 ], [ 7.612489722222222, 51.974891944444444 ] ] } },
{ "type": "Feature", "properties": { "betriebstag": "2026-01-15", "frt_fid": "49089", "edge_idx": 36, "cum_start_m": 14299.481537855607, "cum_end_m": 14547.995251270841 }, "geometry": { "type": "LineString", "coordinates": [ [ 7.612489722222222, 51.974891944444444 ], [ 7.61234, 51.97712416666667 ] ] } },
{ "type": "Feature", "properties": { "betriebstag": "2026-01-15", "frt_fid": "49089", "edge_idx": 37, "cum_start_m": 14547.995251270841, "cum_end_m": 14812.721890984751 }, "geometry": { "type": "LineString", "coordinates": [ [ 7.61234, 51.97712416666667 ], [ 7.612148333333333, 51.979501111111112 ] ] } },
{ "type": "Feature", "properties": { "betriebstag": "2026-01-15", "frt_fid": "49089", "edge_idx": 38, "cum_start_m": 14812.721890984751, "cum_end_m": 15175.019392042703 }, "geometry": { "type": "LineString", "coordinates": [ [ 7.612148333333333, 51.979501111111112 ], [ 7.611887222222222, 51.982754166666666 ] ] } },
{ "type": "Feature", "properties": { "betriebstag": "2026-01-15", "frt_fid": "49089", "edge_idx": 39, "cum_start_m": 15175.019392042703, "cum_end_m": 15746.086391357845 }, "geometry": { "type": "LineString", "coordinates": [ [ 7.611887222222222, 51.982754166666666 ], [ 7.611500833333333, 51.9878825 ] ] } },
{ "type": "Feature", "properties": { "betriebstag": "2026-01-15", "frt_fid": "49089", "edge_idx": 40, "cum_start_m": 15746.086391357845, "cum_end_m": 16424.249853010529 }, "geometry": { "type": "LineString", "coordinates": [ [ 7.611500833333333, 51.9878825 ], [ 7.612586388888889, 51.993942222222223 ] ] } },
{ "type": "Feature", "properties": { "betriebstag": "2026-01-15", "frt_fid": "49089", "edge_idx": 41, "cum_start_m": 16424.249853010529, "cum_end_m": 16612.39069739858 }, "geometry": { "type": "LineString", "coordinates": [ [ 7.612586388888889, 51.993942222222223 ], [ 7.612988611111111, 51.99561527777778 ] ] } },
{ "type": "Feature", "properties": { "betriebstag": "2026-01-15", "frt_fid": "49089", "edge_idx": 42, "cum_start_m": 16612.39069739858, "cum_end_m": 16879.757597902117 }, "geometry": { "type": "LineString", "coordinates": [ [ 7.612988611111111, 51.99561527777778 ], [ 7.612205, 51.997969722222223 ] ] } },
{ "type": "Feature", "properties": { "betriebstag": "2026-01-15", "frt_fid": "49089", "edge_idx": 43, "cum_start_m": 16879.757597902117, "cum_end_m": 17152.389695180093 }, "geometry": { "type": "LineString", "coordinates": [ [ 7.612205, 51.997969722222223 ], [ 7.6082875, 51.99757 ] ] } },
{ "type": "Feature", "properties": { "betriebstag": "2026-01-15", "frt_fid": "49089", "edge_idx": 44, "cum_start_m": 17152.389695180093, "cum_end_m": 17436.186918475396 }, "geometry": { "type": "LineString", "coordinates": [ [ 7.6082875, 51.99757 ], [ 7.604203611111111, 51.997176944444448 ] ] } },
{ "type": "Feature", "properties": { "betriebstag": "2026-01-15", "frt_fid": "49089", "edge_idx": 45, "cum_start_m": 17436.186918475396, "cum_end_m": 17842.140415629561 }, "geometry": { "type": "LineString", "coordinates": [ [ 7.604203611111111, 51.997176944444448 ], [ 7.598429166666667, 51.997960555555558 ] ] } },
{ "type": "Feature", "properties": { "betriebstag": "2026-01-15", "frt_fid": "49089", "edge_idx": 46, "cum_start_m": 17842.140415629561, "cum_end_m": 18196.691592968011 }, "geometry": { "type": "LineString", "coordinates": [ [ 7.598429166666667, 51.997960555555558 ], [ 7.595289444444444, 52.00049111111111 ] ] } },
{ "type": "Feature", "properties": { "betriebstag": "2026-01-15", "frt_fid": "49089", "edge_idx": 47, "cum_start_m": 18196.691592968011, "cum_end_m": 18406.394435662372 }, "geometry": { "type": "LineString", "coordinates": [ [ 7.595289444444444, 52.00049111111111 ], [ 7.592288888888889, 52.000843333333336 ] ] } },
{ "type": "Feature", "properties": { "betriebstag": "2026-01-15", "frt_fid": "49089", "edge_idx": 48, "cum_start_m": 18406.394435662372, "cum_end_m": 18668.492547611426 }, "geometry": { "type": "LineString", "coordinates": [ [ 7.592288888888889, 52.000843333333336 ], [ 7.590370833333333, 51.998806111111115 ] ] } },
{ "type": "Feature", "properties": { "betriebstag": "2026-01-15", "frt_fid": "49091", "edge_idx": 0, "cum_start_m": 0.0, "cum_end_m": 252.38518567391679 }, "geometry": { "type": "LineString", "coordinates": [ [ 7.590370833333333, 51.998806111111115 ], [ 7.592259166666667, 52.000752777777777 ] ] } },
{ "type": "Feature", "properties": { "betriebstag": "2026-01-15", "frt_fid": "49091", "edge_idx": 1, "cum_start_m": 252.38518567391679, "cum_end_m": 465.78551979183834 }, "geometry": { "type": "LineString", "coordinates": [ [ 7.592259166666667, 52.000752777777777 ], [ 7.595288888888889, 52.000324444444445 ] ] } },
{ "type": "Feature", "properties": { "betriebstag": "2026-01-15", "frt_fid": "49091", "edge_idx": 2, "cum_start_m": 465.78551979183834, "cum_end_m": 817.77613550934825 }, "geometry": { "type": "LineString", "coordinates": [ [ 7.595288888888889, 52.000324444444445 ], [ 7.598407222222222, 51.997812777777781 ] ] } },
{ "type": "Feature", "properties": { "betriebstag": "2026-01-15", "frt_fid": "49091", "edge_idx": 3, "cum_start_m": 817.77613550934825, "cum_end_m": 1135.01387229907 }, "geometry": { "type": "LineString", "coordinates": [ [ 7.598407222222222, 51.997812777777781 ], [ 7.602791388888889, 51.99691277777778 ] ] } },
{ "type": "Feature", "properties": { "betriebstag": "2026-01-15", "frt_fid": "49091", "edge_idx": 4, "cum_start_m": 1135.01387229907, "cum_end_m": 1527.4445791228004 }, "geometry": { "type": "LineString", "coordinates": [ [ 7.602791388888889, 51.99691277777778 ], [ 7.608435, 51.99747 ] ] } },
{ "type": "Feature", "properties": { "betriebstag": "2026-01-15", "frt_fid": "49091", "edge_idx": 5, "cum_start_m": 1527.4445791228004, "cum_end_m": 1804.0313800604363 }, "geometry": { "type": "LineString", "coordinates": [ [ 7.608435, 51.99747 ], [ 7.612418333333333, 51.997840277777776 ] ] } },
{ "type": "Feature", "properties": { "betriebstag": "2026-01-15", "frt_fid": "49091", "edge_idx": 6, "cum_start_m": 1804.0313800604363, "cum_end_m": 2013.0376171625655 }, "geometry": { "type": "LineString", "coordinates": [ [ 7.612418333333333, 51.997840277777776 ], [ 7.612816944444444, 51.9959775 ] ] } },
{ "type": "Feature", "properties": { "betriebstag": "2026-01-15", "frt_fid": "49091", "edge_idx": 7, "cum_start_m": 2013.0376171625655, "cum_end_m": 2360.0194762676874 }, "geometry": { "type": "LineString", "coordinates": [ [ 7.612816944444444, 51.9959775 ], [ 7.611991944444444, 51.9929 ] ] } },
{ "type": "Feature", "properties": { "betriebstag": "2026-01-15", "frt_fid": "49091", "edge_idx": 8, "cum_start_m": 2360.0194762676874, "cum_end_m": 2830.7143886621107 }, "geometry": { "type": "LineString", "coordinates": [ [ 7.611991944444444, 51.9929 ], [ 7.611138611111111, 51.988701388888892 ] ] } },
{ "type": "Feature", "properties": { "betriebstag": "2026-01-15", "frt_fid": "49091", "edge_idx": 9, "cum_start_m": 2830.7143886621107, "cum_end_m": 3509.6057971658861 }, "geometry": { "type": "LineString", "coordinates": [ [ 7.611138611111111, 51.988701388888892 ], [ 7.611624722222222, 51.982605555555558 ] ] } },
{ "type": "Feature", "properties": { "betriebstag": "2026-01-15", "frt_fid": "49091", "edge_idx": 10, "cum_start_m": 3509.6057971658861, "cum_end_m": 3853.593604430167 }, "geometry": { "type": "LineString", "coordinates": [ [ 7.611624722222222, 51.982605555555558 ], [ 7.611845277777777, 51.97951611111111 ] ] } },
{ "type": "Feature", "properties": { "betriebstag": "2026-01-15", "frt_fid": "49091", "edge_idx": 11, "cum_start_m": 3853.593604430167, "cum_end_m": 4146.9336982512405 }, "geometry": { "type": "LineString", "coordinates": [ [ 7.611845277777777, 51.97951611111111 ], [ 7.612074166666666, 51.976882777777782 ] ] } },
{ "type": "Feature", "properties": { "betriebstag": "2026-01-15", "frt_fid": "49091", "edge_idx": 12, "cum_start_m": 4146.9336982512405, "cum_end_m": 4452.3266945865635 }, "geometry": { "type": "LineString", "coordinates": [ [ 7.612074166666666, 51.976882777777782 ], [ 7.613080833333333, 51.974208611111116 ] ] } },
{ "type": "Feature", "properties": { "betriebstag": "2026-01-15", "frt_fid": "49091", "edge_idx": 13, "cum_start_m": 4452.3266945865635, "cum_end_m": 4916.8518467481554 }, "geometry": { "type": "LineString", "coordinates": [ [ 7.613080833333333, 51.974208611111116 ], [ 7.619821666666667, 51.974538055555556 ] ] } },
{ "type": "Feature", "properties": { "betriebstag": "2026-01-15", "frt_fid": "49091", "edge_idx": 14, "cum_start_m": 4916.8518467481554, "cum_end_m": 5163.5275357607197 }, "geometry": { "type": "LineString", "coordinates": [ [ 7.619821666666667, 51.974538055555556 ], [ 7.6233275, 51.974058611111111 ] ] } },
{ "type": "Feature", "properties": { "betriebstag": "2026-01-15", "frt_fid": "49091", "edge_idx": 15, "cum_start_m": 5163.5275357607197, "cum_end_m": 5398.6287585085056 }, "geometry": { "type": "LineString", "coordinates": [ [ 7.6233275, 51.974058611111111 ], [ 7.622440833333334, 51.972017222222227 ] ] } },
{ "type": "Feature", "properties": { "betriebstag": "2026-01-15", "frt_fid": "49091", "edge_idx": 16, "cum_start_m": 5398.6287585085056, "cum_end_m": 5591.8315667054976 }, "geometry": { "type": "LineString", "coordinates": [ [ 7.622440833333334, 51.972017222222227 ], [ 7.622116111111112, 51.970291944444448 ] ] } },
{ "type": "Feature", "properties": { "betriebstag": "2026-01-15", "frt_fid": "49091", "edge_idx": 17, "cum_start_m": 5591.8315667054976, "cum_end_m": 5900.3984632161601 }, "geometry": { "type": "LineString", "coordinates": [ [ 7.622116111111112, 51.970291944444448 ], [ 7.623097777777779, 51.967585 ] ] } },
{ "type": "Feature", "properties": { "betriebstag": "2026-01-15", "frt_fid": "49091", "edge_idx": 18, "cum_start_m": 5900.3984632161601, "cum_end_m": 6273.2500209723021 }, "geometry": { "type": "LineString", "coordinates": [ [ 7.623097777777779, 51.967585 ], [ 7.626976111111111, 51.96524055555556 ] ] } },
{ "type": "Feature", "properties": { "betriebstag": "2026-01-15", "frt_fid": "49091", "edge_idx": 19, "cum_start_m": 6273.2500209723021, "cum_end_m": 6574.2691961920973 }, "geometry": { "type": "LineString", "coordinates": [ [ 7.626976111111111, 51.96524055555556 ], [ 7.630732222222223, 51.963847777777779 ] ] } },
{ "type": "Feature", "properties": { "betriebstag": "2026-01-15", "frt_fid": "49091", "edge_idx": 20, "cum_start_m": 6574.2691961920973, "cum_end_m": 7014.8486351403217 }, "geometry": { "type": "LineString", "coordinates": [ [ 7.630732222222223, 51.963847777777779 ], [ 7.635060833333333, 51.960925833333334 ] ] } },
{ "type": "Feature", "properties": { "betriebstag": "2026-01-15", "frt_fid": "49091", "edge_idx": 21, "cum_start_m": 7014.8486351403217, "cum_end_m": 7426.5254121041244 }, "geometry": { "type": "LineString", "coordinates": [ [ 7.635060833333333, 51.960925833333334 ], [ 7.634171666666666, 51.957265833333338 ] ] } },
{ "type": "Feature", "properties": { "betriebstag": "2026-01-15", "frt_fid": "49091", "edge_idx": 22, "cum_start_m": 7426.5254121041244, "cum_end_m": 7950.3431831831149 }, "geometry": { "type": "LineString", "coordinates": [ [ 7.634171666666666, 51.957265833333338 ], [ 7.626748055555556, 51.956198333333333 ] ] } },
{ "type": "Feature", "properties": { "betriebstag": "2026-01-15", "frt_fid": "49091", "edge_idx": 23, "cum_start_m": 7950.3431831831149, "cum_end_m": 8342.0366972905358 }, "geometry": { "type": "LineString", "coordinates": [ [ 7.626748055555556, 51.956198333333333 ], [ 7.621243611111112, 51.955285277777783 ] ] } },
{ "type": "Feature", "properties": { "betriebstag": "2026-01-15", "frt_fid": "49091", "edge_idx": 24, "cum_start_m": 8342.0366972905358, "cum_end_m": 8767.0286066528079 }, "geometry": { "type": "LineString", "coordinates": [ [ 7.621243611111112, 51.955285277777783 ], [ 7.618360555555556, 51.951905277777783 ] ] } },
{ "type": "Feature", "properties": { "betriebstag": "2026-01-15", "frt_fid": "49091", "edge_idx": 25, "cum_start_m": 8767.0286066528079, "cum_end_m": 9095.2637837406583 }, "geometry": { "type": "LineString", "coordinates": [ [ 7.618360555555556, 51.951905277777783 ], [ 7.616151388888889, 51.949289166666667 ] ] } },
{ "type": "Feature", "properties": { "betriebstag": "2026-01-15", "frt_fid": "49091", "edge_idx": 26, "cum_start_m": 9095.2637837406583, "cum_end_m": 9727.8555085226053 }, "geometry": { "type": "LineString", "coordinates": [ [ 7.616151388888889, 51.949289166666667 ], [ 7.612045833333333, 51.944199444444443 ] ] } },
{ "type": "Feature", "properties": { "betriebstag": "2026-01-15", "frt_fid": "49091", "edge_idx": 27, "cum_start_m": 9727.8555085226053, "cum_end_m": 10211.243590625469 }, "geometry": { "type": "LineString", "coordinates": [ [ 7.612045833333333, 51.944199444444443 ], [ 7.608778611111111, 51.940351388888885 ] ] } },
{ "type": "Feature", "properties": { "betriebstag": "2026-01-15", "frt_fid": "49091", "edge_idx": 28, "cum_start_m": 10211.243590625469, "cum_end_m": 10531.784382585989 }, "geometry": { "type": "LineString", "coordinates": [ [ 7.608778611111111, 51.940351388888885 ], [ 7.605851666666666, 51.938108333333332 ] ] } },
{ "type": "Feature", "properties": { "betriebstag": "2026-01-15", "frt_fid": "49091", "edge_idx": 29, "cum_start_m": 10531.784382585989, "cum_end_m": 10826.220830002298 }, "geometry": { "type": "LineString", "coordinates": [ [ 7.605851666666666, 51.938108333333332 ], [ 7.602868611111111, 51.936209166666664 ] ] } },
{ "type": "Feature", "properties": { "betriebstag": "2026-01-15", "frt_fid": "49091", "edge_idx": 30, "cum_start_m": 10826.220830002298, "cum_end_m": 11107.547957517067 }, "geometry": { "type": "LineString", "coordinates": [ [ 7.602868611111111, 51.936209166666664 ], [ 7.599746944444444, 51.934574166666664 ] ] } },
{ "type": "Feature", "properties": { "betriebstag": "2026-01-15", "frt_fid": "49091", "edge_idx": 31, "cum_start_m": 11107.547957517067, "cum_end_m": 11603.237017736159 }, "geometry": { "type": "LineString", "coordinates": [ [ 7.599746944444444, 51.934574166666664 ], [ 7.594443055555555, 51.931556111111107 ] ] } },
{ "type": "Feature", "properties": { "betriebstag": "2026-01-15", "frt_fid": "49091", "edge_idx": 32, "cum_start_m": 11603.237017736159, "cum_end_m": 11843.388957195351 }, "geometry": { "type": "LineString", "coordinates": [ [ 7.594443055555555, 51.931556111111107 ], [ 7.591849444444444, 51.930110277777779 ] ] } },
{ "type": "Feature", "properties": { "betriebstag": "2026-01-15", "frt_fid": "49091", "edge_idx": 33, "cum_start_m": 11843.388957195351, "cum_end_m": 12191.84927886982 }, "geometry": { "type": "LineString", "coordinates": [ [ 7.591849444444444, 51.930110277777779 ], [ 7.587873611111111, 51.928168055555552 ] ] } },
{ "type": "Feature", "properties": { "betriebstag": "2026-01-15", "frt_fid": "49091", "edge_idx": 34, "cum_start_m": 12191.84927886982, "cum_end_m": 12571.841950427828 }, "geometry": { "type": "LineString", "coordinates": [ [ 7.587873611111111, 51.928168055555552 ], [ 7.582982777777778, 51.926578333333332 ] ] } },
{ "type": "Feature", "properties": { "betriebstag": "2026-01-15", "frt_fid": "49091", "edge_idx": 35, "cum_start_m": 12571.841950427828, "cum_end_m": 12900.072642387888 }, "geometry": { "type": "LineString", "coordinates": [ [ 7.582982777777778, 51.926578333333332 ], [ 7.578722777777777, 51.925247777777777 ] ] } },
{ "type": "Feature", "properties": { "betriebstag": "2026-01-15", "frt_fid": "49091", "edge_idx": 36, "cum_start_m": 12900.072642387888, "cum_end_m": 13276.012459881504 }, "geometry": { "type": "LineString", "coordinates": [ [ 7.578722777777777, 51.925247777777777 ], [ 7.573266111111111, 51.925046388888887 ] ] } },
{ "type": "Feature", "properties": { "betriebstag": "2026-01-15", "frt_fid": "49091", "edge_idx": 37, "cum_start_m": 13276.012459881504, "cum_end_m": 14100.758832079808 }, "geometry": { "type": "LineString", "coordinates": [ [ 7.573266111111111, 51.925046388888887 ], [ 7.561284166666667, 51.925354166666665 ] ] } },
{ "type": "Feature", "properties": { "betriebstag": "2026-01-15", "frt_fid": "49091", "edge_idx": 38, "cum_start_m": 14100.758832079808, "cum_end_m": 14790.067665141069 }, "geometry": { "type": "LineString", "coordinates": [ [ 7.561284166666667, 51.925354166666665 ], [ 7.551272222222222, 51.925064166666665 ] ] } },
{ "type": "Feature", "properties": { "betriebstag": "2026-01-15", "frt_fid": "49091", "edge_idx": 39, "cum_start_m": 14790.067665141069, "cum_end_m": 15971.447205531978 }, "geometry": { "type": "LineString", "coordinates": [ [ 7.551272222222222, 51.925064166666665 ], [ 7.534105277777778, 51.924687777777777 ] ] } },
{ "type": "Feature", "properties": { "betriebstag": "2026-01-15", "frt_fid": "49091", "edge_idx": 40, "cum_start_m": 15971.447205531978, "cum_end_m": 16426.700717325602 }, "geometry": { "type": "LineString", "coordinates": [ [ 7.534105277777778, 51.924687777777777 ], [ 7.527485833333333, 51.924708611111107 ] ] } },
{ "type": "Feature", "properties": { "betriebstag": "2026-01-15", "frt_fid": "49091", "edge_idx": 41, "cum_start_m": 16426.700717325602, "cum_end_m": 16680.91432050231 }, "geometry": { "type": "LineString", "coordinates": [ [ 7.527485833333333, 51.924708611111107 ], [ 7.523809166666666, 51.924944166666663 ] ] } },
{ "type": "Feature", "properties": { "betriebstag": "2026-01-15", "frt_fid": "49091", "edge_idx": 42, "cum_start_m": 16680.91432050231, "cum_end_m": 17003.434758414649 }, "geometry": { "type": "LineString", "coordinates": [ [ 7.523809166666666, 51.924944166666663 ], [ 7.519123611111111, 51.925064166666665 ] ] } },
{ "type": "Feature", "properties": { "betriebstag": "2026-01-15", "frt_fid": "49091", "edge_idx": 43, "cum_start_m": 17003.434758414649, "cum_end_m": 17272.753674940966 }, "geometry": { "type": "LineString", "coordinates": [ [ 7.519123611111111, 51.925064166666665 ], [ 7.522211944444444, 51.923575555555551 ] ] } },
{ "type": "Feature", "properties": { "betriebstag": "2026-01-15", "frt_fid": "49091", "edge_idx": 44, "cum_start_m": 17272.753674940966, "cum_end_m": 17585.094865628053 }, "geometry": { "type": "LineString", "coordinates": [ [ 7.522211944444444, 51.923575555555551 ], [ 7.526630833333333, 51.922927777777772 ] ] } },
{ "type": "Feature", "properties": { "betriebstag": "2026-01-15", "frt_fid": "49091", "edge_idx": 45, "cum_start_m": 17585.094865628053, "cum_end_m": 17912.539339693223 }, "geometry": { "type": "LineString", "coordinates": [ [ 7.526630833333333, 51.922927777777772 ], [ 7.527240833333333, 51.920008333333328 ] ] } },
{ "type": "Feature", "properties": { "betriebstag": "2026-01-15", "frt_fid": "49091", "edge_idx": 46, "cum_start_m": 17912.539339693223, "cum_end_m": 18164.880429445235 }, "geometry": { "type": "LineString", "coordinates": [ [ 7.527240833333333, 51.920008333333328 ], [ 7.528196111111111, 51.91781805555555 ] ] } },
{ "type": "Feature", "properties": { "betriebstag": "2026-01-15", "frt_fid": "49091", "edge_idx": 47, "cum_start_m": 18164.880429445235, "cum_end_m": 18399.365935811704 }, "geometry": { "type": "LineString", "coordinates": [ [ 7.528196111111111, 51.91781805555555 ], [ 7.525296388888889, 51.916709722222222 ] ] } },
{ "type": "Feature", "properties": { "betriebstag": "2026-01-15", "frt_fid": "49091", "edge_idx": 48, "cum_start_m": 18399.365935811704, "cum_end_m": 18672.120609331803 }, "geometry": { "type": "LineString", "coordinates": [ [ 7.525296388888889, 51.916709722222222 ], [ 7.527406944444444, 51.914633888888886 ] ] } },
{ "type": "Feature", "properties": { "betriebstag": "2026-01-15", "frt_fid": "49092", "edge_idx": 0, "cum_start_m": 0.0, "cum_end_m": 252.81103068142528 }, "geometry": { "type": "LineString", "coordinates": [ [ 7.527406944444444, 51.914633888888886 ], [ 7.525148611111111, 51.916426944444446 ] ] } },
{ "type": "Feature", "properties": { "betriebstag": "2026-01-15", "frt_fid": "49092", "edge_idx": 1, "cum_start_m": 252.81103068142528, "cum_end_m": 512.9345907511447 }, "geometry": { "type": "LineString", "coordinates": [ [ 7.525148611111111, 51.916426944444446 ], [ 7.5283925, 51.917628888888885 ] ] } },
{ "type": "Feature", "properties": { "betriebstag": "2026-01-15", "frt_fid": "49092", "edge_idx": 2, "cum_start_m": 512.9345907511447, "cum_end_m": 853.93326983610382 }, "geometry": { "type": "LineString", "coordinates": [ [ 7.5283925, 51.917628888888885 ], [ 7.5272425, 51.920610833333328 ] ] } },
{ "type": "Feature", "properties": { "betriebstag": "2026-01-15", "frt_fid": "49092", "edge_idx": 3, "cum_start_m": 853.93326983610382, "cum_end_m": 1134.347999177452 }, "geometry": { "type": "LineString", "coordinates": [ [ 7.5272425, 51.920610833333328 ], [ 7.526746944444445, 51.923113055555554 ] ] } },
{ "type": "Feature", "properties": { "betriebstag": "2026-01-15", "frt_fid": "49092", "edge_idx": 4, "cum_start_m": 1134.347999177452, "cum_end_m": 1456.2495256673139 }, "geometry": { "type": "LineString", "coordinates": [ [ 7.526746944444445, 51.923113055555554 ], [ 7.522214166666666, 51.923834166666666 ] ] } },
{ "type": "Feature", "properties": { "betriebstag": "2026-01-15", "frt_fid": "49092", "edge_idx": 5, "cum_start_m": 1456.2495256673139, "cum_end_m": 1667.7506820018784 }, "geometry": { "type": "LineString", "coordinates": [ [ 7.522214166666666, 51.923834166666666 ], [ 7.519796388888889, 51.925009166666662 ] ] } },
{ "type": "Feature", "properties": { "betriebstag": "2026-01-15", "frt_fid": "49092", "edge_idx": 6, "cum_start_m": 1667.7506820018784, "cum_end_m": 1927.6472379841873 }, "geometry": { "type": "LineString", "coordinates": [ [ 7.519796388888889, 51.925009166666662 ], [ 7.523565, 51.924836111111105 ] ] } },
{ "type": "Feature", "properties": { "betriebstag": "2026-01-15", "frt_fid": "49092", "edge_idx": 7, "cum_start_m": 1927.6472379841873, "cum_end_m": 2231.3907711767947 }, "geometry": { "type": "LineString", "coordinates": [ [ 7.523565, 51.924836111111105 ], [ 7.527928611111111, 51.924414722222217 ] ] } },
{ "type": "Feature", "properties": { "betriebstag": "2026-01-15", "frt_fid": "49092", "edge_idx": 8, "cum_start_m": 2231.3907711767947, "cum_end_m": 2697.9655963077685 }, "geometry": { "type": "LineString", "coordinates": [ [ 7.527928611111111, 51.924414722222217 ], [ 7.534711111111111, 51.924506111111107 ] ] } },
{ "type": "Feature", "properties": { "betriebstag": "2026-01-15", "frt_fid": "49092", "edge_idx": 9, "cum_start_m": 2697.9655963077685, "cum_end_m": 3893.0446921821531 }, "geometry": { "type": "LineString", "coordinates": [ [ 7.534711111111111, 51.924506111111107 ], [ 7.552072777777777, 51.924955555555556 ] ] } },
{ "type": "Feature", "properties": { "betriebstag": "2026-01-15", "frt_fid": "49092", "edge_idx": 10, "cum_start_m": 3893.0446921821531, "cum_end_m": 4627.6557294966078 }, "geometry": { "type": "LineString", "coordinates": [ [ 7.552072777777777, 51.924955555555556 ], [ 7.562747222222222, 51.9251975 ] ] } },
{ "type": "Feature", "properties": { "betriebstag": "2026-01-15", "frt_fid": "49092", "edge_idx": 11, "cum_start_m": 4627.6557294966078, "cum_end_m": 5380.8593173343543 }, "geometry": { "type": "LineString", "coordinates": [ [ 7.562747222222222, 51.9251975 ], [ 7.573689166666666, 51.924907777777776 ] ] } },
{ "type": "Feature", "properties": { "betriebstag": "2026-01-15", "frt_fid": "49092", "edge_idx": 12, "cum_start_m": 5380.8593173343543, "cum_end_m": 5815.2495216643429 }, "geometry": { "type": "LineString", "coordinates": [ [ 7.573689166666666, 51.924907777777776 ], [ 7.579957777777778, 51.925386666666661 ] ] } },
{ "type": "Feature", "properties": { "betriebstag": "2026-01-15", "frt_fid": "49092", "edge_idx": 13, "cum_start_m": 5815.2495216643429, "cum_end_m": 6079.3752657665036 }, "geometry": { "type": "LineString", "coordinates": [ [ 7.579957777777778, 51.925386666666661 ], [ 7.583341666666667, 51.926509722222221 ] ] } },
{ "type": "Feature", "properties": { "betriebstag": "2026-01-15", "frt_fid": "49092", "edge_idx": 14, "cum_start_m": 6079.3752657665036, "cum_end_m": 6450.9601449603824 }, "geometry": { "type": "LineString", "coordinates": [ [ 7.583341666666667, 51.926509722222221 ], [ 7.588090277777778, 51.928103611111112 ] ] } },
{ "type": "Feature", "properties": { "betriebstag": "2026-01-15", "frt_fid": "49092", "edge_idx": 15, "cum_start_m": 6450.9601449603824, "cum_end_m": 6878.7736095791061 }, "geometry": { "type": "LineString", "coordinates": [ [ 7.588090277777778, 51.928103611111112 ], [ 7.592937222222222, 51.93051472222222 ] ] } },
{ "type": "Feature", "properties": { "betriebstag": "2026-01-15", "frt_fid": "49092", "edge_idx": 16, "cum_start_m": 6878.7736095791061, "cum_end_m": 7100.6558450639195 }, "geometry": { "type": "LineString", "coordinates": [ [ 7.592937222222222, 51.93051472222222 ], [ 7.595317222222222, 51.931861666666663 ] ] } },
{ "type": "Feature", "properties": { "betriebstag": "2026-01-15", "frt_fid": "49092", "edge_idx": 17, "cum_start_m": 7100.6558450639195, "cum_end_m": 7547.7746374858225 }, "geometry": { "type": "LineString", "coordinates": [ [ 7.595317222222222, 51.931861666666663 ], [ 7.600118888888889, 51.934572222222222 ] ] } },
{ "type": "Feature", "properties": { "betriebstag": "2026-01-15", "frt_fid": "49092", "edge_idx": 18, "cum_start_m": 7547.7746374858225, "cum_end_m": 7851.0986481443106 }, "geometry": { "type": "LineString", "coordinates": [ [ 7.600118888888889, 51.934572222222222 ], [ 7.603557777777778, 51.936280277777776 ] ] } },
{ "type": "Feature", "properties": { "betriebstag": "2026-01-15", "frt_fid": "49092", "edge_idx": 19, "cum_start_m": 7851.0986481443106, "cum_end_m": 8139.4908914998105 }, "geometry": { "type": "LineString", "coordinates": [ [ 7.603557777777778, 51.936280277777776 ], [ 7.606431944444444, 51.938168611111109 ] ] } },
{ "type": "Feature", "properties": { "betriebstag": "2026-01-15", "frt_fid": "49092", "edge_idx": 20, "cum_start_m": 8139.4908914998105, "cum_end_m": 8439.6655347032174 }, "geometry": { "type": "LineString", "coordinates": [ [ 7.606431944444444, 51.938168611111109 ], [ 7.609121388888888, 51.94029444444444 ] ] } },
{ "type": "Feature", "properties": { "betriebstag": "2026-01-15", "frt_fid": "49092", "edge_idx": 21, "cum_start_m": 8439.6655347032174, "cum_end_m": 8932.9279763290979 }, "geometry": { "type": "LineString", "coordinates": [ [ 7.609121388888888, 51.94029444444444 ], [ 7.612395555555556, 51.944240277777773 ] ] } },
{ "type": "Feature", "properties": { "betriebstag": "2026-01-15", "frt_fid": "49092", "edge_idx": 22, "cum_start_m": 8932.9279763290979, "cum_end_m": 9593.9734084663633 }, "geometry": { "type": "LineString", "coordinates": [ [ 7.612395555555556, 51.944240277777773 ], [ 7.616818611111111, 51.949517222222219 ] ] } },
{ "type": "Feature", "properties": { "betriebstag": "2026-01-15", "frt_fid": "49092", "edge_idx": 23, "cum_start_m": 9593.9734084663633, "cum_end_m": 9941.2500869354153 }, "geometry": { "type": "LineString", "coordinates": [ [ 7.616818611111111, 51.949517222222219 ], [ 7.619033333333334, 51.952323333333339 ] ] } },
{ "type": "Feature", "properties": { "betriebstag": "2026-01-15", "frt_fid": "49092", "edge_idx": 24, "cum_start_m": 9941.2500869354153, "cum_end_m": 10311.455762363797 }, "geometry": { "type": "LineString", "coordinates": [ [ 7.619033333333334, 51.952323333333339 ], [ 7.621679444444445, 51.955222222222226 ] ] } },
{ "type": "Feature", "properties": { "betriebstag": "2026-01-15", "frt_fid": "49092", "edge_idx": 25, "cum_start_m": 10311.455762363797, "cum_end_m": 10769.242518443578 }, "geometry": { "type": "LineString", "coordinates": [ [ 7.621679444444445, 51.955222222222226 ], [ 7.628273611111112, 51.955803888888894 ] ] } },
{ "type": "Feature", "properties": { "betriebstag": "2026-01-15", "frt_fid": "49092", "edge_idx": 26, "cum_start_m": 10769.242518443578, "cum_end_m": 11235.756337761621 }, "geometry": { "type": "LineString", "coordinates": [ [ 7.628273611111112, 51.955803888888894 ], [ 7.634583333333333, 51.957350555555557 ] ] } },
{ "type": "Feature", "properties": { "betriebstag": "2026-01-15", "frt_fid": "49092", "edge_idx": 27, "cum_start_m": 11235.756337761621, "cum_end_m": 11728.337723597298 }, "geometry": { "type": "LineString", "coordinates": [ [ 7.634583333333333, 51.957350555555557 ], [ 7.635514166666666, 51.961741388888889 ] ] } },
{ "type": "Feature", "properties": { "betriebstag": "2026-01-15", "frt_fid": "49092", "edge_idx": 28, "cum_start_m": 11728.337723597298, "cum_end_m": 12174.065073310801 }, "geometry": { "type": "LineString", "coordinates": [ [ 7.635514166666666, 51.961741388888889 ], [ 7.630303611111112, 51.964128055555555 ] ] } },
{ "type": "Feature", "properties": { "betriebstag": "2026-01-15", "frt_fid": "49092", "edge_idx": 29, "cum_start_m": 12174.065073310801, "cum_end_m": 12439.678286307873 }, "geometry": { "type": "LineString", "coordinates": [ [ 7.630303611111112, 51.964128055555555 ], [ 7.626990833333334, 51.965358611111114 ] ] } },
{ "type": "Feature", "properties": { "betriebstag": "2026-01-15", "frt_fid": "49092", "edge_idx": 30, "cum_start_m": 12439.678286307873, "cum_end_m": 12779.107562132333 }, "geometry": { "type": "LineString", "coordinates": [ [ 7.626990833333334, 51.965358611111114 ], [ 7.6232925, 51.967381666666668 ] ] } },
{ "type": "Feature", "properties": { "betriebstag": "2026-01-15", "frt_fid": "49092", "edge_idx": 31, "cum_start_m": 12779.107562132333, "cum_end_m": 13072.281679112135 }, "geometry": { "type": "LineString", "coordinates": [ [ 7.6232925, 51.967381666666668 ], [ 7.622248611111112, 51.969937222222221 ] ] } },
{ "type": "Feature", "properties": { "betriebstag": "2026-01-15", "frt_fid": "49092", "edge_idx": 32, "cum_start_m": 13072.281679112135, "cum_end_m": 13376.287885595981 }, "geometry": { "type": "LineString", "coordinates": [ [ 7.622248611111112, 51.969937222222221 ], [ 7.623106944444445, 51.972618333333337 ] ] } },
{ "type": "Feature", "properties": { "betriebstag": "2026-01-15", "frt_fid": "49092", "edge_idx": 33, "cum_start_m": 13376.287885595981, "cum_end_m": 13621.86530573016 }, "geometry": { "type": "LineString", "coordinates": [ [ 7.623106944444445, 51.972618333333337 ], [ 7.622308333333334, 51.974770277777779 ] ] } },
{ "type": "Feature", "properties": { "betriebstag": "2026-01-15", "frt_fid": "49092", "edge_idx": 34, "cum_start_m": 13621.86530573016, "cum_end_m": 13991.900775013413 }, "geometry": { "type": "LineString", "coordinates": [ [ 7.622308333333334, 51.974770277777779 ], [ 7.616933333333334, 51.97455305555556 ] ] } },
{ "type": "Feature", "properties": { "betriebstag": "2026-01-15", "frt_fid": "49092", "edge_idx": 35, "cum_start_m": 13991.900775013413, "cum_end_m": 14299.481537855607 }, "geometry": { "type": "LineString", "coordinates": [ [ 7.616933333333334, 51.97455305555556 ], [ 7.612489722222222, 51.974891944444444 ] ] } },
{ "type": "Feature", "properties": { "betriebstag": "2026-01-15", "frt_fid": "49092", "edge_idx": 36, "cum_start_m": 14299.481537855607, "cum_end_m": 14547.995251270841 }, "geometry": { "type": "LineString", "coordinates": [ [ 7.612489722222222, 51.974891944444444 ], [ 7.61234, 51.97712416666667 ] ] } },
{ "type": "Feature", "properties": { "betriebstag": "2026-01-15", "frt_fid": "49092", "edge_idx": 37, "cum_start_m": 14547.995251270841, "cum_end_m": 14812.721890984751 }, "geometry": { "type": "LineString", "coordinates": [ [ 7.61234, 51.97712416666667 ], [ 7.612148333333333, 51.979501111111112 ] ] } },
{ "type": "Feature", "properties": { "betriebstag": "2026-01-15", "frt_fid": "49092", "edge_idx": 38, "cum_start_m": 14812.721890984751, "cum_end_m": 15175.019392042703 }, "geometry": { "type": "LineString", "coordinates": [ [ 7.612148333333333, 51.979501111111112 ], [ 7.611887222222222, 51.982754166666666 ] ] } },
{ "type": "Feature", "properties": { "betriebstag": "2026-01-15", "frt_fid": "49092", "edge_idx": 39, "cum_start_m": 15175.019392042703, "cum_end_m": 15746.086391357845 }, "geometry": { "type": "LineString", "coordinates": [ [ 7.611887222222222, 51.982754166666666 ], [ 7.611500833333333, 51.9878825 ] ] } },
{ "type": "Feature", "properties": { "betriebstag": "2026-01-15", "frt_fid": "49092", "edge_idx": 40, "cum_start_m": 15746.086391357845, "cum_end_m": 16424.249853010529 }, "geometry": { "type": "LineString", "coordinates": [ [ 7.611500833333333, 51.9878825 ], [ 7.612586388888889, 51.993942222222223 ] ] } },
{ "type": "Feature", "properties": { "betriebstag": "2026-01-15", "frt_fid": "49092", "edge_idx": 41, "cum_start_m": 16424.249853010529, "cum_end_m": 16612.39069739858 }, "geometry": { "type": "LineString", "coordinates": [ [ 7.612586388888889, 51.993942222222223 ], [ 7.612988611111111, 51.99561527777778 ] ] } },
{ "type": "Feature", "properties": { "betriebstag": "2026-01-15", "frt_fid": "49092", "edge_idx": 42, "cum_start_m": 16612.39069739858, "cum_end_m": 16879.757597902117 }, "geometry": { "type": "LineString", "coordinates": [ [ 7.612988611111111, 51.99561527777778 ], [ 7.612205, 51.997969722222223 ] ] } },
{ "type": "Feature", "properties": { "betriebstag": "2026-01-15", "frt_fid": "49092", "edge_idx": 43, "cum_start_m": 16879.757597902117, "cum_end_m": 17152.389695180093 }, "geometry": { "type": "LineString", "coordinates": [ [ 7.612205, 51.997969722222223 ], [ 7.6082875, 51.99757 ] ] } },
{ "type": "Feature", "properties": { "betriebstag": "2026-01-15", "frt_fid": "49092", "edge_idx": 44, "cum_start_m": 17152.389695180093, "cum_end_m": 17436.186918475396 }, "geometry": { "type": "LineString", "coordinates": [ [ 7.6082875, 51.99757 ], [ 7.604203611111111, 51.997176944444448 ] ] } },
{ "type": "Feature", "properties": { "betriebstag": "2026-01-15", "frt_fid": "49092", "edge_idx": 45, "cum_start_m": 17436.186918475396, "cum_end_m": 17842.140415629561 }, "geometry": { "type": "LineString", "coordinates": [ [ 7.604203611111111, 51.997176944444448 ], [ 7.598429166666667, 51.997960555555558 ] ] } },
{ "type": "Feature", "properties": { "betriebstag": "2026-01-15", "frt_fid": "49092", "edge_idx": 46, "cum_start_m": 17842.140415629561, "cum_end_m": 18196.691592968011 }, "geometry": { "type": "LineString", "coordinates": [ [ 7.598429166666667, 51.997960555555558 ], [ 7.595289444444444, 52.00049111111111 ] ] } },
{ "type": "Feature", "properties": { "betriebstag": "2026-01-15", "frt_fid": "49092", "edge_idx": 47, "cum_start_m": 18196.691592968011, "cum_end_m": 18406.394435662372 }, "geometry": { "type": "LineString", "coordinates": [ [ 7.595289444444444, 52.00049111111111 ], [ 7.592288888888889, 52.000843333333336 ] ] } },
{ "type": "Feature", "properties": { "betriebstag": "2026-01-15", "frt_fid": "49092", "edge_idx": 48, "cum_start_m": 18406.394435662372, "cum_end_m": 18668.492547611426 }, "geometry": { "type": "LineString", "coordinates": [ [ 7.592288888888889, 52.000843333333336 ], [ 7.590370833333333, 51.998806111111115 ] ] } },
{ "type": "Feature", "properties": { "betriebstag": "2026-01-15", "frt_fid": "49094", "edge_idx": 0, "cum_start_m": 0.0, "cum_end_m": 252.38518567391679 }, "geometry": { "type": "LineString", "coordinates": [ [ 7.590370833333333, 51.998806111111115 ], [ 7.592259166666667, 52.000752777777777 ] ] } },
{ "type": "Feature", "properties": { "betriebstag": "2026-01-15", "frt_fid": "49094", "edge_idx": 1, "cum_start_m": 252.38518567391679, "cum_end_m": 465.78551979183834 }, "geometry": { "type": "LineString", "coordinates": [ [ 7.592259166666667, 52.000752777777777 ], [ 7.595288888888889, 52.000324444444445 ] ] } },
{ "type": "Feature", "properties": { "betriebstag": "2026-01-15", "frt_fid": "49094", "edge_idx": 2, "cum_start_m": 465.78551979183834, "cum_end_m": 817.77613550934825 }, "geometry": { "type": "LineString", "coordinates": [ [ 7.595288888888889, 52.000324444444445 ], [ 7.598407222222222, 51.997812777777781 ] ] } },
{ "type": "Feature", "properties": { "betriebstag": "2026-01-15", "frt_fid": "49094", "edge_idx": 3, "cum_start_m": 817.77613550934825, "cum_end_m": 1135.01387229907 }, "geometry": { "type": "LineString", "coordinates": [ [ 7.598407222222222, 51.997812777777781 ], [ 7.602791388888889, 51.99691277777778 ] ] } },
{ "type": "Feature", "properties": { "betriebstag": "2026-01-15", "frt_fid": "49094", "edge_idx": 4, "cum_start_m": 1135.01387229907, "cum_end_m": 1527.4445791228004 }, "geometry": { "type": "LineString", "coordinates": [ [ 7.602791388888889, 51.99691277777778 ], [ 7.608435, 51.99747 ] ] } },
{ "type": "Feature", "properties": { "betriebstag": "2026-01-15", "frt_fid": "49094", "edge_idx": 5, "cum_start_m": 1527.4445791228004, "cum_end_m": 1804.0313800604363 }, "geometry": { "type": "LineString", "coordinates": [ [ 7.608435, 51.99747 ], [ 7.612418333333333, 51.997840277777776 ] ] } },
{ "type": "Feature", "properties": { "betriebstag": "2026-01-15", "frt_fid": "49094", "edge_idx": 6, "cum_start_m": 1804.0313800604363, "cum_end_m": 2013.0376171625655 }, "geometry": { "type": "LineString", "coordinates": [ [ 7.612418333333333, 51.997840277777776 ], [ 7.612816944444444, 51.9959775 ] ] } },
{ "type": "Feature", "properties": { "betriebstag": "2026-01-15", "frt_fid": "49094", "edge_idx": 7, "cum_start_m": 2013.0376171625655, "cum_end_m": 2360.0194762676874 }, "geometry": { "type": "LineString", "coordinates": [ [ 7.612816944444444, 51.9959775 ], [ 7.611991944444444, 51.9929 ] ] } },
{ "type": "Feature", "properties": { "betriebstag": "2026-01-15", "frt_fid": "49094", "edge_idx": 8, "cum_start_m": 2360.0194762676874, "cum_end_m": 2830.7143886621107 }, "geometry": { "type": "LineString", "coordinates": [ [ 7.611991944444444, 51.9929 ], [ 7.611138611111111, 51.988701388888892 ] ] } },
{ "type": "Feature", "properties": { "betriebstag": "2026-01-15", "frt_fid": "49094", "edge_idx": 9, "cum_start_m": 2830.7143886621107, "cum_end_m": 3509.6057971658861 }, "geometry": { "type": "LineString", "coordinates": [ [ 7.611138611111111, 51.988701388888892 ], [ 7.611624722222222, 51.982605555555558 ] ] } },
{ "type": "Feature", "properties": { "betriebstag": "2026-01-15", "frt_fid": "49094", "edge_idx": 10, "cum_start_m": 3509.6057971658861, "cum_end_m": 3853.593604430167 }, "geometry": { "type": "LineString", "coordinates": [ [ 7.611624722222222, 51.982605555555558 ], [ 7.611845277777777, 51.97951611111111 ] ] } },
{ "type": "Feature", "properties": { "betriebstag": "2026-01-15", "frt_fid": "49094", "edge_idx": 11, "cum_start_m": 3853.593604430167, "cum_end_m": 4146.9336982512405 }, "geometry": { "type": "LineString", "coordinates": [ [ 7.611845277777777, 51.97951611111111 ], [ 7.612074166666666, 51.976882777777782 ] ] } },
{ "type": "Feature", "properties": { "betriebstag": "2026-01-15", "frt_fid": "49094", "edge_idx": 12, "cum_start_m": 4146.9336982512405, "cum_end_m": 4452.3266945865635 }, "geometry": { "type": "LineString", "coordinates": [ [ 7.612074166666666, 51.976882777777782 ], [ 7.613080833333333, 51.974208611111116 ] ] } },
{ "type": "Feature", "properties": { "betriebstag": "2026-01-15", "frt_fid": "49094", "edge_idx": 13, "cum_start_m": 4452.3266945865635, "cum_end_m": 4916.8518467481554 }, "geometry": { "type": "LineString", "coordinates": [ [ 7.613080833333333, 51.974208611111116 ], [ 7.619821666666667, 51.974538055555556 ] ] } },
{ "type": "Feature", "properties": { "betriebstag": "2026-01-15", "frt_fid": "49094", "edge_idx": 14, "cum_start_m": 4916.8518467481554, "cum_end_m": 5163.5275357607197 }, "geometry": { "type": "LineString", "coordinates": [ [ 7.619821666666667, 51.974538055555556 ], [ 7.6233275, 51.974058611111111 ] ] } },
{ "type": "Feature", "properties": { "betriebstag": "2026-01-15", "frt_fid": "49094", "edge_idx": 15, "cum_start_m": 5163.5275357607197, "cum_end_m": 5398.6287585085056 }, "geometry": { "type": "LineString", "coordinates": [ [ 7.6233275, 51.974058611111111 ], [ 7.622440833333334, 51.972017222222227 ] ] } },
{ "type": "Feature", "properties": { "betriebstag": "2026-01-15", "frt_fid": "49094", "edge_idx": 16, "cum_start_m": 5398.6287585085056, "cum_end_m": 5591.8315667054976 }, "geometry": { "type": "LineString", "coordinates": [ [ 7.622440833333334, 51.972017222222227 ], [ 7.622116111111112, 51.970291944444448 ] ] } },
{ "type": "Feature", "properties": { "betriebstag": "2026-01-15", "frt_fid": "49094", "edge_idx": 17, "cum_start_m": 5591.8315667054976, "cum_end_m": 5900.3984632161601 }, "geometry": { "type": "LineString", "coordinates": [ [ 7.622116111111112, 51.970291944444448 ], [ 7.623097777777779, 51.967585 ] ] } },
{ "type": "Feature", "properties": { "betriebstag": "2026-01-15", "frt_fid": "49094", "edge_idx": 18, "cum_start_m": 5900.3984632161601, "cum_end_m": 6273.2500209723021 }, "geometry": { "type": "LineString", "coordinates": [ [ 7.623097777777779, 51.967585 ], [ 7.626976111111111, 51.96524055555556 ] ] } },
{ "type": "Feature", "properties": { "betriebstag": "2026-01-15", "frt_fid": "49094", "edge_idx": 19, "cum_start_m": 6273.2500209723021, "cum_end_m": 6574.2691961920973 }, "geometry": { "type": "LineString", "coordinates": [ [ 7.626976111111111, 51.96524055555556 ], [ 7.630732222222223, 51.963847777777779 ] ] } },
{ "type": "Feature", "properties": { "betriebstag": "2026-01-15", "frt_fid": "49094", "edge_idx": 20, "cum_start_m": 6574.2691961920973, "cum_end_m": 7014.8486351403217 }, "geometry": { "type": "LineString", "coordinates": [ [ 7.630732222222223, 51.963847777777779 ], [ 7.635060833333333, 51.960925833333334 ] ] } },
{ "type": "Feature", "properties": { "betriebstag": "2026-01-15", "frt_fid": "49094", "edge_idx": 21, "cum_start_m": 7014.8486351403217, "cum_end_m": 7426.5254121041244 }, "geometry": { "type": "LineString", "coordinates": [ [ 7.635060833333333, 51.960925833333334 ], [ 7.634171666666666, 51.957265833333338 ] ] } },
{ "type": "Feature", "properties": { "betriebstag": "2026-01-15", "frt_fid": "49094", "edge_idx": 22, "cum_start_m": 7426.5254121041244, "cum_end_m": 7950.3431831831149 }, "geometry": { "type": "LineString", "coordinates": [ [ 7.634171666666666, 51.957265833333338 ], [ 7.626748055555556, 51.956198333333333 ] ] } },
{ "type": "Feature", "properties": { "betriebstag": "2026-01-15", "frt_fid": "49094", "edge_idx": 23, "cum_start_m": 7950.3431831831149, "cum_end_m": 8342.0366972905358 }, "geometry": { "type": "LineString", "coordinates": [ [ 7.626748055555556, 51.956198333333333 ], [ 7.621243611111112, 51.955285277777783 ] ] } },
{ "type": "Feature", "properties": { "betriebstag": "2026-01-15", "frt_fid": "49094", "edge_idx": 24, "cum_start_m": 8342.0366972905358, "cum_end_m": 8767.0286066528079 }, "geometry": { "type": "LineString", "coordinates": [ [ 7.621243611111112, 51.955285277777783 ], [ 7.618360555555556, 51.951905277777783 ] ] } },
{ "type": "Feature", "properties": { "betriebstag": "2026-01-15", "frt_fid": "49094", "edge_idx": 25, "cum_start_m": 8767.0286066528079, "cum_end_m": 9095.2637837406583 }, "geometry": { "type": "LineString", "coordinates": [ [ 7.618360555555556, 51.951905277777783 ], [ 7.616151388888889, 51.949289166666667 ] ] } },
{ "type": "Feature", "properties": { "betriebstag": "2026-01-15", "frt_fid": "49094", "edge_idx": 26, "cum_start_m": 9095.2637837406583, "cum_end_m": 9727.8555085226053 }, "geometry": { "type": "LineString", "coordinates": [ [ 7.616151388888889, 51.949289166666667 ], [ 7.612045833333333, 51.944199444444443 ] ] } },
{ "type": "Feature", "properties": { "betriebstag": "2026-01-15", "frt_fid": "49094", "edge_idx": 27, "cum_start_m": 9727.8555085226053, "cum_end_m": 10211.243590625469 }, "geometry": { "type": "LineString", "coordinates": [ [ 7.612045833333333, 51.944199444444443 ], [ 7.608778611111111, 51.940351388888885 ] ] } },
{ "type": "Feature", "properties": { "betriebstag": "2026-01-15", "frt_fid": "49094", "edge_idx": 28, "cum_start_m": 10211.243590625469, "cum_end_m": 10531.784382585989 }, "geometry": { "type": "LineString", "coordinates": [ [ 7.608778611111111, 51.940351388888885 ], [ 7.605851666666666, 51.938108333333332 ] ] } },
{ "type": "Feature", "properties": { "betriebstag": "2026-01-15", "frt_fid": "49094", "edge_idx": 29, "cum_start_m": 10531.784382585989, "cum_end_m": 10826.220830002298 }, "geometry": { "type": "LineString", "coordinates": [ [ 7.605851666666666, 51.938108333333332 ], [ 7.602868611111111, 51.936209166666664 ] ] } },
{ "type": "Feature", "properties": { "betriebstag": "2026-01-15", "frt_fid": "49094", "edge_idx": 30, "cum_start_m": 10826.220830002298, "cum_end_m": 11107.547957517067 }, "geometry": { "type": "LineString", "coordinates": [ [ 7.602868611111111, 51.936209166666664 ], [ 7.599746944444444, 51.934574166666664 ] ] } },
{ "type": "Feature", "properties": { "betriebstag": "2026-01-15", "frt_fid": "49094", "edge_idx": 31, "cum_start_m": 11107.547957517067, "cum_end_m": 11603.237017736159 }, "geometry": { "type": "LineString", "coordinates": [ [ 7.599746944444444, 51.934574166666664 ], [ 7.594443055555555, 51.931556111111107 ] ] } },
{ "type": "Feature", "properties": { "betriebstag": "2026-01-15", "frt_fid": "49094", "edge_idx": 32, "cum_start_m": 11603.237017736159, "cum_end_m": 11843.388957195351 }, "geometry": { "type": "LineString", "coordinates": [ [ 7.594443055555555, 51.931556111111107 ], [ 7.591849444444444, 51.930110277777779 ] ] } },
{ "type": "Feature", "properties": { "betriebstag": "2026-01-15", "frt_fid": "49094", "edge_idx": 33, "cum_start_m": 11843.388957195351, "cum_end_m": 12191.84927886982 }, "geometry": { "type": "LineString", "coordinates": [ [ 7.591849444444444, 51.930110277777779 ], [ 7.587873611111111, 51.928168055555552 ] ] } },
{ "type": "Feature", "properties": { "betriebstag": "2026-01-15", "frt_fid": "49094", "edge_idx": 34, "cum_start_m": 12191.84927886982, "cum_end_m": 12571.841950427828 }, "geometry": { "type": "LineString", "coordinates": [ [ 7.587873611111111, 51.928168055555552 ], [ 7.582982777777778, 51.926578333333332 ] ] } },
{ "type": "Feature", "properties": { "betriebstag": "2026-01-15", "frt_fid": "49094", "edge_idx": 35, "cum_start_m": 12571.841950427828, "cum_end_m": 12900.072642387888 }, "geometry": { "type": "LineString", "coordinates": [ [ 7.582982777777778, 51.926578333333332 ], [ 7.578722777777777, 51.925247777777777 ] ] } },
{ "type": "Feature", "properties": { "betriebstag": "2026-01-15", "frt_fid": "49094", "edge_idx": 36, "cum_start_m": 12900.072642387888, "cum_end_m": 13276.012459881504 }, "geometry": { "type": "LineString", "coordinates": [ [ 7.578722777777777, 51.925247777777777 ], [ 7.573266111111111, 51.925046388888887 ] ] } },
{ "type": "Feature", "properties": { "betriebstag": "2026-01-15", "frt_fid": "49094", "edge_idx": 37, "cum_start_m": 13276.012459881504, "cum_end_m": 14100.758832079808 }, "geometry": { "type": "LineString", "coordinates": [ [ 7.573266111111111, 51.925046388888887 ], [ 7.561284166666667, 51.925354166666665 ] ] } },
{ "type": "Feature", "properties": { "betriebstag": "2026-01-15", "frt_fid": "49094", "edge_idx": 38, "cum_start_m": 14100.758832079808, "cum_end_m": 14790.067665141069 }, "geometry": { "type": "LineString", "coordinates": [ [ 7.561284166666667, 51.925354166666665 ], [ 7.551272222222222, 51.925064166666665 ] ] } },
{ "type": "Feature", "properties": { "betriebstag": "2026-01-15", "frt_fid": "49094", "edge_idx": 39, "cum_start_m": 14790.067665141069, "cum_end_m": 15971.447205531978 }, "geometry": { "type": "LineString", "coordinates": [ [ 7.551272222222222, 51.925064166666665 ], [ 7.534105277777778, 51.924687777777777 ] ] } },
{ "type": "Feature", "properties": { "betriebstag": "2026-01-15", "frt_fid": "49094", "edge_idx": 40, "cum_start_m": 15971.447205531978, "cum_end_m": 16426.700717325602 }, "geometry": { "type": "LineString", "coordinates": [ [ 7.534105277777778, 51.924687777777777 ], [ 7.527485833333333, 51.924708611111107 ] ] } },
{ "type": "Feature", "properties": { "betriebstag": "2026-01-15", "frt_fid": "49094", "edge_idx": 41, "cum_start_m": 16426.700717325602, "cum_end_m": 16680.91432050231 }, "geometry": { "type": "LineString", "coordinates": [ [ 7.527485833333333, 51.924708611111107 ], [ 7.523809166666666, 51.924944166666663 ] ] } },
{ "type": "Feature", "properties": { "betriebstag": "2026-01-15", "frt_fid": "49094", "edge_idx": 42, "cum_start_m": 16680.91432050231, "cum_end_m": 17003.434758414649 }, "geometry": { "type": "LineString", "coordinates": [ [ 7.523809166666666, 51.924944166666663 ], [ 7.519123611111111, 51.925064166666665 ] ] } },
{ "type": "Feature", "properties": { "betriebstag": "2026-01-15", "frt_fid": "49094", "edge_idx": 43, "cum_start_m": 17003.434758414649, "cum_end_m": 17272.753674940966 }, "geometry": { "type": "LineString", "coordinates": [ [ 7.519123611111111, 51.925064166666665 ], [ 7.522211944444444, 51.923575555555551 ] ] } },
{ "type": "Feature", "properties": { "betriebstag": "2026-01-15", "frt_fid": "49094", "edge_idx": 44, "cum_start_m": 17272.753674940966, "cum_end_m": 17585.094865628053 }, "geometry": { "type": "LineString", "coordinates": [ [ 7.522211944444444, 51.923575555555551 ], [ 7.526630833333333, 51.922927777777772 ] ] } },
{ "type": "Feature", "properties": { "betriebstag": "2026-01-15", "frt_fid": "49094", "edge_idx": 45, "cum_start_m": 17585.094865628053, "cum_end_m": 17912.539339693223 }, "geometry": { "type": "LineString", "coordinates": [ [ 7.526630833333333, 51.922927777777772 ], [ 7.527240833333333, 51.920008333333328 ] ] } },
{ "type": "Feature", "properties": { "betriebstag": "2026-01-15", "frt_fid": "49094", "edge_idx": 46, "cum_start_m": 17912.539339693223, "cum_end_m": 18164.880429445235 }, "geometry": { "type": "LineString", "coordinates": [ [ 7.527240833333333, 51.920008333333328 ], [ 7.528196111111111, 51.91781805555555 ] ] } },
{ "type": "Feature", "properties": { "betriebstag": "2026-01-15", "frt_fid": "49094", "edge_idx": 47, "cum_start_m": 18164.880429445235, "cum_end_m": 18399.365935811704 }, "geometry": { "type": "LineString", "coordinates": [ [ 7.528196111111111, 51.91781805555555 ], [ 7.525296388888889, 51.916709722222222 ] ] } },
{ "type": "Feature", "properties": { "betriebstag": "2026-01-15", "frt_fid": "49094", "edge_idx": 48, "cum_start_m": 18399.365935811704, "cum_end_m": 18672.120609331803 }, "geometry": { "type": "LineString", "coordinates": [ [ 7.525296388888889, 51.916709722222222 ], [ 7.527406944444444, 51.914633888888886 ] ] } },
{ "type": "Feature", "properties": { "betriebstag": "2026-01-15", "frt_fid": "49096", "edge_idx": 0, "cum_start_m": 0.0, "cum_end_m": 252.81103068142528 }, "geometry": { "type": "LineString", "coordinates": [ [ 7.527406944444444, 51.914633888888886 ], [ 7.525148611111111, 51.916426944444446 ] ] } },
{ "type": "Feature", "properties": { "betriebstag": "2026-01-15", "frt_fid": "49096", "edge_idx": 1, "cum_start_m": 252.81103068142528, "cum_end_m": 512.9345907511447 }, "geometry": { "type": "LineString", "coordinates": [ [ 7.525148611111111, 51.916426944444446 ], [ 7.5283925, 51.917628888888885 ] ] } },
{ "type": "Feature", "properties": { "betriebstag": "2026-01-15", "frt_fid": "49096", "edge_idx": 2, "cum_start_m": 512.9345907511447, "cum_end_m": 853.93326983610382 }, "geometry": { "type": "LineString", "coordinates": [ [ 7.5283925, 51.917628888888885 ], [ 7.5272425, 51.920610833333328 ] ] } },
{ "type": "Feature", "properties": { "betriebstag": "2026-01-15", "frt_fid": "49096", "edge_idx": 3, "cum_start_m": 853.93326983610382, "cum_end_m": 1134.347999177452 }, "geometry": { "type": "LineString", "coordinates": [ [ 7.5272425, 51.920610833333328 ], [ 7.526746944444445, 51.923113055555554 ] ] } },
{ "type": "Feature", "properties": { "betriebstag": "2026-01-15", "frt_fid": "49096", "edge_idx": 4, "cum_start_m": 1134.347999177452, "cum_end_m": 1456.2495256673139 }, "geometry": { "type": "LineString", "coordinates": [ [ 7.526746944444445, 51.923113055555554 ], [ 7.522214166666666, 51.923834166666666 ] ] } },
{ "type": "Feature", "properties": { "betriebstag": "2026-01-15", "frt_fid": "49096", "edge_idx": 5, "cum_start_m": 1456.2495256673139, "cum_end_m": 1667.7506820018784 }, "geometry": { "type": "LineString", "coordinates": [ [ 7.522214166666666, 51.923834166666666 ], [ 7.519796388888889, 51.925009166666662 ] ] } },
{ "type": "Feature", "properties": { "betriebstag": "2026-01-15", "frt_fid": "49096", "edge_idx": 6, "cum_start_m": 1667.7506820018784, "cum_end_m": 1927.6472379841873 }, "geometry": { "type": "LineString", "coordinates": [ [ 7.519796388888889, 51.925009166666662 ], [ 7.523565, 51.924836111111105 ] ] } },
{ "type": "Feature", "properties": { "betriebstag": "2026-01-15", "frt_fid": "49096", "edge_idx": 7, "cum_start_m": 1927.6472379841873, "cum_end_m": 2231.3907711767947 }, "geometry": { "type": "LineString", "coordinates": [ [ 7.523565, 51.924836111111105 ], [ 7.527928611111111, 51.924414722222217 ] ] } },
{ "type": "Feature", "properties": { "betriebstag": "2026-01-15", "frt_fid": "49096", "edge_idx": 8, "cum_start_m": 2231.3907711767947, "cum_end_m": 2697.9655963077685 }, "geometry": { "type": "LineString", "coordinates": [ [ 7.527928611111111, 51.924414722222217 ], [ 7.534711111111111, 51.924506111111107 ] ] } },
{ "type": "Feature", "properties": { "betriebstag": "2026-01-15", "frt_fid": "49096", "edge_idx": 9, "cum_start_m": 2697.9655963077685, "cum_end_m": 3893.0446921821531 }, "geometry": { "type": "LineString", "coordinates": [ [ 7.534711111111111, 51.924506111111107 ], [ 7.552072777777777, 51.924955555555556 ] ] } },
{ "type": "Feature", "properties": { "betriebstag": "2026-01-15", "frt_fid": "49096", "edge_idx": 10, "cum_start_m": 3893.0446921821531, "cum_end_m": 4627.6557294966078 }, "geometry": { "type": "LineString", "coordinates": [ [ 7.552072777777777, 51.924955555555556 ], [ 7.562747222222222, 51.9251975 ] ] } },
{ "type": "Feature", "properties": { "betriebstag": "2026-01-15", "frt_fid": "49096", "edge_idx": 11, "cum_start_m": 4627.6557294966078, "cum_end_m": 5380.8593173343543 }, "geometry": { "type": "LineString", "coordinates": [ [ 7.562747222222222, 51.9251975 ], [ 7.573689166666666, 51.924907777777776 ] ] } },
{ "type": "Feature", "properties": { "betriebstag": "2026-01-15", "frt_fid": "49096", "edge_idx": 12, "cum_start_m": 5380.8593173343543, "cum_end_m": 5815.2495216643429 }, "geometry": { "type": "LineString", "coordinates": [ [ 7.573689166666666, 51.924907777777776 ], [ 7.579957777777778, 51.925386666666661 ] ] } },
{ "type": "Feature", "properties": { "betriebstag": "2026-01-15", "frt_fid": "49096", "edge_idx": 13, "cum_start_m": 5815.2495216643429, "cum_end_m": 6079.3752657665036 }, "geometry": { "type": "LineString", "coordinates": [ [ 7.579957777777778, 51.925386666666661 ], [ 7.583341666666667, 51.926509722222221 ] ] } },
{ "type": "Feature", "properties": { "betriebstag": "2026-01-15", "frt_fid": "49096", "edge_idx": 14, "cum_start_m": 6079.3752657665036, "cum_end_m": 6450.9601449603824 }, "geometry": { "type": "LineString", "coordinates": [ [ 7.583341666666667, 51.926509722222221 ], [ 7.588090277777778, 51.928103611111112 ] ] } },
{ "type": "Feature", "properties": { "betriebstag": "2026-01-15", "frt_fid": "49096", "edge_idx": 15, "cum_start_m": 6450.9601449603824, "cum_end_m": 6878.7736095791061 }, "geometry": { "type": "LineString", "coordinates": [ [ 7.588090277777778, 51.928103611111112 ], [ 7.592937222222222, 51.93051472222222 ] ] } },
{ "type": "Feature", "properties": { "betriebstag": "2026-01-15", "frt_fid": "49096", "edge_idx": 16, "cum_start_m": 6878.7736095791061, "cum_end_m": 7100.6558450639195 }, "geometry": { "type": "LineString", "coordinates": [ [ 7.592937222222222, 51.93051472222222 ], [ 7.595317222222222, 51.931861666666663 ] ] } },
{ "type": "Feature", "properties": { "betriebstag": "2026-01-15", "frt_fid": "49096", "edge_idx": 17, "cum_start_m": 7100.6558450639195, "cum_end_m": 7547.7746374858225 }, "geometry": { "type": "LineString", "coordinates": [ [ 7.595317222222222, 51.931861666666663 ], [ 7.600118888888889, 51.934572222222222 ] ] } },
{ "type": "Feature", "properties": { "betriebstag": "2026-01-15", "frt_fid": "49096", "edge_idx": 18, "cum_start_m": 7547.7746374858225, "cum_end_m": 7851.0986481443106 }, "geometry": { "type": "LineString", "coordinates": [ [ 7.600118888888889, 51.934572222222222 ], [ 7.603557777777778, 51.936280277777776 ] ] } },
{ "type": "Feature", "properties": { "betriebstag": "2026-01-15", "frt_fid": "49096", "edge_idx": 19, "cum_start_m": 7851.0986481443106, "cum_end_m": 8139.4908914998105 }, "geometry": { "type": "LineString", "coordinates": [ [ 7.603557777777778, 51.936280277777776 ], [ 7.606431944444444, 51.938168611111109 ] ] } },
{ "type": "Feature", "properties": { "betriebstag": "2026-01-15", "frt_fid": "49096", "edge_idx": 20, "cum_start_m": 8139.4908914998105, "cum_end_m": 8439.6655347032174 }, "geometry": { "type": "LineString", "coordinates": [ [ 7.606431944444444, 51.938168611111109 ], [ 7.609121388888888, 51.94029444444444 ] ] } },
{ "type": "Feature", "properties": { "betriebstag": "2026-01-15", "frt_fid": "49096", "edge_idx": 21, "cum_start_m": 8439.6655347032174, "cum_end_m": 8932.9279763290979 }, "geometry": { "type": "LineString", "coordinates": [ [ 7.609121388888888, 51.94029444444444 ], [ 7.612395555555556, 51.944240277777773 ] ] } },
{ "type": "Feature", "properties": { "betriebstag": "2026-01-15", "frt_fid": "49096", "edge_idx": 22, "cum_start_m": 8932.9279763290979, "cum_end_m": 9593.9734084663633 }, "geometry": { "type": "LineString", "coordinates": [ [ 7.612395555555556, 51.944240277777773 ], [ 7.616818611111111, 51.949517222222219 ] ] } },
{ "type": "Feature", "properties": { "betriebstag": "2026-01-15", "frt_fid": "49096", "edge_idx": 23, "cum_start_m": 9593.9734084663633, "cum_end_m": 9941.2500869354153 }, "geometry": { "type": "LineString", "coordinates": [ [ 7.616818611111111, 51.949517222222219 ], [ 7.619033333333334, 51.952323333333339 ] ] } },
{ "type": "Feature", "properties": { "betriebstag": "2026-01-15", "frt_fid": "49096", "edge_idx": 24, "cum_start_m": 9941.2500869354153, "cum_end_m": 10311.455762363797 }, "geometry": { "type": "LineString", "coordinates": [ [ 7.619033333333334, 51.952323333333339 ], [ 7.621679444444445, 51.955222222222226 ] ] } },
{ "type": "Feature", "properties": { "betriebstag": "2026-01-15", "frt_fid": "49096", "edge_idx": 25, "cum_start_m": 10311.455762363797, "cum_end_m": 10769.242518443578 }, "geometry": { "type": "LineString", "coordinates": [ [ 7.621679444444445, 51.955222222222226 ], [ 7.628273611111112, 51.955803888888894 ] ] } },
{ "type": "Feature", "properties": { "betriebstag": "2026-01-15", "frt_fid": "49096", "edge_idx": 26, "cum_start_m": 10769.242518443578, "cum_end_m": 11235.756337761621 }, "geometry": { "type": "LineString", "coordinates": [ [ 7.628273611111112, 51.955803888888894 ], [ 7.634583333333333, 51.957350555555557 ] ] } },
{ "type": "Feature", "properties": { "betriebstag": "2026-01-15", "frt_fid": "49096", "edge_idx": 27, "cum_start_m": 11235.756337761621, "cum_end_m": 11728.337723597298 }, "geometry": { "type": "LineString", "coordinates": [ [ 7.634583333333333, 51.957350555555557 ], [ 7.635514166666666, 51.961741388888889 ] ] } },
{ "type": "Feature", "properties": { "betriebstag": "2026-01-15", "frt_fid": "49096", "edge_idx": 28, "cum_start_m": 11728.337723597298, "cum_end_m": 12174.065073310801 }, "geometry": { "type": "LineString", "coordinates": [ [ 7.635514166666666, 51.961741388888889 ], [ 7.630303611111112, 51.964128055555555 ] ] } },
{ "type": "Feature", "properties": { "betriebstag": "2026-01-15", "frt_fid": "49096", "edge_idx": 29, "cum_start_m": 12174.065073310801, "cum_end_m": 12439.678286307873 }, "geometry": { "type": "LineString", "coordinates": [ [ 7.630303611111112, 51.964128055555555 ], [ 7.626990833333334, 51.965358611111114 ] ] } },
{ "type": "Feature", "properties": { "betriebstag": "2026-01-15", "frt_fid": "49096", "edge_idx": 30, "cum_start_m": 12439.678286307873, "cum_end_m": 12779.107562132333 }, "geometry": { "type": "LineString", "coordinates": [ [ 7.626990833333334, 51.965358611111114 ], [ 7.6232925, 51.967381666666668 ] ] } },
{ "type": "Feature", "properties": { "betriebstag": "2026-01-15", "frt_fid": "49096", "edge_idx": 31, "cum_start_m": 12779.107562132333, "cum_end_m": 13072.281679112135 }, "geometry": { "type": "LineString", "coordinates": [ [ 7.6232925, 51.967381666666668 ], [ 7.622248611111112, 51.969937222222221 ] ] } },
{ "type": "Feature", "properties": { "betriebstag": "2026-01-15", "frt_fid": "49096", "edge_idx": 32, "cum_start_m": 13072.281679112135, "cum_end_m": 13376.287885595981 }, "geometry": { "type": "LineString", "coordinates": [ [ 7.622248611111112, 51.969937222222221 ], [ 7.623106944444445, 51.972618333333337 ] ] } },
{ "type": "Feature", "properties": { "betriebstag": "2026-01-15", "frt_fid": "49096", "edge_idx": 33, "cum_start_m": 13376.287885595981, "cum_end_m": 13621.86530573016 }, "geometry": { "type": "LineString", "coordinates": [ [ 7.623106944444445, 51.972618333333337 ], [ 7.622308333333334, 51.974770277777779 ] ] } },
{ "type": "Feature", "properties": { "betriebstag": "2026-01-15", "frt_fid": "49096", "edge_idx": 34, "cum_start_m": 13621.86530573016, "cum_end_m": 13991.900775013413 }, "geometry": { "type": "LineString", "coordinates": [ [ 7.622308333333334, 51.974770277777779 ], [ 7.616933333333334, 51.97455305555556 ] ] } },
{ "type": "Feature", "properties": { "betriebstag": "2026-01-15", "frt_fid": "49096", "edge_idx": 35, "cum_start_m": 13991.900775013413, "cum_end_m": 14299.481537855607 }, "geometry": { "type": "LineString", "coordinates": [ [ 7.616933333333334, 51.97455305555556 ], [ 7.612489722222222, 51.974891944444444 ] ] } },
{ "type": "Feature", "properties": { "betriebstag": "2026-01-15", "frt_fid": "49096", "edge_idx": 36, "cum_start_m": 14299.481537855607, "cum_end_m": 14547.995251270841 }, "geometry": { "type": "LineString", "coordinates": [ [ 7.612489722222222, 51.974891944444444 ], [ 7.61234, 51.97712416666667 ] ] } },
{ "type": "Feature", "properties": { "betriebstag": "2026-01-15", "frt_fid": "49096", "edge_idx": 37, "cum_start_m": 14547.995251270841, "cum_end_m": 14812.721890984751 }, "geometry": { "type": "LineString", "coordinates": [ [ 7.61234, 51.97712416666667 ], [ 7.612148333333333, 51.979501111111112 ] ] } },
{ "type": "Feature", "properties": { "betriebstag": "2026-01-15", "frt_fid": "49096", "edge_idx": 38, "cum_start_m": 14812.721890984751, "cum_end_m": 15175.019392042703 }, "geometry": { "type": "LineString", "coordinates": [ [ 7.612148333333333, 51.979501111111112 ], [ 7.611887222222222, 51.982754166666666 ] ] } },
{ "type": "Feature", "properties": { "betriebstag": "2026-01-15", "frt_fid": "49096", "edge_idx": 39, "cum_start_m": 15175.019392042703, "cum_end_m": 15746.086391357845 }, "geometry": { "type": "LineString", "coordinates": [ [ 7.611887222222222, 51.982754166666666 ], [ 7.611500833333333, 51.9878825 ] ] } },
{ "type": "Feature", "properties": { "betriebstag": "2026-01-15", "frt_fid": "49096", "edge_idx": 40, "cum_start_m": 15746.086391357845, "cum_end_m": 16424.249853010529 }, "geometry": { "type": "LineString", "coordinates": [ [ 7.611500833333333, 51.9878825 ], [ 7.612586388888889, 51.993942222222223 ] ] } },
{ "type": "Feature", "properties": { "betriebstag": "2026-01-15", "frt_fid": "49096", "edge_idx": 41, "cum_start_m": 16424.249853010529, "cum_end_m": 16612.39069739858 }, "geometry": { "type": "LineString", "coordinates": [ [ 7.612586388888889, 51.993942222222223 ], [ 7.612988611111111, 51.99561527777778 ] ] } },
{ "type": "Feature", "properties": { "betriebstag": "2026-01-15", "frt_fid": "49096", "edge_idx": 42, "cum_start_m": 16612.39069739858, "cum_end_m": 16879.757597902117 }, "geometry": { "type": "LineString", "coordinates": [ [ 7.612988611111111, 51.99561527777778 ], [ 7.612205, 51.997969722222223 ] ] } },
{ "type": "Feature", "properties": { "betriebstag": "2026-01-15", "frt_fid": "49096", "edge_idx": 43, "cum_start_m": 16879.757597902117, "cum_end_m": 17152.389695180093 }, "geometry": { "type": "LineString", "coordinates": [ [ 7.612205, 51.997969722222223 ], [ 7.6082875, 51.99757 ] ] } },
{ "type": "Feature", "properties": { "betriebstag": "2026-01-15", "frt_fid": "49096", "edge_idx": 44, "cum_start_m": 17152.389695180093, "cum_end_m": 17436.186918475396 }, "geometry": { "type": "LineString", "coordinates": [ [ 7.6082875, 51.99757 ], [ 7.604203611111111, 51.997176944444448 ] ] } },
{ "type": "Feature", "properties": { "betriebstag": "2026-01-15", "frt_fid": "49096", "edge_idx": 45, "cum_start_m": 17436.186918475396, "cum_end_m": 17842.140415629561 }, "geometry": { "type": "LineString", "coordinates": [ [ 7.604203611111111, 51.997176944444448 ], [ 7.598429166666667, 51.997960555555558 ] ] } },
{ "type": "Feature", "properties": { "betriebstag": "2026-01-15", "frt_fid": "49096", "edge_idx": 46, "cum_start_m": 17842.140415629561, "cum_end_m": 18196.691592968011 }, "geometry": { "type": "LineString", "coordinates": [ [ 7.598429166666667, 51.997960555555558 ], [ 7.595289444444444, 52.00049111111111 ] ] } },
{ "type": "Feature", "properties": { "betriebstag": "2026-01-15", "frt_fid": "49096", "edge_idx": 47, "cum_start_m": 18196.691592968011, "cum_end_m": 18406.394435662372 }, "geometry": { "type": "LineString", "coordinates": [ [ 7.595289444444444, 52.00049111111111 ], [ 7.592288888888889, 52.000843333333336 ] ] } },
{ "type": "Feature", "properties": { "betriebstag": "2026-01-15", "frt_fid": "49096", "edge_idx": 48, "cum_start_m": 18406.394435662372, "cum_end_m": 18668.492547611426 }, "geometry": { "type": "LineString", "coordinates": [ [ 7.592288888888889, 52.000843333333336 ], [ 7.590370833333333, 51.998806111111115 ] ] } },
{ "type": "Feature", "properties": { "betriebstag": "2026-01-15", "frt_fid": "49100", "edge_idx": 0, "cum_start_m": 0.0, "cum_end_m": 252.81103068142528 }, "geometry": { "type": "LineString", "coordinates": [ [ 7.527406944444444, 51.914633888888886 ], [ 7.525148611111111, 51.916426944444446 ] ] } },
{ "type": "Feature", "properties": { "betriebstag": "2026-01-15", "frt_fid": "49100", "edge_idx": 1, "cum_start_m": 252.81103068142528, "cum_end_m": 512.9345907511447 }, "geometry": { "type": "LineString", "coordinates": [ [ 7.525148611111111, 51.916426944444446 ], [ 7.5283925, 51.917628888888885 ] ] } },
{ "type": "Feature", "properties": { "betriebstag": "2026-01-15", "frt_fid": "49100", "edge_idx": 2, "cum_start_m": 512.9345907511447, "cum_end_m": 853.93326983610382 }, "geometry": { "type": "LineString", "coordinates": [ [ 7.5283925, 51.917628888888885 ], [ 7.5272425, 51.920610833333328 ] ] } },
{ "type": "Feature", "properties": { "betriebstag": "2026-01-15", "frt_fid": "49100", "edge_idx": 3, "cum_start_m": 853.93326983610382, "cum_end_m": 1134.347999177452 }, "geometry": { "type": "LineString", "coordinates": [ [ 7.5272425, 51.920610833333328 ], [ 7.526746944444445, 51.923113055555554 ] ] } },
{ "type": "Feature", "properties": { "betriebstag": "2026-01-15", "frt_fid": "49100", "edge_idx": 4, "cum_start_m": 1134.347999177452, "cum_end_m": 1456.2495256673139 }, "geometry": { "type": "LineString", "coordinates": [ [ 7.526746944444445, 51.923113055555554 ], [ 7.522214166666666, 51.923834166666666 ] ] } },
{ "type": "Feature", "properties": { "betriebstag": "2026-01-15", "frt_fid": "49100", "edge_idx": 5, "cum_start_m": 1456.2495256673139, "cum_end_m": 1667.7506820018784 }, "geometry": { "type": "LineString", "coordinates": [ [ 7.522214166666666, 51.923834166666666 ], [ 7.519796388888889, 51.925009166666662 ] ] } },
{ "type": "Feature", "properties": { "betriebstag": "2026-01-15", "frt_fid": "49100", "edge_idx": 6, "cum_start_m": 1667.7506820018784, "cum_end_m": 1927.6472379841873 }, "geometry": { "type": "LineString", "coordinates": [ [ 7.519796388888889, 51.925009166666662 ], [ 7.523565, 51.924836111111105 ] ] } },
{ "type": "Feature", "properties": { "betriebstag": "2026-01-15", "frt_fid": "49100", "edge_idx": 7, "cum_start_m": 1927.6472379841873, "cum_end_m": 2231.3907711767947 }, "geometry": { "type": "LineString", "coordinates": [ [ 7.523565, 51.924836111111105 ], [ 7.527928611111111, 51.924414722222217 ] ] } },
{ "type": "Feature", "properties": { "betriebstag": "2026-01-15", "frt_fid": "49100", "edge_idx": 8, "cum_start_m": 2231.3907711767947, "cum_end_m": 2697.9655963077685 }, "geometry": { "type": "LineString", "coordinates": [ [ 7.527928611111111, 51.924414722222217 ], [ 7.534711111111111, 51.924506111111107 ] ] } },
{ "type": "Feature", "properties": { "betriebstag": "2026-01-15", "frt_fid": "49100", "edge_idx": 9, "cum_start_m": 2697.9655963077685, "cum_end_m": 3893.0446921821531 }, "geometry": { "type": "LineString", "coordinates": [ [ 7.534711111111111, 51.924506111111107 ], [ 7.552072777777777, 51.924955555555556 ] ] } },
{ "type": "Feature", "properties": { "betriebstag": "2026-01-15", "frt_fid": "49100", "edge_idx": 10, "cum_start_m": 3893.0446921821531, "cum_end_m": 4627.6557294966078 }, "geometry": { "type": "LineString", "coordinates": [ [ 7.552072777777777, 51.924955555555556 ], [ 7.562747222222222, 51.9251975 ] ] } },
{ "type": "Feature", "properties": { "betriebstag": "2026-01-15", "frt_fid": "49100", "edge_idx": 11, "cum_start_m": 4627.6557294966078, "cum_end_m": 5380.8593173343543 }, "geometry": { "type": "LineString", "coordinates": [ [ 7.562747222222222, 51.9251975 ], [ 7.573689166666666, 51.924907777777776 ] ] } },
{ "type": "Feature", "properties": { "betriebstag": "2026-01-15", "frt_fid": "49100", "edge_idx": 12, "cum_start_m": 5380.8593173343543, "cum_end_m": 5815.2495216643429 }, "geometry": { "type": "LineString", "coordinates": [ [ 7.573689166666666, 51.924907777777776 ], [ 7.579957777777778, 51.925386666666661 ] ] } },
{ "type": "Feature", "properties": { "betriebstag": "2026-01-15", "frt_fid": "49100", "edge_idx": 13, "cum_start_m": 5815.2495216643429, "cum_end_m": 6079.3752657665036 }, "geometry": { "type": "LineString", "coordinates": [ [ 7.579957777777778, 51.925386666666661 ], [ 7.583341666666667, 51.926509722222221 ] ] } },
{ "type": "Feature", "properties": { "betriebstag": "2026-01-15", "frt_fid": "49100", "edge_idx": 14, "cum_start_m": 6079.3752657665036, "cum_end_m": 6450.9601449603824 }, "geometry": { "type": "LineString", "coordinates": [ [ 7.583341666666667, 51.926509722222221 ], [ 7.588090277777778, 51.928103611111112 ] ] } },
{ "type": "Feature", "properties": { "betriebstag": "2026-01-15", "frt_fid": "49100", "edge_idx": 15, "cum_start_m": 6450.9601449603824, "cum_end_m": 6878.7736095791061 }, "geometry": { "type": "LineString", "coordinates": [ [ 7.588090277777778, 51.928103611111112 ], [ 7.592937222222222, 51.93051472222222 ] ] } },
{ "type": "Feature", "properties": { "betriebstag": "2026-01-15", "frt_fid": "49100", "edge_idx": 16, "cum_start_m": 6878.7736095791061, "cum_end_m": 7100.6558450639195 }, "geometry": { "type": "LineString", "coordinates": [ [ 7.592937222222222, 51.93051472222222 ], [ 7.595317222222222, 51.931861666666663 ] ] } },
{ "type": "Feature", "properties": { "betriebstag": "2026-01-15", "frt_fid": "49100", "edge_idx": 17, "cum_start_m": 7100.6558450639195, "cum_end_m": 7547.7746374858225 }, "geometry": { "type": "LineString", "coordinates": [ [ 7.595317222222222, 51.931861666666663 ], [ 7.600118888888889, 51.934572222222222 ] ] } },
{ "type": "Feature", "properties": { "betriebstag": "2026-01-15", "frt_fid": "49100", "edge_idx": 18, "cum_start_m": 7547.7746374858225, "cum_end_m": 7851.0986481443106 }, "geometry": { "type": "LineString", "coordinates": [ [ 7.600118888888889, 51.934572222222222 ], [ 7.603557777777778, 51.936280277777776 ] ] } },
{ "type": "Feature", "properties": { "betriebstag": "2026-01-15", "frt_fid": "49100", "edge_idx": 19, "cum_start_m": 7851.0986481443106, "cum_end_m": 8139.4908914998105 }, "geometry": { "type": "LineString", "coordinates": [ [ 7.603557777777778, 51.936280277777776 ], [ 7.606431944444444, 51.938168611111109 ] ] } },
{ "type": "Feature", "properties": { "betriebstag": "2026-01-15", "frt_fid": "49100", "edge_idx": 20, "cum_start_m": 8139.4908914998105, "cum_end_m": 8439.6655347032174 }, "geometry": { "type": "LineString", "coordinates": [ [ 7.606431944444444, 51.938168611111109 ], [ 7.609121388888888, 51.94029444444444 ] ] } },
{ "type": "Feature", "properties": { "betriebstag": "2026-01-15", "frt_fid": "49100", "edge_idx": 21, "cum_start_m": 8439.6655347032174, "cum_end_m": 8932.9279763290979 }, "geometry": { "type": "LineString", "coordinates": [ [ 7.609121388888888, 51.94029444444444 ], [ 7.612395555555556, 51.944240277777773 ] ] } },
{ "type": "Feature", "properties": { "betriebstag": "2026-01-15", "frt_fid": "49100", "edge_idx": 22, "cum_start_m": 8932.9279763290979, "cum_end_m": 9593.9734084663633 }, "geometry": { "type": "LineString", "coordinates": [ [ 7.612395555555556, 51.944240277777773 ], [ 7.616818611111111, 51.949517222222219 ] ] } },
{ "type": "Feature", "properties": { "betriebstag": "2026-01-15", "frt_fid": "49100", "edge_idx": 23, "cum_start_m": 9593.9734084663633, "cum_end_m": 9941.2500869354153 }, "geometry": { "type": "LineString", "coordinates": [ [ 7.616818611111111, 51.949517222222219 ], [ 7.619033333333334, 51.952323333333339 ] ] } },
{ "type": "Feature", "properties": { "betriebstag": "2026-01-15", "frt_fid": "49100", "edge_idx": 24, "cum_start_m": 9941.2500869354153, "cum_end_m": 10311.455762363797 }, "geometry": { "type": "LineString", "coordinates": [ [ 7.619033333333334, 51.952323333333339 ], [ 7.621679444444445, 51.955222222222226 ] ] } },
{ "type": "Feature", "properties": { "betriebstag": "2026-01-15", "frt_fid": "49100", "edge_idx": 25, "cum_start_m": 10311.455762363797, "cum_end_m": 10769.242518443578 }, "geometry": { "type": "LineString", "coordinates": [ [ 7.621679444444445, 51.955222222222226 ], [ 7.628273611111112, 51.955803888888894 ] ] } },
{ "type": "Feature", "properties": { "betriebstag": "2026-01-15", "frt_fid": "49100", "edge_idx": 26, "cum_start_m": 10769.242518443578, "cum_end_m": 11235.756337761621 }, "geometry": { "type": "LineString", "coordinates": [ [ 7.628273611111112, 51.955803888888894 ], [ 7.634583333333333, 51.957350555555557 ] ] } },
{ "type": "Feature", "properties": { "betriebstag": "2026-01-15", "frt_fid": "49100", "edge_idx": 27, "cum_start_m": 11235.756337761621, "cum_end_m": 11728.337723597298 }, "geometry": { "type": "LineString", "coordinates": [ [ 7.634583333333333, 51.957350555555557 ], [ 7.635514166666666, 51.961741388888889 ] ] } },
{ "type": "Feature", "properties": { "betriebstag": "2026-01-15", "frt_fid": "49100", "edge_idx": 28, "cum_start_m": 11728.337723597298, "cum_end_m": 12174.065073310801 }, "geometry": { "type": "LineString", "coordinates": [ [ 7.635514166666666, 51.961741388888889 ], [ 7.630303611111112, 51.964128055555555 ] ] } },
{ "type": "Feature", "properties": { "betriebstag": "2026-01-15", "frt_fid": "49100", "edge_idx": 29, "cum_start_m": 12174.065073310801, "cum_end_m": 12439.678286307873 }, "geometry": { "type": "LineString", "coordinates": [ [ 7.630303611111112, 51.964128055555555 ], [ 7.626990833333334, 51.965358611111114 ] ] } },
{ "type": "Feature", "properties": { "betriebstag": "2026-01-15", "frt_fid": "49100", "edge_idx": 30, "cum_start_m": 12439.678286307873, "cum_end_m": 12779.107562132333 }, "geometry": { "type": "LineString", "coordinates": [ [ 7.626990833333334, 51.965358611111114 ], [ 7.6232925, 51.967381666666668 ] ] } },
{ "type": "Feature", "properties": { "betriebstag": "2026-01-15", "frt_fid": "49100", "edge_idx": 31, "cum_start_m": 12779.107562132333, "cum_end_m": 13072.281679112135 }, "geometry": { "type": "LineString", "coordinates": [ [ 7.6232925, 51.967381666666668 ], [ 7.622248611111112, 51.969937222222221 ] ] } },
{ "type": "Feature", "properties": { "betriebstag": "2026-01-15", "frt_fid": "49100", "edge_idx": 32, "cum_start_m": 13072.281679112135, "cum_end_m": 13376.287885595981 }, "geometry": { "type": "LineString", "coordinates": [ [ 7.622248611111112, 51.969937222222221 ], [ 7.623106944444445, 51.972618333333337 ] ] } },
{ "type": "Feature", "properties": { "betriebstag": "2026-01-15", "frt_fid": "49100", "edge_idx": 33, "cum_start_m": 13376.287885595981, "cum_end_m": 13621.86530573016 }, "geometry": { "type": "LineString", "coordinates": [ [ 7.623106944444445, 51.972618333333337 ], [ 7.622308333333334, 51.974770277777779 ] ] } },
{ "type": "Feature", "properties": { "betriebstag": "2026-01-15", "frt_fid": "49100", "edge_idx": 34, "cum_start_m": 13621.86530573016, "cum_end_m": 13991.900775013413 }, "geometry": { "type": "LineString", "coordinates": [ [ 7.622308333333334, 51.974770277777779 ], [ 7.616933333333334, 51.97455305555556 ] ] } },
{ "type": "Feature", "properties": { "betriebstag": "2026-01-15", "frt_fid": "49100", "edge_idx": 35, "cum_start_m": 13991.900775013413, "cum_end_m": 14299.481537855607 }, "geometry": { "type": "LineString", "coordinates": [ [ 7.616933333333334, 51.97455305555556 ], [ 7.612489722222222, 51.974891944444444 ] ] } },
{ "type": "Feature", "properties": { "betriebstag": "2026-01-15", "frt_fid": "49100", "edge_idx": 36, "cum_start_m": 14299.481537855607, "cum_end_m": 14547.995251270841 }, "geometry": { "type": "LineString", "coordinates": [ [ 7.612489722222222, 51.974891944444444 ], [ 7.61234, 51.97712416666667 ] ] } },
{ "type": "Feature", "properties": { "betriebstag": "2026-01-15", "frt_fid": "49100", "edge_idx": 37, "cum_start_m": 14547.995251270841, "cum_end_m": 14812.721890984751 }, "geometry": { "type": "LineString", "coordinates": [ [ 7.61234, 51.97712416666667 ], [ 7.612148333333333, 51.979501111111112 ] ] } },
{ "type": "Feature", "properties": { "betriebstag": "2026-01-15", "frt_fid": "49100", "edge_idx": 38, "cum_start_m": 14812.721890984751, "cum_end_m": 15175.019392042703 }, "geometry": { "type": "LineString", "coordinates": [ [ 7.612148333333333, 51.979501111111112 ], [ 7.611887222222222, 51.982754166666666 ] ] } },
{ "type": "Feature", "properties": { "betriebstag": "2026-01-15", "frt_fid": "49100", "edge_idx": 39, "cum_start_m": 15175.019392042703, "cum_end_m": 15746.086391357845 }, "geometry": { "type": "LineString", "coordinates": [ [ 7.611887222222222, 51.982754166666666 ], [ 7.611500833333333, 51.9878825 ] ] } },
{ "type": "Feature", "properties": { "betriebstag": "2026-01-15", "frt_fid": "49100", "edge_idx": 40, "cum_start_m": 15746.086391357845, "cum_end_m": 16424.249853010529 }, "geometry": { "type": "LineString", "coordinates": [ [ 7.611500833333333, 51.9878825 ], [ 7.612586388888889, 51.993942222222223 ] ] } },
{ "type": "Feature", "properties": { "betriebstag": "2026-01-15", "frt_fid": "49100", "edge_idx": 41, "cum_start_m": 16424.249853010529, "cum_end_m": 16612.39069739858 }, "geometry": { "type": "LineString", "coordinates": [ [ 7.612586388888889, 51.993942222222223 ], [ 7.612988611111111, 51.99561527777778 ] ] } },
{ "type": "Feature", "properties": { "betriebstag": "2026-01-15", "frt_fid": "49100", "edge_idx": 42, "cum_start_m": 16612.39069739858, "cum_end_m": 16879.757597902117 }, "geometry": { "type": "LineString", "coordinates": [ [ 7.612988611111111, 51.99561527777778 ], [ 7.612205, 51.997969722222223 ] ] } },
{ "type": "Feature", "properties": { "betriebstag": "2026-01-15", "frt_fid": "49100", "edge_idx": 43, "cum_start_m": 16879.757597902117, "cum_end_m": 17152.389695180093 }, "geometry": { "type": "LineString", "coordinates": [ [ 7.612205, 51.997969722222223 ], [ 7.6082875, 51.99757 ] ] } },
{ "type": "Feature", "properties": { "betriebstag": "2026-01-15", "frt_fid": "49100", "edge_idx": 44, "cum_start_m": 17152.389695180093, "cum_end_m": 17436.186918475396 }, "geometry": { "type": "LineString", "coordinates": [ [ 7.6082875, 51.99757 ], [ 7.604203611111111, 51.997176944444448 ] ] } },
{ "type": "Feature", "properties": { "betriebstag": "2026-01-15", "frt_fid": "49100", "edge_idx": 45, "cum_start_m": 17436.186918475396, "cum_end_m": 17842.140415629561 }, "geometry": { "type": "LineString", "coordinates": [ [ 7.604203611111111, 51.997176944444448 ], [ 7.598429166666667, 51.997960555555558 ] ] } },
{ "type": "Feature", "properties": { "betriebstag": "2026-01-15", "frt_fid": "49100", "edge_idx": 46, "cum_start_m": 17842.140415629561, "cum_end_m": 18196.691592968011 }, "geometry": { "type": "LineString", "coordinates": [ [ 7.598429166666667, 51.997960555555558 ], [ 7.595289444444444, 52.00049111111111 ] ] } },
{ "type": "Feature", "properties": { "betriebstag": "2026-01-15", "frt_fid": "49100", "edge_idx": 47, "cum_start_m": 18196.691592968011, "cum_end_m": 18406.394435662372 }, "geometry": { "type": "LineString", "coordinates": [ [ 7.595289444444444, 52.00049111111111 ], [ 7.592288888888889, 52.000843333333336 ] ] } },
{ "type": "Feature", "properties": { "betriebstag": "2026-01-15", "frt_fid": "49100", "edge_idx": 48, "cum_start_m": 18406.394435662372, "cum_end_m": 18668.492547611426 }, "geometry": { "type": "LineString", "coordinates": [ [ 7.592288888888889, 52.000843333333336 ], [ 7.590370833333333, 51.998806111111115 ] ] } },
{ "type": "Feature", "properties": { "betriebstag": "2026-01-15", "frt_fid": "49103", "edge_idx": 0, "cum_start_m": 0.0, "cum_end_m": 252.38518567391679 }, "geometry": { "type": "LineString", "coordinates": [ [ 7.590370833333333, 51.998806111111115 ], [ 7.592259166666667, 52.000752777777777 ] ] } },
{ "type": "Feature", "properties": { "betriebstag": "2026-01-15", "frt_fid": "49103", "edge_idx": 1, "cum_start_m": 252.38518567391679, "cum_end_m": 465.78551979183834 }, "geometry": { "type": "LineString", "coordinates": [ [ 7.592259166666667, 52.000752777777777 ], [ 7.595288888888889, 52.000324444444445 ] ] } },
{ "type": "Feature", "properties": { "betriebstag": "2026-01-15", "frt_fid": "49103", "edge_idx": 2, "cum_start_m": 465.78551979183834, "cum_end_m": 817.77613550934825 }, "geometry": { "type": "LineString", "coordinates": [ [ 7.595288888888889, 52.000324444444445 ], [ 7.598407222222222, 51.997812777777781 ] ] } },
{ "type": "Feature", "properties": { "betriebstag": "2026-01-15", "frt_fid": "49103", "edge_idx": 3, "cum_start_m": 817.77613550934825, "cum_end_m": 1135.01387229907 }, "geometry": { "type": "LineString", "coordinates": [ [ 7.598407222222222, 51.997812777777781 ], [ 7.602791388888889, 51.99691277777778 ] ] } },
{ "type": "Feature", "properties": { "betriebstag": "2026-01-15", "frt_fid": "49103", "edge_idx": 4, "cum_start_m": 1135.01387229907, "cum_end_m": 1527.4445791228004 }, "geometry": { "type": "LineString", "coordinates": [ [ 7.602791388888889, 51.99691277777778 ], [ 7.608435, 51.99747 ] ] } },
{ "type": "Feature", "properties": { "betriebstag": "2026-01-15", "frt_fid": "49103", "edge_idx": 5, "cum_start_m": 1527.4445791228004, "cum_end_m": 1804.0313800604363 }, "geometry": { "type": "LineString", "coordinates": [ [ 7.608435, 51.99747 ], [ 7.612418333333333, 51.997840277777776 ] ] } },
{ "type": "Feature", "properties": { "betriebstag": "2026-01-15", "frt_fid": "49103", "edge_idx": 6, "cum_start_m": 1804.0313800604363, "cum_end_m": 2013.0376171625655 }, "geometry": { "type": "LineString", "coordinates": [ [ 7.612418333333333, 51.997840277777776 ], [ 7.612816944444444, 51.9959775 ] ] } },
{ "type": "Feature", "properties": { "betriebstag": "2026-01-15", "frt_fid": "49103", "edge_idx": 7, "cum_start_m": 2013.0376171625655, "cum_end_m": 2360.0194762676874 }, "geometry": { "type": "LineString", "coordinates": [ [ 7.612816944444444, 51.9959775 ], [ 7.611991944444444, 51.9929 ] ] } },
{ "type": "Feature", "properties": { "betriebstag": "2026-01-15", "frt_fid": "49103", "edge_idx": 8, "cum_start_m": 2360.0194762676874, "cum_end_m": 2830.7143886621107 }, "geometry": { "type": "LineString", "coordinates": [ [ 7.611991944444444, 51.9929 ], [ 7.611138611111111, 51.988701388888892 ] ] } },
{ "type": "Feature", "properties": { "betriebstag": "2026-01-15", "frt_fid": "49103", "edge_idx": 9, "cum_start_m": 2830.7143886621107, "cum_end_m": 3509.6057971658861 }, "geometry": { "type": "LineString", "coordinates": [ [ 7.611138611111111, 51.988701388888892 ], [ 7.611624722222222, 51.982605555555558 ] ] } },
{ "type": "Feature", "properties": { "betriebstag": "2026-01-15", "frt_fid": "49103", "edge_idx": 10, "cum_start_m": 3509.6057971658861, "cum_end_m": 3853.593604430167 }, "geometry": { "type": "LineString", "coordinates": [ [ 7.611624722222222, 51.982605555555558 ], [ 7.611845277777777, 51.97951611111111 ] ] } },
{ "type": "Feature", "properties": { "betriebstag": "2026-01-15", "frt_fid": "49103", "edge_idx": 11, "cum_start_m": 3853.593604430167, "cum_end_m": 4146.9336982512405 }, "geometry": { "type": "LineString", "coordinates": [ [ 7.611845277777777, 51.97951611111111 ], [ 7.612074166666666, 51.976882777777782 ] ] } },
{ "type": "Feature", "properties": { "betriebstag": "2026-01-15", "frt_fid": "49103", "edge_idx": 12, "cum_start_m": 4146.9336982512405, "cum_end_m": 4452.3266945865635 }, "geometry": { "type": "LineString", "coordinates": [ [ 7.612074166666666, 51.976882777777782 ], [ 7.613080833333333, 51.974208611111116 ] ] } },
{ "type": "Feature", "properties": { "betriebstag": "2026-01-15", "frt_fid": "49103", "edge_idx": 13, "cum_start_m": 4452.3266945865635, "cum_end_m": 4916.8518467481554 }, "geometry": { "type": "LineString", "coordinates": [ [ 7.613080833333333, 51.974208611111116 ], [ 7.619821666666667, 51.974538055555556 ] ] } },
{ "type": "Feature", "properties": { "betriebstag": "2026-01-15", "frt_fid": "49103", "edge_idx": 14, "cum_start_m": 4916.8518467481554, "cum_end_m": 5163.5275357607197 }, "geometry": { "type": "LineString", "coordinates": [ [ 7.619821666666667, 51.974538055555556 ], [ 7.6233275, 51.974058611111111 ] ] } },
{ "type": "Feature", "properties": { "betriebstag": "2026-01-15", "frt_fid": "49103", "edge_idx": 15, "cum_start_m": 5163.5275357607197, "cum_end_m": 5398.6287585085056 }, "geometry": { "type": "LineString", "coordinates": [ [ 7.6233275, 51.974058611111111 ], [ 7.622440833333334, 51.972017222222227 ] ] } },
{ "type": "Feature", "properties": { "betriebstag": "2026-01-15", "frt_fid": "49103", "edge_idx": 16, "cum_start_m": 5398.6287585085056, "cum_end_m": 5591.8315667054976 }, "geometry": { "type": "LineString", "coordinates": [ [ 7.622440833333334, 51.972017222222227 ], [ 7.622116111111112, 51.970291944444448 ] ] } },
{ "type": "Feature", "properties": { "betriebstag": "2026-01-15", "frt_fid": "49103", "edge_idx": 17, "cum_start_m": 5591.8315667054976, "cum_end_m": 5900.3984632161601 }, "geometry": { "type": "LineString", "coordinates": [ [ 7.622116111111112, 51.970291944444448 ], [ 7.623097777777779, 51.967585 ] ] } },
{ "type": "Feature", "properties": { "betriebstag": "2026-01-15", "frt_fid": "49103", "edge_idx": 18, "cum_start_m": 5900.3984632161601, "cum_end_m": 6273.2500209723021 }, "geometry": { "type": "LineString", "coordinates": [ [ 7.623097777777779, 51.967585 ], [ 7.626976111111111, 51.96524055555556 ] ] } },
{ "type": "Feature", "properties": { "betriebstag": "2026-01-15", "frt_fid": "49103", "edge_idx": 19, "cum_start_m": 6273.2500209723021, "cum_end_m": 6574.2691961920973 }, "geometry": { "type": "LineString", "coordinates": [ [ 7.626976111111111, 51.96524055555556 ], [ 7.630732222222223, 51.963847777777779 ] ] } },
{ "type": "Feature", "properties": { "betriebstag": "2026-01-15", "frt_fid": "49103", "edge_idx": 20, "cum_start_m": 6574.2691961920973, "cum_end_m": 7014.8486351403217 }, "geometry": { "type": "LineString", "coordinates": [ [ 7.630732222222223, 51.963847777777779 ], [ 7.635060833333333, 51.960925833333334 ] ] } },
{ "type": "Feature", "properties": { "betriebstag": "2026-01-15", "frt_fid": "49103", "edge_idx": 21, "cum_start_m": 7014.8486351403217, "cum_end_m": 7426.5254121041244 }, "geometry": { "type": "LineString", "coordinates": [ [ 7.635060833333333, 51.960925833333334 ], [ 7.634171666666666, 51.957265833333338 ] ] } },
{ "type": "Feature", "properties": { "betriebstag": "2026-01-15", "frt_fid": "49103", "edge_idx": 22, "cum_start_m": 7426.5254121041244, "cum_end_m": 7950.3431831831149 }, "geometry": { "type": "LineString", "coordinates": [ [ 7.634171666666666, 51.957265833333338 ], [ 7.626748055555556, 51.956198333333333 ] ] } },
{ "type": "Feature", "properties": { "betriebstag": "2026-01-15", "frt_fid": "49103", "edge_idx": 23, "cum_start_m": 7950.3431831831149, "cum_end_m": 8342.0366972905358 }, "geometry": { "type": "LineString", "coordinates": [ [ 7.626748055555556, 51.956198333333333 ], [ 7.621243611111112, 51.955285277777783 ] ] } },
{ "type": "Feature", "properties": { "betriebstag": "2026-01-15", "frt_fid": "49103", "edge_idx": 24, "cum_start_m": 8342.0366972905358, "cum_end_m": 8767.0286066528079 }, "geometry": { "type": "LineString", "coordinates": [ [ 7.621243611111112, 51.955285277777783 ], [ 7.618360555555556, 51.951905277777783 ] ] } },
{ "type": "Feature", "properties": { "betriebstag": "2026-01-15", "frt_fid": "49103", "edge_idx": 25, "cum_start_m": 8767.0286066528079, "cum_end_m": 9095.2637837406583 }, "geometry": { "type": "LineString", "coordinates": [ [ 7.618360555555556, 51.951905277777783 ], [ 7.616151388888889, 51.949289166666667 ] ] } },
{ "type": "Feature", "properties": { "betriebstag": "2026-01-15", "frt_fid": "49103", "edge_idx": 26, "cum_start_m": 9095.2637837406583, "cum_end_m": 9727.8555085226053 }, "geometry": { "type": "LineString", "coordinates": [ [ 7.616151388888889, 51.949289166666667 ], [ 7.612045833333333, 51.944199444444443 ] ] } },
{ "type": "Feature", "properties": { "betriebstag": "2026-01-15", "frt_fid": "49103", "edge_idx": 27, "cum_start_m": 9727.8555085226053, "cum_end_m": 10211.243590625469 }, "geometry": { "type": "LineString", "coordinates": [ [ 7.612045833333333, 51.944199444444443 ], [ 7.608778611111111, 51.940351388888885 ] ] } },
{ "type": "Feature", "properties": { "betriebstag": "2026-01-15", "frt_fid": "49103", "edge_idx": 28, "cum_start_m": 10211.243590625469, "cum_end_m": 10531.784382585989 }, "geometry": { "type": "LineString", "coordinates": [ [ 7.608778611111111, 51.940351388888885 ], [ 7.605851666666666, 51.938108333333332 ] ] } },
{ "type": "Feature", "properties": { "betriebstag": "2026-01-15", "frt_fid": "49103", "edge_idx": 29, "cum_start_m": 10531.784382585989, "cum_end_m": 10826.220830002298 }, "geometry": { "type": "LineString", "coordinates": [ [ 7.605851666666666, 51.938108333333332 ], [ 7.602868611111111, 51.936209166666664 ] ] } },
{ "type": "Feature", "properties": { "betriebstag": "2026-01-15", "frt_fid": "49103", "edge_idx": 30, "cum_start_m": 10826.220830002298, "cum_end_m": 11107.547957517067 }, "geometry": { "type": "LineString", "coordinates": [ [ 7.602868611111111, 51.936209166666664 ], [ 7.599746944444444, 51.934574166666664 ] ] } },
{ "type": "Feature", "properties": { "betriebstag": "2026-01-15", "frt_fid": "49103", "edge_idx": 31, "cum_start_m": 11107.547957517067, "cum_end_m": 11603.237017736159 }, "geometry": { "type": "LineString", "coordinates": [ [ 7.599746944444444, 51.934574166666664 ], [ 7.594443055555555, 51.931556111111107 ] ] } },
{ "type": "Feature", "properties": { "betriebstag": "2026-01-15", "frt_fid": "49103", "edge_idx": 32, "cum_start_m": 11603.237017736159, "cum_end_m": 11843.388957195351 }, "geometry": { "type": "LineString", "coordinates": [ [ 7.594443055555555, 51.931556111111107 ], [ 7.591849444444444, 51.930110277777779 ] ] } },
{ "type": "Feature", "properties": { "betriebstag": "2026-01-15", "frt_fid": "49103", "edge_idx": 33, "cum_start_m": 11843.388957195351, "cum_end_m": 12191.84927886982 }, "geometry": { "type": "LineString", "coordinates": [ [ 7.591849444444444, 51.930110277777779 ], [ 7.587873611111111, 51.928168055555552 ] ] } },
{ "type": "Feature", "properties": { "betriebstag": "2026-01-15", "frt_fid": "49103", "edge_idx": 34, "cum_start_m": 12191.84927886982, "cum_end_m": 12571.841950427828 }, "geometry": { "type": "LineString", "coordinates": [ [ 7.587873611111111, 51.928168055555552 ], [ 7.582982777777778, 51.926578333333332 ] ] } },
{ "type": "Feature", "properties": { "betriebstag": "2026-01-15", "frt_fid": "49103", "edge_idx": 35, "cum_start_m": 12571.841950427828, "cum_end_m": 12900.072642387888 }, "geometry": { "type": "LineString", "coordinates": [ [ 7.582982777777778, 51.926578333333332 ], [ 7.578722777777777, 51.925247777777777 ] ] } },
{ "type": "Feature", "properties": { "betriebstag": "2026-01-15", "frt_fid": "49103", "edge_idx": 36, "cum_start_m": 12900.072642387888, "cum_end_m": 13276.012459881504 }, "geometry": { "type": "LineString", "coordinates": [ [ 7.578722777777777, 51.925247777777777 ], [ 7.573266111111111, 51.925046388888887 ] ] } },
{ "type": "Feature", "properties": { "betriebstag": "2026-01-15", "frt_fid": "49103", "edge_idx": 37, "cum_start_m": 13276.012459881504, "cum_end_m": 14100.758832079808 }, "geometry": { "type": "LineString", "coordinates": [ [ 7.573266111111111, 51.925046388888887 ], [ 7.561284166666667, 51.925354166666665 ] ] } },
{ "type": "Feature", "properties": { "betriebstag": "2026-01-15", "frt_fid": "49103", "edge_idx": 38, "cum_start_m": 14100.758832079808, "cum_end_m": 14790.067665141069 }, "geometry": { "type": "LineString", "coordinates": [ [ 7.561284166666667, 51.925354166666665 ], [ 7.551272222222222, 51.925064166666665 ] ] } },
{ "type": "Feature", "properties": { "betriebstag": "2026-01-15", "frt_fid": "49103", "edge_idx": 39, "cum_start_m": 14790.067665141069, "cum_end_m": 15971.447205531978 }, "geometry": { "type": "LineString", "coordinates": [ [ 7.551272222222222, 51.925064166666665 ], [ 7.534105277777778, 51.924687777777777 ] ] } },
{ "type": "Feature", "properties": { "betriebstag": "2026-01-15", "frt_fid": "49103", "edge_idx": 40, "cum_start_m": 15971.447205531978, "cum_end_m": 16426.700717325602 }, "geometry": { "type": "LineString", "coordinates": [ [ 7.534105277777778, 51.924687777777777 ], [ 7.527485833333333, 51.924708611111107 ] ] } },
{ "type": "Feature", "properties": { "betriebstag": "2026-01-15", "frt_fid": "49103", "edge_idx": 41, "cum_start_m": 16426.700717325602, "cum_end_m": 16680.91432050231 }, "geometry": { "type": "LineString", "coordinates": [ [ 7.527485833333333, 51.924708611111107 ], [ 7.523809166666666, 51.924944166666663 ] ] } },
{ "type": "Feature", "properties": { "betriebstag": "2026-01-15", "frt_fid": "49103", "edge_idx": 42, "cum_start_m": 16680.91432050231, "cum_end_m": 17003.434758414649 }, "geometry": { "type": "LineString", "coordinates": [ [ 7.523809166666666, 51.924944166666663 ], [ 7.519123611111111, 51.925064166666665 ] ] } },
{ "type": "Feature", "properties": { "betriebstag": "2026-01-15", "frt_fid": "49103", "edge_idx": 43, "cum_start_m": 17003.434758414649, "cum_end_m": 17272.753674940966 }, "geometry": { "type": "LineString", "coordinates": [ [ 7.519123611111111, 51.925064166666665 ], [ 7.522211944444444, 51.923575555555551 ] ] } },
{ "type": "Feature", "properties": { "betriebstag": "2026-01-15", "frt_fid": "49103", "edge_idx": 44, "cum_start_m": 17272.753674940966, "cum_end_m": 17585.094865628053 }, "geometry": { "type": "LineString", "coordinates": [ [ 7.522211944444444, 51.923575555555551 ], [ 7.526630833333333, 51.922927777777772 ] ] } },
{ "type": "Feature", "properties": { "betriebstag": "2026-01-15", "frt_fid": "49103", "edge_idx": 45, "cum_start_m": 17585.094865628053, "cum_end_m": 17912.539339693223 }, "geometry": { "type": "LineString", "coordinates": [ [ 7.526630833333333, 51.922927777777772 ], [ 7.527240833333333, 51.920008333333328 ] ] } },
{ "type": "Feature", "properties": { "betriebstag": "2026-01-15", "frt_fid": "49103", "edge_idx": 46, "cum_start_m": 17912.539339693223, "cum_end_m": 18164.880429445235 }, "geometry": { "type": "LineString", "coordinates": [ [ 7.527240833333333, 51.920008333333328 ], [ 7.528196111111111, 51.91781805555555 ] ] } },
{ "type": "Feature", "properties": { "betriebstag": "2026-01-15", "frt_fid": "49103", "edge_idx": 47, "cum_start_m": 18164.880429445235, "cum_end_m": 18399.365935811704 }, "geometry": { "type": "LineString", "coordinates": [ [ 7.528196111111111, 51.91781805555555 ], [ 7.525296388888889, 51.916709722222222 ] ] } },
{ "type": "Feature", "properties": { "betriebstag": "2026-01-15", "frt_fid": "49103", "edge_idx": 48, "cum_start_m": 18399.365935811704, "cum_end_m": 18672.120609331803 }, "geometry": { "type": "LineString", "coordinates": [ [ 7.525296388888889, 51.916709722222222 ], [ 7.527406944444444, 51.914633888888886 ] ] } },
{ "type": "Feature", "properties": { "betriebstag": "2026-01-15", "frt_fid": "49104", "edge_idx": 0, "cum_start_m": 0.0, "cum_end_m": 14135.263423397677 }, "geometry": { "type": "LineString", "coordinates": [ [ 7.527406944444444, 51.914633888888886 ], [ 7.46265, 52.03525 ] ] } },
{ "type": "Feature", "properties": { "betriebstag": "2026-01-22", "frt_fid": "24514", "edge_idx": 0, "cum_start_m": 0.0, "cum_end_m": 14135.263423397677 }, "geometry": { "type": "LineString", "coordinates": [ [ 7.46265, 52.03525 ], [ 7.527406944444444, 51.914633888888886 ] ] } },
{ "type": "Feature", "properties": { "betriebstag": "2026-01-22", "frt_fid": "24515", "edge_idx": 0, "cum_start_m": 0.0, "cum_end_m": 252.81103068142528 }, "geometry": { "type": "LineString", "coordinates": [ [ 7.527406944444444, 51.914633888888886 ], [ 7.525148611111111, 51.916426944444446 ] ] } },
{ "type": "Feature", "properties": { "betriebstag": "2026-01-22", "frt_fid": "24515", "edge_idx": 1, "cum_start_m": 252.81103068142528, "cum_end_m": 512.9345907511447 }, "geometry": { "type": "LineString", "coordinates": [ [ 7.525148611111111, 51.916426944444446 ], [ 7.5283925, 51.917628888888885 ] ] } },
{ "type": "Feature", "properties": { "betriebstag": "2026-01-22", "frt_fid": "24515", "edge_idx": 2, "cum_start_m": 512.9345907511447, "cum_end_m": 853.93326983610382 }, "geometry": { "type": "LineString", "coordinates": [ [ 7.5283925, 51.917628888888885 ], [ 7.5272425, 51.920610833333328 ] ] } },
{ "type": "Feature", "properties": { "betriebstag": "2026-01-22", "frt_fid": "24515", "edge_idx": 3, "cum_start_m": 853.93326983610382, "cum_end_m": 1134.347999177452 }, "geometry": { "type": "LineString", "coordinates": [ [ 7.5272425, 51.920610833333328 ], [ 7.526746944444445, 51.923113055555554 ] ] } },
{ "type": "Feature", "properties": { "betriebstag": "2026-01-22", "frt_fid": "24515", "edge_idx": 4, "cum_start_m": 1134.347999177452, "cum_end_m": 1456.2495256673139 }, "geometry": { "type": "LineString", "coordinates": [ [ 7.526746944444445, 51.923113055555554 ], [ 7.522214166666666, 51.923834166666666 ] ] } },
{ "type": "Feature", "properties": { "betriebstag": "2026-01-22", "frt_fid": "24515", "edge_idx": 5, "cum_start_m": 1456.2495256673139, "cum_end_m": 1667.7506820018784 }, "geometry": { "type": "LineString", "coordinates": [ [ 7.522214166666666, 51.923834166666666 ], [ 7.519796388888889, 51.925009166666662 ] ] } },
{ "type": "Feature", "properties": { "betriebstag": "2026-01-22", "frt_fid": "24515", "edge_idx": 6, "cum_start_m": 1667.7506820018784, "cum_end_m": 1927.6472379841873 }, "geometry": { "type": "LineString", "coordinates": [ [ 7.519796388888889, 51.925009166666662 ], [ 7.523565, 51.924836111111105 ] ] } },
{ "type": "Feature", "properties": { "betriebstag": "2026-01-22", "frt_fid": "24515", "edge_idx": 7, "cum_start_m": 1927.6472379841873, "cum_end_m": 2231.3907711767947 }, "geometry": { "type": "LineString", "coordinates": [ [ 7.523565, 51.924836111111105 ], [ 7.527928611111111, 51.924414722222217 ] ] } },
{ "type": "Feature", "properties": { "betriebstag": "2026-01-22", "frt_fid": "24515", "edge_idx": 8, "cum_start_m": 2231.3907711767947, "cum_end_m": 2697.9655963077685 }, "geometry": { "type": "LineString", "coordinates": [ [ 7.527928611111111, 51.924414722222217 ], [ 7.534711111111111, 51.924506111111107 ] ] } },
{ "type": "Feature", "properties": { "betriebstag": "2026-01-22", "frt_fid": "24515", "edge_idx": 9, "cum_start_m": 2697.9655963077685, "cum_end_m": 3893.0446921821531 }, "geometry": { "type": "LineString", "coordinates": [ [ 7.534711111111111, 51.924506111111107 ], [ 7.552072777777777, 51.924955555555556 ] ] } },
{ "type": "Feature", "properties": { "betriebstag": "2026-01-22", "frt_fid": "24515", "edge_idx": 10, "cum_start_m": 3893.0446921821531, "cum_end_m": 4627.6557294966078 }, "geometry": { "type": "LineString", "coordinates": [ [ 7.552072777777777, 51.924955555555556 ], [ 7.562747222222222, 51.9251975 ] ] } },
{ "type": "Feature", "properties": { "betriebstag": "2026-01-22", "frt_fid": "24515", "edge_idx": 11, "cum_start_m": 4627.6557294966078, "cum_end_m": 5380.8593173343543 }, "geometry": { "type": "LineString", "coordinates": [ [ 7.562747222222222, 51.9251975 ], [ 7.573689166666666, 51.924907777777776 ] ] } },
{ "type": "Feature", "properties": { "betriebstag": "2026-01-22", "frt_fid": "24515", "edge_idx": 12, "cum_start_m": 5380.8593173343543, "cum_end_m": 5815.2495216643429 }, "geometry": { "type": "LineString", "coordinates": [ [ 7.573689166666666, 51.924907777777776 ], [ 7.579957777777778, 51.925386666666661 ] ] } },
{ "type": "Feature", "properties": { "betriebstag": "2026-01-22", "frt_fid": "24515", "edge_idx": 13, "cum_start_m": 5815.2495216643429, "cum_end_m": 6079.3752657665036 }, "geometry": { "type": "LineString", "coordinates": [ [ 7.579957777777778, 51.925386666666661 ], [ 7.583341666666667, 51.926509722222221 ] ] } },
{ "type": "Feature", "properties": { "betriebstag": "2026-01-22", "frt_fid": "24515", "edge_idx": 14, "cum_start_m": 6079.3752657665036, "cum_end_m": 6450.9601449603824 }, "geometry": { "type": "LineString", "coordinates": [ [ 7.583341666666667, 51.926509722222221 ], [ 7.588090277777778, 51.928103611111112 ] ] } },
{ "type": "Feature", "properties": { "betriebstag": "2026-01-22", "frt_fid": "24515", "edge_idx": 15, "cum_start_m": 6450.9601449603824, "cum_end_m": 6878.7736095791061 }, "geometry": { "type": "LineString", "coordinates": [ [ 7.588090277777778, 51.928103611111112 ], [ 7.592937222222222, 51.93051472222222 ] ] } },
{ "type": "Feature", "properties": { "betriebstag": "2026-01-22", "frt_fid": "24515", "edge_idx": 16, "cum_start_m": 6878.7736095791061, "cum_end_m": 7100.6558450639195 }, "geometry": { "type": "LineString", "coordinates": [ [ 7.592937222222222, 51.93051472222222 ], [ 7.595317222222222, 51.931861666666663 ] ] } },
{ "type": "Feature", "properties": { "betriebstag": "2026-01-22", "frt_fid": "24515", "edge_idx": 17, "cum_start_m": 7100.6558450639195, "cum_end_m": 7547.7746374858225 }, "geometry": { "type": "LineString", "coordinates": [ [ 7.595317222222222, 51.931861666666663 ], [ 7.600118888888889, 51.934572222222222 ] ] } },
{ "type": "Feature", "properties": { "betriebstag": "2026-01-22", "frt_fid": "24515", "edge_idx": 18, "cum_start_m": 7547.7746374858225, "cum_end_m": 7851.0986481443106 }, "geometry": { "type": "LineString", "coordinates": [ [ 7.600118888888889, 51.934572222222222 ], [ 7.603557777777778, 51.936280277777776 ] ] } },
{ "type": "Feature", "properties": { "betriebstag": "2026-01-22", "frt_fid": "24515", "edge_idx": 19, "cum_start_m": 7851.0986481443106, "cum_end_m": 8139.4908914998105 }, "geometry": { "type": "LineString", "coordinates": [ [ 7.603557777777778, 51.936280277777776 ], [ 7.606431944444444, 51.938168611111109 ] ] } },
{ "type": "Feature", "properties": { "betriebstag": "2026-01-22", "frt_fid": "24515", "edge_idx": 20, "cum_start_m": 8139.4908914998105, "cum_end_m": 8439.6655347032174 }, "geometry": { "type": "LineString", "coordinates": [ [ 7.606431944444444, 51.938168611111109 ], [ 7.609121388888888, 51.94029444444444 ] ] } },
{ "type": "Feature", "properties": { "betriebstag": "2026-01-22", "frt_fid": "24515", "edge_idx": 21, "cum_start_m": 8439.6655347032174, "cum_end_m": 8932.9279763290979 }, "geometry": { "type": "LineString", "coordinates": [ [ 7.609121388888888, 51.94029444444444 ], [ 7.612395555555556, 51.944240277777773 ] ] } },
{ "type": "Feature", "properties": { "betriebstag": "2026-01-22", "frt_fid": "24515", "edge_idx": 22, "cum_start_m": 8932.9279763290979, "cum_end_m": 9593.9734084663633 }, "geometry": { "type": "LineString", "coordinates": [ [ 7.612395555555556, 51.944240277777773 ], [ 7.616818611111111, 51.949517222222219 ] ] } },
{ "type": "Feature", "properties": { "betriebstag": "2026-01-22", "frt_fid": "24515", "edge_idx": 23, "cum_start_m": 9593.9734084663633, "cum_end_m": 9941.2500869354153 }, "geometry": { "type": "LineString", "coordinates": [ [ 7.616818611111111, 51.949517222222219 ], [ 7.619033333333334, 51.952323333333339 ] ] } },
{ "type": "Feature", "properties": { "betriebstag": "2026-01-22", "frt_fid": "24515", "edge_idx": 24, "cum_start_m": 9941.2500869354153, "cum_end_m": 10311.455762363797 }, "geometry": { "type": "LineString", "coordinates": [ [ 7.619033333333334, 51.952323333333339 ], [ 7.621679444444445, 51.955222222222226 ] ] } },
{ "type": "Feature", "properties": { "betriebstag": "2026-01-22", "frt_fid": "24515", "edge_idx": 25, "cum_start_m": 10311.455762363797, "cum_end_m": 10769.242518443578 }, "geometry": { "type": "LineString", "coordinates": [ [ 7.621679444444445, 51.955222222222226 ], [ 7.628273611111112, 51.955803888888894 ] ] } },
{ "type": "Feature", "properties": { "betriebstag": "2026-01-22", "frt_fid": "24515", "edge_idx": 26, "cum_start_m": 10769.242518443578, "cum_end_m": 11235.756337761621 }, "geometry": { "type": "LineString", "coordinates": [ [ 7.628273611111112, 51.955803888888894 ], [ 7.634583333333333, 51.957350555555557 ] ] } },
{ "type": "Feature", "properties": { "betriebstag": "2026-01-22", "frt_fid": "24515", "edge_idx": 27, "cum_start_m": 11235.756337761621, "cum_end_m": 11728.337723597298 }, "geometry": { "type": "LineString", "coordinates": [ [ 7.634583333333333, 51.957350555555557 ], [ 7.635514166666666, 51.961741388888889 ] ] } },
{ "type": "Feature", "properties": { "betriebstag": "2026-01-22", "frt_fid": "24515", "edge_idx": 28, "cum_start_m": 11728.337723597298, "cum_end_m": 12174.065073310801 }, "geometry": { "type": "LineString", "coordinates": [ [ 7.635514166666666, 51.961741388888889 ], [ 7.630303611111112, 51.964128055555555 ] ] } },
{ "type": "Feature", "properties": { "betriebstag": "2026-01-22", "frt_fid": "24515", "edge_idx": 29, "cum_start_m": 12174.065073310801, "cum_end_m": 12439.678286307873 }, "geometry": { "type": "LineString", "coordinates": [ [ 7.630303611111112, 51.964128055555555 ], [ 7.626990833333334, 51.965358611111114 ] ] } },
{ "type": "Feature", "properties": { "betriebstag": "2026-01-22", "frt_fid": "24515", "edge_idx": 30, "cum_start_m": 12439.678286307873, "cum_end_m": 12779.107562132333 }, "geometry": { "type": "LineString", "coordinates": [ [ 7.626990833333334, 51.965358611111114 ], [ 7.6232925, 51.967381666666668 ] ] } },
{ "type": "Feature", "properties": { "betriebstag": "2026-01-22", "frt_fid": "24515", "edge_idx": 31, "cum_start_m": 12779.107562132333, "cum_end_m": 13072.281679112135 }, "geometry": { "type": "LineString", "coordinates": [ [ 7.6232925, 51.967381666666668 ], [ 7.622248611111112, 51.969937222222221 ] ] } },
{ "type": "Feature", "properties": { "betriebstag": "2026-01-22", "frt_fid": "24515", "edge_idx": 32, "cum_start_m": 13072.281679112135, "cum_end_m": 13376.287885595981 }, "geometry": { "type": "LineString", "coordinates": [ [ 7.622248611111112, 51.969937222222221 ], [ 7.623106944444445, 51.972618333333337 ] ] } },
{ "type": "Feature", "properties": { "betriebstag": "2026-01-22", "frt_fid": "24515", "edge_idx": 33, "cum_start_m": 13376.287885595981, "cum_end_m": 13621.86530573016 }, "geometry": { "type": "LineString", "coordinates": [ [ 7.623106944444445, 51.972618333333337 ], [ 7.622308333333334, 51.974770277777779 ] ] } },
{ "type": "Feature", "properties": { "betriebstag": "2026-01-22", "frt_fid": "24515", "edge_idx": 34, "cum_start_m": 13621.86530573016, "cum_end_m": 13991.900775013413 }, "geometry": { "type": "LineString", "coordinates": [ [ 7.622308333333334, 51.974770277777779 ], [ 7.616933333333334, 51.97455305555556 ] ] } },
{ "type": "Feature", "properties": { "betriebstag": "2026-01-22", "frt_fid": "24515", "edge_idx": 35, "cum_start_m": 13991.900775013413, "cum_end_m": 14299.481537855607 }, "geometry": { "type": "LineString", "coordinates": [ [ 7.616933333333334, 51.97455305555556 ], [ 7.612489722222222, 51.974891944444444 ] ] } },
{ "type": "Feature", "properties": { "betriebstag": "2026-01-22", "frt_fid": "24515", "edge_idx": 36, "cum_start_m": 14299.481537855607, "cum_end_m": 14547.995251270841 }, "geometry": { "type": "LineString", "coordinates": [ [ 7.612489722222222, 51.974891944444444 ], [ 7.61234, 51.97712416666667 ] ] } },
{ "type": "Feature", "properties": { "betriebstag": "2026-01-22", "frt_fid": "24515", "edge_idx": 37, "cum_start_m": 14547.995251270841, "cum_end_m": 14812.721890984751 }, "geometry": { "type": "LineString", "coordinates": [ [ 7.61234, 51.97712416666667 ], [ 7.612148333333333, 51.979501111111112 ] ] } },
{ "type": "Feature", "properties": { "betriebstag": "2026-01-22", "frt_fid": "24515", "edge_idx": 38, "cum_start_m": 14812.721890984751, "cum_end_m": 15175.019392042703 }, "geometry": { "type": "LineString", "coordinates": [ [ 7.612148333333333, 51.979501111111112 ], [ 7.611887222222222, 51.982754166666666 ] ] } },
{ "type": "Feature", "properties": { "betriebstag": "2026-01-22", "frt_fid": "24515", "edge_idx": 39, "cum_start_m": 15175.019392042703, "cum_end_m": 15746.086391357845 }, "geometry": { "type": "LineString", "coordinates": [ [ 7.611887222222222, 51.982754166666666 ], [ 7.611500833333333, 51.9878825 ] ] } },
{ "type": "Feature", "properties": { "betriebstag": "2026-01-22", "frt_fid": "24515", "edge_idx": 40, "cum_start_m": 15746.086391357845, "cum_end_m": 16424.249853010529 }, "geometry": { "type": "LineString", "coordinates": [ [ 7.611500833333333, 51.9878825 ], [ 7.612586388888889, 51.993942222222223 ] ] } },
{ "type": "Feature", "properties": { "betriebstag": "2026-01-22", "frt_fid": "24515", "edge_idx": 41, "cum_start_m": 16424.249853010529, "cum_end_m": 16612.39069739858 }, "geometry": { "type": "LineString", "coordinates": [ [ 7.612586388888889, 51.993942222222223 ], [ 7.612988611111111, 51.99561527777778 ] ] } },
{ "type": "Feature", "properties": { "betriebstag": "2026-01-22", "frt_fid": "24515", "edge_idx": 42, "cum_start_m": 16612.39069739858, "cum_end_m": 16879.757597902117 }, "geometry": { "type": "LineString", "coordinates": [ [ 7.612988611111111, 51.99561527777778 ], [ 7.612205, 51.997969722222223 ] ] } },
{ "type": "Feature", "properties": { "betriebstag": "2026-01-22", "frt_fid": "24515", "edge_idx": 43, "cum_start_m": 16879.757597902117, "cum_end_m": 17152.389695180093 }, "geometry": { "type": "LineString", "coordinates": [ [ 7.612205, 51.997969722222223 ], [ 7.6082875, 51.99757 ] ] } },
{ "type": "Feature", "properties": { "betriebstag": "2026-01-22", "frt_fid": "24515", "edge_idx": 44, "cum_start_m": 17152.389695180093, "cum_end_m": 17436.186918475396 }, "geometry": { "type": "LineString", "coordinates": [ [ 7.6082875, 51.99757 ], [ 7.604203611111111, 51.997176944444448 ] ] } },
{ "type": "Feature", "properties": { "betriebstag": "2026-01-22", "frt_fid": "24515", "edge_idx": 45, "cum_start_m": 17436.186918475396, "cum_end_m": 17842.140415629561 }, "geometry": { "type": "LineString", "coordinates": [ [ 7.604203611111111, 51.997176944444448 ], [ 7.598429166666667, 51.997960555555558 ] ] } },
{ "type": "Feature", "properties": { "betriebstag": "2026-01-22", "frt_fid": "24515", "edge_idx": 46, "cum_start_m": 17842.140415629561, "cum_end_m": 18196.691592968011 }, "geometry": { "type": "LineString", "coordinates": [ [ 7.598429166666667, 51.997960555555558 ], [ 7.595289444444444, 52.00049111111111 ] ] } },
{ "type": "Feature", "properties": { "betriebstag": "2026-01-22", "frt_fid": "24515", "edge_idx": 47, "cum_start_m": 18196.691592968011, "cum_end_m": 18406.394435662372 }, "geometry": { "type": "LineString", "coordinates": [ [ 7.595289444444444, 52.00049111111111 ], [ 7.592288888888889, 52.000843333333336 ] ] } },
{ "type": "Feature", "properties": { "betriebstag": "2026-01-22", "frt_fid": "24515", "edge_idx": 48, "cum_start_m": 18406.394435662372, "cum_end_m": 18668.492547611426 }, "geometry": { "type": "LineString", "coordinates": [ [ 7.592288888888889, 52.000843333333336 ], [ 7.590370833333333, 51.998806111111115 ] ] } },
{ "type": "Feature", "properties": { "betriebstag": "2026-01-22", "frt_fid": "24516", "edge_idx": 0, "cum_start_m": 0.0, "cum_end_m": 252.38518567391679 }, "geometry": { "type": "LineString", "coordinates": [ [ 7.590370833333333, 51.998806111111115 ], [ 7.592259166666667, 52.000752777777777 ] ] } },
{ "type": "Feature", "properties": { "betriebstag": "2026-01-22", "frt_fid": "24516", "edge_idx": 1, "cum_start_m": 252.38518567391679, "cum_end_m": 465.78551979183834 }, "geometry": { "type": "LineString", "coordinates": [ [ 7.592259166666667, 52.000752777777777 ], [ 7.595288888888889, 52.000324444444445 ] ] } },
{ "type": "Feature", "properties": { "betriebstag": "2026-01-22", "frt_fid": "24516", "edge_idx": 2, "cum_start_m": 465.78551979183834, "cum_end_m": 817.77613550934825 }, "geometry": { "type": "LineString", "coordinates": [ [ 7.595288888888889, 52.000324444444445 ], [ 7.598407222222222, 51.997812777777781 ] ] } },
{ "type": "Feature", "properties": { "betriebstag": "2026-01-22", "frt_fid": "24516", "edge_idx": 3, "cum_start_m": 817.77613550934825, "cum_end_m": 1135.01387229907 }, "geometry": { "type": "LineString", "coordinates": [ [ 7.598407222222222, 51.997812777777781 ], [ 7.602791388888889, 51.99691277777778 ] ] } },
{ "type": "Feature", "properties": { "betriebstag": "2026-01-22", "frt_fid": "24516", "edge_idx": 4, "cum_start_m": 1135.01387229907, "cum_end_m": 1527.4445791228004 }, "geometry": { "type": "LineString", "coordinates": [ [ 7.602791388888889, 51.99691277777778 ], [ 7.608435, 51.99747 ] ] } },
{ "type": "Feature", "properties": { "betriebstag": "2026-01-22", "frt_fid": "24516", "edge_idx": 5, "cum_start_m": 1527.4445791228004, "cum_end_m": 1804.0313800604363 }, "geometry": { "type": "LineString", "coordinates": [ [ 7.608435, 51.99747 ], [ 7.612418333333333, 51.997840277777776 ] ] } },
{ "type": "Feature", "properties": { "betriebstag": "2026-01-22", "frt_fid": "24516", "edge_idx": 6, "cum_start_m": 1804.0313800604363, "cum_end_m": 2013.0376171625655 }, "geometry": { "type": "LineString", "coordinates": [ [ 7.612418333333333, 51.997840277777776 ], [ 7.612816944444444, 51.9959775 ] ] } },
{ "type": "Feature", "properties": { "betriebstag": "2026-01-22", "frt_fid": "24516", "edge_idx": 7, "cum_start_m": 2013.0376171625655, "cum_end_m": 2360.0194762676874 }, "geometry": { "type": "LineString", "coordinates": [ [ 7.612816944444444, 51.9959775 ], [ 7.611991944444444, 51.9929 ] ] } },
{ "type": "Feature", "properties": { "betriebstag": "2026-01-22", "frt_fid": "24516", "edge_idx": 8, "cum_start_m": 2360.0194762676874, "cum_end_m": 2830.7143886621107 }, "geometry": { "type": "LineString", "coordinates": [ [ 7.611991944444444, 51.9929 ], [ 7.611138611111111, 51.988701388888892 ] ] } },
{ "type": "Feature", "properties": { "betriebstag": "2026-01-22", "frt_fid": "24516", "edge_idx": 9, "cum_start_m": 2830.7143886621107, "cum_end_m": 3509.6057971658861 }, "geometry": { "type": "LineString", "coordinates": [ [ 7.611138611111111, 51.988701388888892 ], [ 7.611624722222222, 51.982605555555558 ] ] } },
{ "type": "Feature", "properties": { "betriebstag": "2026-01-22", "frt_fid": "24516", "edge_idx": 10, "cum_start_m": 3509.6057971658861, "cum_end_m": 3853.593604430167 }, "geometry": { "type": "LineString", "coordinates": [ [ 7.611624722222222, 51.982605555555558 ], [ 7.611845277777777, 51.97951611111111 ] ] } },
{ "type": "Feature", "properties": { "betriebstag": "2026-01-22", "frt_fid": "24516", "edge_idx": 11, "cum_start_m": 3853.593604430167, "cum_end_m": 4146.9336982512405 }, "geometry": { "type": "LineString", "coordinates": [ [ 7.611845277777777, 51.97951611111111 ], [ 7.612074166666666, 51.976882777777782 ] ] } },
{ "type": "Feature", "properties": { "betriebstag": "2026-01-22", "frt_fid": "24516", "edge_idx": 12, "cum_start_m": 4146.9336982512405, "cum_end_m": 4452.3266945865635 }, "geometry": { "type": "LineString", "coordinates": [ [ 7.612074166666666, 51.976882777777782 ], [ 7.613080833333333, 51.974208611111116 ] ] } },
{ "type": "Feature", "properties": { "betriebstag": "2026-01-22", "frt_fid": "24516", "edge_idx": 13, "cum_start_m": 4452.3266945865635, "cum_end_m": 4916.8518467481554 }, "geometry": { "type": "LineString", "coordinates": [ [ 7.613080833333333, 51.974208611111116 ], [ 7.619821666666667, 51.974538055555556 ] ] } },
{ "type": "Feature", "properties": { "betriebstag": "2026-01-22", "frt_fid": "24516", "edge_idx": 14, "cum_start_m": 4916.8518467481554, "cum_end_m": 5163.5275357607197 }, "geometry": { "type": "LineString", "coordinates": [ [ 7.619821666666667, 51.974538055555556 ], [ 7.6233275, 51.974058611111111 ] ] } },
{ "type": "Feature", "properties": { "betriebstag": "2026-01-22", "frt_fid": "24516", "edge_idx": 15, "cum_start_m": 5163.5275357607197, "cum_end_m": 5398.6287585085056 }, "geometry": { "type": "LineString", "coordinates": [ [ 7.6233275, 51.974058611111111 ], [ 7.622440833333334, 51.972017222222227 ] ] } },
{ "type": "Feature", "properties": { "betriebstag": "2026-01-22", "frt_fid": "24516", "edge_idx": 16, "cum_start_m": 5398.6287585085056, "cum_end_m": 5591.8315667054976 }, "geometry": { "type": "LineString", "coordinates": [ [ 7.622440833333334, 51.972017222222227 ], [ 7.622116111111112, 51.970291944444448 ] ] } },
{ "type": "Feature", "properties": { "betriebstag": "2026-01-22", "frt_fid": "24516", "edge_idx": 17, "cum_start_m": 5591.8315667054976, "cum_end_m": 5900.3984632161601 }, "geometry": { "type": "LineString", "coordinates": [ [ 7.622116111111112, 51.970291944444448 ], [ 7.623097777777779, 51.967585 ] ] } },
{ "type": "Feature", "properties": { "betriebstag": "2026-01-22", "frt_fid": "24516", "edge_idx": 18, "cum_start_m": 5900.3984632161601, "cum_end_m": 6273.2500209723021 }, "geometry": { "type": "LineString", "coordinates": [ [ 7.623097777777779, 51.967585 ], [ 7.626976111111111, 51.96524055555556 ] ] } },
{ "type": "Feature", "properties": { "betriebstag": "2026-01-22", "frt_fid": "24516", "edge_idx": 19, "cum_start_m": 6273.2500209723021, "cum_end_m": 6574.2691961920973 }, "geometry": { "type": "LineString", "coordinates": [ [ 7.626976111111111, 51.96524055555556 ], [ 7.630732222222223, 51.963847777777779 ] ] } },
{ "type": "Feature", "properties": { "betriebstag": "2026-01-22", "frt_fid": "24516", "edge_idx": 20, "cum_start_m": 6574.2691961920973, "cum_end_m": 7014.8486351403217 }, "geometry": { "type": "LineString", "coordinates": [ [ 7.630732222222223, 51.963847777777779 ], [ 7.635060833333333, 51.960925833333334 ] ] } },
{ "type": "Feature", "properties": { "betriebstag": "2026-01-22", "frt_fid": "24516", "edge_idx": 21, "cum_start_m": 7014.8486351403217, "cum_end_m": 7426.5254121041244 }, "geometry": { "type": "LineString", "coordinates": [ [ 7.635060833333333, 51.960925833333334 ], [ 7.634171666666666, 51.957265833333338 ] ] } },
{ "type": "Feature", "properties": { "betriebstag": "2026-01-22", "frt_fid": "24516", "edge_idx": 22, "cum_start_m": 7426.5254121041244, "cum_end_m": 7950.3431831831149 }, "geometry": { "type": "LineString", "coordinates": [ [ 7.634171666666666, 51.957265833333338 ], [ 7.626748055555556, 51.956198333333333 ] ] } },
{ "type": "Feature", "properties": { "betriebstag": "2026-01-22", "frt_fid": "24516", "edge_idx": 23, "cum_start_m": 7950.3431831831149, "cum_end_m": 8342.0366972905358 }, "geometry": { "type": "LineString", "coordinates": [ [ 7.626748055555556, 51.956198333333333 ], [ 7.621243611111112, 51.955285277777783 ] ] } },
{ "type": "Feature", "properties": { "betriebstag": "2026-01-22", "frt_fid": "24516", "edge_idx": 24, "cum_start_m": 8342.0366972905358, "cum_end_m": 8767.0286066528079 }, "geometry": { "type": "LineString", "coordinates": [ [ 7.621243611111112, 51.955285277777783 ], [ 7.618360555555556, 51.951905277777783 ] ] } },
{ "type": "Feature", "properties": { "betriebstag": "2026-01-22", "frt_fid": "24516", "edge_idx": 25, "cum_start_m": 8767.0286066528079, "cum_end_m": 9095.2637837406583 }, "geometry": { "type": "LineString", "coordinates": [ [ 7.618360555555556, 51.951905277777783 ], [ 7.616151388888889, 51.949289166666667 ] ] } },
{ "type": "Feature", "properties": { "betriebstag": "2026-01-22", "frt_fid": "24516", "edge_idx": 26, "cum_start_m": 9095.2637837406583, "cum_end_m": 9727.8555085226053 }, "geometry": { "type": "LineString", "coordinates": [ [ 7.616151388888889, 51.949289166666667 ], [ 7.612045833333333, 51.944199444444443 ] ] } },
{ "type": "Feature", "properties": { "betriebstag": "2026-01-22", "frt_fid": "24516", "edge_idx": 27, "cum_start_m": 9727.8555085226053, "cum_end_m": 10211.243590625469 }, "geometry": { "type": "LineString", "coordinates": [ [ 7.612045833333333, 51.944199444444443 ], [ 7.608778611111111, 51.940351388888885 ] ] } },
{ "type": "Feature", "properties": { "betriebstag": "2026-01-22", "frt_fid": "24516", "edge_idx": 28, "cum_start_m": 10211.243590625469, "cum_end_m": 10531.784382585989 }, "geometry": { "type": "LineString", "coordinates": [ [ 7.608778611111111, 51.940351388888885 ], [ 7.605851666666666, 51.938108333333332 ] ] } },
{ "type": "Feature", "properties": { "betriebstag": "2026-01-22", "frt_fid": "24516", "edge_idx": 29, "cum_start_m": 10531.784382585989, "cum_end_m": 10826.220830002298 }, "geometry": { "type": "LineString", "coordinates": [ [ 7.605851666666666, 51.938108333333332 ], [ 7.602868611111111, 51.936209166666664 ] ] } },
{ "type": "Feature", "properties": { "betriebstag": "2026-01-22", "frt_fid": "24516", "edge_idx": 30, "cum_start_m": 10826.220830002298, "cum_end_m": 11107.547957517067 }, "geometry": { "type": "LineString", "coordinates": [ [ 7.602868611111111, 51.936209166666664 ], [ 7.599746944444444, 51.934574166666664 ] ] } },
{ "type": "Feature", "properties": { "betriebstag": "2026-01-22", "frt_fid": "24516", "edge_idx": 31, "cum_start_m": 11107.547957517067, "cum_end_m": 11603.237017736159 }, "geometry": { "type": "LineString", "coordinates": [ [ 7.599746944444444, 51.934574166666664 ], [ 7.594443055555555, 51.931556111111107 ] ] } },
{ "type": "Feature", "properties": { "betriebstag": "2026-01-22", "frt_fid": "24516", "edge_idx": 32, "cum_start_m": 11603.237017736159, "cum_end_m": 11843.388957195351 }, "geometry": { "type": "LineString", "coordinates": [ [ 7.594443055555555, 51.931556111111107 ], [ 7.591849444444444, 51.930110277777779 ] ] } },
{ "type": "Feature", "properties": { "betriebstag": "2026-01-22", "frt_fid": "24516", "edge_idx": 33, "cum_start_m": 11843.388957195351, "cum_end_m": 12191.84927886982 }, "geometry": { "type": "LineString", "coordinates": [ [ 7.591849444444444, 51.930110277777779 ], [ 7.587873611111111, 51.928168055555552 ] ] } },
{ "type": "Feature", "properties": { "betriebstag": "2026-01-22", "frt_fid": "24516", "edge_idx": 34, "cum_start_m": 12191.84927886982, "cum_end_m": 12571.841950427828 }, "geometry": { "type": "LineString", "coordinates": [ [ 7.587873611111111, 51.928168055555552 ], [ 7.582982777777778, 51.926578333333332 ] ] } },
{ "type": "Feature", "properties": { "betriebstag": "2026-01-22", "frt_fid": "24516", "edge_idx": 35, "cum_start_m": 12571.841950427828, "cum_end_m": 12900.072642387888 }, "geometry": { "type": "LineString", "coordinates": [ [ 7.582982777777778, 51.926578333333332 ], [ 7.578722777777777, 51.925247777777777 ] ] } },
{ "type": "Feature", "properties": { "betriebstag": "2026-01-22", "frt_fid": "24516", "edge_idx": 36, "cum_start_m": 12900.072642387888, "cum_end_m": 13276.012459881504 }, "geometry": { "type": "LineString", "coordinates": [ [ 7.578722777777777, 51.925247777777777 ], [ 7.573266111111111, 51.925046388888887 ] ] } },
{ "type": "Feature", "properties": { "betriebstag": "2026-01-22", "frt_fid": "24516", "edge_idx": 37, "cum_start_m": 13276.012459881504, "cum_end_m": 14100.758832079808 }, "geometry": { "type": "LineString", "coordinates": [ [ 7.573266111111111, 51.925046388888887 ], [ 7.561284166666667, 51.925354166666665 ] ] } },
{ "type": "Feature", "properties": { "betriebstag": "2026-01-22", "frt_fid": "24516", "edge_idx": 38, "cum_start_m": 14100.758832079808, "cum_end_m": 14790.067665141069 }, "geometry": { "type": "LineString", "coordinates": [ [ 7.561284166666667, 51.925354166666665 ], [ 7.551272222222222, 51.925064166666665 ] ] } },
{ "type": "Feature", "properties": { "betriebstag": "2026-01-22", "frt_fid": "24516", "edge_idx": 39, "cum_start_m": 14790.067665141069, "cum_end_m": 15971.447205531978 }, "geometry": { "type": "LineString", "coordinates": [ [ 7.551272222222222, 51.925064166666665 ], [ 7.534105277777778, 51.924687777777777 ] ] } },
{ "type": "Feature", "properties": { "betriebstag": "2026-01-22", "frt_fid": "24516", "edge_idx": 40, "cum_start_m": 15971.447205531978, "cum_end_m": 16426.700717325602 }, "geometry": { "type": "LineString", "coordinates": [ [ 7.534105277777778, 51.924687777777777 ], [ 7.527485833333333, 51.924708611111107 ] ] } },
{ "type": "Feature", "properties": { "betriebstag": "2026-01-22", "frt_fid": "24516", "edge_idx": 41, "cum_start_m": 16426.700717325602, "cum_end_m": 16680.91432050231 }, "geometry": { "type": "LineString", "coordinates": [ [ 7.527485833333333, 51.924708611111107 ], [ 7.523809166666666, 51.924944166666663 ] ] } },
{ "type": "Feature", "properties": { "betriebstag": "2026-01-22", "frt_fid": "24516", "edge_idx": 42, "cum_start_m": 16680.91432050231, "cum_end_m": 17003.434758414649 }, "geometry": { "type": "LineString", "coordinates": [ [ 7.523809166666666, 51.924944166666663 ], [ 7.519123611111111, 51.925064166666665 ] ] } },
{ "type": "Feature", "properties": { "betriebstag": "2026-01-22", "frt_fid": "24516", "edge_idx": 43, "cum_start_m": 17003.434758414649, "cum_end_m": 17272.753674940966 }, "geometry": { "type": "LineString", "coordinates": [ [ 7.519123611111111, 51.925064166666665 ], [ 7.522211944444444, 51.923575555555551 ] ] } },
{ "type": "Feature", "properties": { "betriebstag": "2026-01-22", "frt_fid": "24516", "edge_idx": 44, "cum_start_m": 17272.753674940966, "cum_end_m": 17585.094865628053 }, "geometry": { "type": "LineString", "coordinates": [ [ 7.522211944444444, 51.923575555555551 ], [ 7.526630833333333, 51.922927777777772 ] ] } },
{ "type": "Feature", "properties": { "betriebstag": "2026-01-22", "frt_fid": "24516", "edge_idx": 45, "cum_start_m": 17585.094865628053, "cum_end_m": 17912.539339693223 }, "geometry": { "type": "LineString", "coordinates": [ [ 7.526630833333333, 51.922927777777772 ], [ 7.527240833333333, 51.920008333333328 ] ] } },
{ "type": "Feature", "properties": { "betriebstag": "2026-01-22", "frt_fid": "24516", "edge_idx": 46, "cum_start_m": 17912.539339693223, "cum_end_m": 18164.880429445235 }, "geometry": { "type": "LineString", "coordinates": [ [ 7.527240833333333, 51.920008333333328 ], [ 7.528196111111111, 51.91781805555555 ] ] } },
{ "type": "Feature", "properties": { "betriebstag": "2026-01-22", "frt_fid": "24516", "edge_idx": 47, "cum_start_m": 18164.880429445235, "cum_end_m": 18399.365935811704 }, "geometry": { "type": "LineString", "coordinates": [ [ 7.528196111111111, 51.91781805555555 ], [ 7.525296388888889, 51.916709722222222 ] ] } },
{ "type": "Feature", "properties": { "betriebstag": "2026-01-22", "frt_fid": "24516", "edge_idx": 48, "cum_start_m": 18399.365935811704, "cum_end_m": 18672.120609331803 }, "geometry": { "type": "LineString", "coordinates": [ [ 7.525296388888889, 51.916709722222222 ], [ 7.527406944444444, 51.914633888888886 ] ] } },
{ "type": "Feature", "properties": { "betriebstag": "2026-01-22", "frt_fid": "24524", "edge_idx": 0, "cum_start_m": 0.0, "cum_end_m": 252.38518567391679 }, "geometry": { "type": "LineString", "coordinates": [ [ 7.590370833333333, 51.998806111111115 ], [ 7.592259166666667, 52.000752777777777 ] ] } },
{ "type": "Feature", "properties": { "betriebstag": "2026-01-22", "frt_fid": "24524", "edge_idx": 1, "cum_start_m": 252.38518567391679, "cum_end_m": 465.78551979183834 }, "geometry": { "type": "LineString", "coordinates": [ [ 7.592259166666667, 52.000752777777777 ], [ 7.595288888888889, 52.000324444444445 ] ] } },
{ "type": "Feature", "properties": { "betriebstag": "2026-01-22", "frt_fid": "24524", "edge_idx": 2, "cum_start_m": 465.78551979183834, "cum_end_m": 817.77613550934825 }, "geometry": { "type": "LineString", "coordinates": [ [ 7.595288888888889, 52.000324444444445 ], [ 7.598407222222222, 51.997812777777781 ] ] } },
{ "type": "Feature", "properties": { "betriebstag": "2026-01-22", "frt_fid": "24524", "edge_idx": 3, "cum_start_m": 817.77613550934825, "cum_end_m": 1135.01387229907 }, "geometry": { "type": "LineString", "coordinates": [ [ 7.598407222222222, 51.997812777777781 ], [ 7.602791388888889, 51.99691277777778 ] ] } },
{ "type": "Feature", "properties": { "betriebstag": "2026-01-22", "frt_fid": "24524", "edge_idx": 4, "cum_start_m": 1135.01387229907, "cum_end_m": 1527.4445791228004 }, "geometry": { "type": "LineString", "coordinates": [ [ 7.602791388888889, 51.99691277777778 ], [ 7.608435, 51.99747 ] ] } },
{ "type": "Feature", "properties": { "betriebstag": "2026-01-22", "frt_fid": "24524", "edge_idx": 5, "cum_start_m": 1527.4445791228004, "cum_end_m": 1804.0313800604363 }, "geometry": { "type": "LineString", "coordinates": [ [ 7.608435, 51.99747 ], [ 7.612418333333333, 51.997840277777776 ] ] } },
{ "type": "Feature", "properties": { "betriebstag": "2026-01-22", "frt_fid": "24524", "edge_idx": 6, "cum_start_m": 1804.0313800604363, "cum_end_m": 2013.0376171625655 }, "geometry": { "type": "LineString", "coordinates": [ [ 7.612418333333333, 51.997840277777776 ], [ 7.612816944444444, 51.9959775 ] ] } },
{ "type": "Feature", "properties": { "betriebstag": "2026-01-22", "frt_fid": "24524", "edge_idx": 7, "cum_start_m": 2013.0376171625655, "cum_end_m": 2360.0194762676874 }, "geometry": { "type": "LineString", "coordinates": [ [ 7.612816944444444, 51.9959775 ], [ 7.611991944444444, 51.9929 ] ] } },
{ "type": "Feature", "properties": { "betriebstag": "2026-01-22", "frt_fid": "24524", "edge_idx": 8, "cum_start_m": 2360.0194762676874, "cum_end_m": 2830.7143886621107 }, "geometry": { "type": "LineString", "coordinates": [ [ 7.611991944444444, 51.9929 ], [ 7.611138611111111, 51.988701388888892 ] ] } },
{ "type": "Feature", "properties": { "betriebstag": "2026-01-22", "frt_fid": "24524", "edge_idx": 9, "cum_start_m": 2830.7143886621107, "cum_end_m": 3509.6057971658861 }, "geometry": { "type": "LineString", "coordinates": [ [ 7.611138611111111, 51.988701388888892 ], [ 7.611624722222222, 51.982605555555558 ] ] } },
{ "type": "Feature", "properties": { "betriebstag": "2026-01-22", "frt_fid": "24524", "edge_idx": 10, "cum_start_m": 3509.6057971658861, "cum_end_m": 3853.593604430167 }, "geometry": { "type": "LineString", "coordinates": [ [ 7.611624722222222, 51.982605555555558 ], [ 7.611845277777777, 51.97951611111111 ] ] } },
{ "type": "Feature", "properties": { "betriebstag": "2026-01-22", "frt_fid": "24524", "edge_idx": 11, "cum_start_m": 3853.593604430167, "cum_end_m": 4146.9336982512405 }, "geometry": { "type": "LineString", "coordinates": [ [ 7.611845277777777, 51.97951611111111 ], [ 7.612074166666666, 51.976882777777782 ] ] } },
{ "type": "Feature", "properties": { "betriebstag": "2026-01-22", "frt_fid": "24524", "edge_idx": 12, "cum_start_m": 4146.9336982512405, "cum_end_m": 4452.3266945865635 }, "geometry": { "type": "LineString", "coordinates": [ [ 7.612074166666666, 51.976882777777782 ], [ 7.613080833333333, 51.974208611111116 ] ] } },
{ "type": "Feature", "properties": { "betriebstag": "2026-01-22", "frt_fid": "24524", "edge_idx": 13, "cum_start_m": 4452.3266945865635, "cum_end_m": 4916.8518467481554 }, "geometry": { "type": "LineString", "coordinates": [ [ 7.613080833333333, 51.974208611111116 ], [ 7.619821666666667, 51.974538055555556 ] ] } },
{ "type": "Feature", "properties": { "betriebstag": "2026-01-22", "frt_fid": "24524", "edge_idx": 14, "cum_start_m": 4916.8518467481554, "cum_end_m": 5163.5275357607197 }, "geometry": { "type": "LineString", "coordinates": [ [ 7.619821666666667, 51.974538055555556 ], [ 7.6233275, 51.974058611111111 ] ] } },
{ "type": "Feature", "properties": { "betriebstag": "2026-01-22", "frt_fid": "24524", "edge_idx": 15, "cum_start_m": 5163.5275357607197, "cum_end_m": 5398.6287585085056 }, "geometry": { "type": "LineString", "coordinates": [ [ 7.6233275, 51.974058611111111 ], [ 7.622440833333334, 51.972017222222227 ] ] } },
{ "type": "Feature", "properties": { "betriebstag": "2026-01-22", "frt_fid": "24524", "edge_idx": 16, "cum_start_m": 5398.6287585085056, "cum_end_m": 5591.8315667054976 }, "geometry": { "type": "LineString", "coordinates": [ [ 7.622440833333334, 51.972017222222227 ], [ 7.622116111111112, 51.970291944444448 ] ] } },
{ "type": "Feature", "properties": { "betriebstag": "2026-01-22", "frt_fid": "24524", "edge_idx": 17, "cum_start_m": 5591.8315667054976, "cum_end_m": 5900.3984632161601 }, "geometry": { "type": "LineString", "coordinates": [ [ 7.622116111111112, 51.970291944444448 ], [ 7.623097777777779, 51.967585 ] ] } },
{ "type": "Feature", "properties": { "betriebstag": "2026-01-22", "frt_fid": "24524", "edge_idx": 18, "cum_start_m": 5900.3984632161601, "cum_end_m": 6273.2500209723021 }, "geometry": { "type": "LineString", "coordinates": [ [ 7.623097777777779, 51.967585 ], [ 7.626976111111111, 51.96524055555556 ] ] } },
{ "type": "Feature", "properties": { "betriebstag": "2026-01-22", "frt_fid": "24524", "edge_idx": 19, "cum_start_m": 6273.2500209723021, "cum_end_m": 6574.2691961920973 }, "geometry": { "type": "LineString", "coordinates": [ [ 7.626976111111111, 51.96524055555556 ], [ 7.630732222222223, 51.963847777777779 ] ] } },
{ "type": "Feature", "properties": { "betriebstag": "2026-01-22", "frt_fid": "24524", "edge_idx": 20, "cum_start_m": 6574.2691961920973, "cum_end_m": 7014.8486351403217 }, "geometry": { "type": "LineString", "coordinates": [ [ 7.630732222222223, 51.963847777777779 ], [ 7.635060833333333, 51.960925833333334 ] ] } },
{ "type": "Feature", "properties": { "betriebstag": "2026-01-22", "frt_fid": "24524", "edge_idx": 21, "cum_start_m": 7014.8486351403217, "cum_end_m": 7426.5254121041244 }, "geometry": { "type": "LineString", "coordinates": [ [ 7.635060833333333, 51.960925833333334 ], [ 7.634171666666666, 51.957265833333338 ] ] } },
{ "type": "Feature", "properties": { "betriebstag": "2026-01-22", "frt_fid": "24524", "edge_idx": 22, "cum_start_m": 7426.5254121041244, "cum_end_m": 7950.3431831831149 }, "geometry": { "type": "LineString", "coordinates": [ [ 7.634171666666666, 51.957265833333338 ], [ 7.626748055555556, 51.956198333333333 ] ] } },
{ "type": "Feature", "properties": { "betriebstag": "2026-01-22", "frt_fid": "24524", "edge_idx": 23, "cum_start_m": 7950.3431831831149, "cum_end_m": 8342.0366972905358 }, "geometry": { "type": "LineString", "coordinates": [ [ 7.626748055555556, 51.956198333333333 ], [ 7.621243611111112, 51.955285277777783 ] ] } },
{ "type": "Feature", "properties": { "betriebstag": "2026-01-22", "frt_fid": "24524", "edge_idx": 24, "cum_start_m": 8342.0366972905358, "cum_end_m": 8767.0286066528079 }, "geometry": { "type": "LineString", "coordinates": [ [ 7.621243611111112, 51.955285277777783 ], [ 7.618360555555556, 51.951905277777783 ] ] } },
{ "type": "Feature", "properties": { "betriebstag": "2026-01-22", "frt_fid": "24524", "edge_idx": 25, "cum_start_m": 8767.0286066528079, "cum_end_m": 9095.2637837406583 }, "geometry": { "type": "LineString", "coordinates": [ [ 7.618360555555556, 51.951905277777783 ], [ 7.616151388888889, 51.949289166666667 ] ] } },
{ "type": "Feature", "properties": { "betriebstag": "2026-01-22", "frt_fid": "24524", "edge_idx": 26, "cum_start_m": 9095.2637837406583, "cum_end_m": 9727.8555085226053 }, "geometry": { "type": "LineString", "coordinates": [ [ 7.616151388888889, 51.949289166666667 ], [ 7.612045833333333, 51.944199444444443 ] ] } },
{ "type": "Feature", "properties": { "betriebstag": "2026-01-22", "frt_fid": "24524", "edge_idx": 27, "cum_start_m": 9727.8555085226053, "cum_end_m": 10211.243590625469 }, "geometry": { "type": "LineString", "coordinates": [ [ 7.612045833333333, 51.944199444444443 ], [ 7.608778611111111, 51.940351388888885 ] ] } },
{ "type": "Feature", "properties": { "betriebstag": "2026-01-22", "frt_fid": "24524", "edge_idx": 28, "cum_start_m": 10211.243590625469, "cum_end_m": 10531.784382585989 }, "geometry": { "type": "LineString", "coordinates": [ [ 7.608778611111111, 51.940351388888885 ], [ 7.605851666666666, 51.938108333333332 ] ] } },
{ "type": "Feature", "properties": { "betriebstag": "2026-01-22", "frt_fid": "24524", "edge_idx": 29, "cum_start_m": 10531.784382585989, "cum_end_m": 10826.220830002298 }, "geometry": { "type": "LineString", "coordinates": [ [ 7.605851666666666, 51.938108333333332 ], [ 7.602868611111111, 51.936209166666664 ] ] } },
{ "type": "Feature", "properties": { "betriebstag": "2026-01-22", "frt_fid": "24524", "edge_idx": 30, "cum_start_m": 10826.220830002298, "cum_end_m": 11107.547957517067 }, "geometry": { "type": "LineString", "coordinates": [ [ 7.602868611111111, 51.936209166666664 ], [ 7.599746944444444, 51.934574166666664 ] ] } },
{ "type": "Feature", "properties": { "betriebstag": "2026-01-22", "frt_fid": "24524", "edge_idx": 31, "cum_start_m": 11107.547957517067, "cum_end_m": 11603.237017736159 }, "geometry": { "type": "LineString", "coordinates": [ [ 7.599746944444444, 51.934574166666664 ], [ 7.594443055555555, 51.931556111111107 ] ] } },
{ "type": "Feature", "properties": { "betriebstag": "2026-01-22", "frt_fid": "24524", "edge_idx": 32, "cum_start_m": 11603.237017736159, "cum_end_m": 11843.388957195351 }, "geometry": { "type": "LineString", "coordinates": [ [ 7.594443055555555, 51.931556111111107 ], [ 7.591849444444444, 51.930110277777779 ] ] } },
{ "type": "Feature", "properties": { "betriebstag": "2026-01-22", "frt_fid": "24524", "edge_idx": 33, "cum_start_m": 11843.388957195351, "cum_end_m": 12191.84927886982 }, "geometry": { "type": "LineString", "coordinates": [ [ 7.591849444444444, 51.930110277777779 ], [ 7.587873611111111, 51.928168055555552 ] ] } },
{ "type": "Feature", "properties": { "betriebstag": "2026-01-22", "frt_fid": "24524", "edge_idx": 34, "cum_start_m": 12191.84927886982, "cum_end_m": 12571.841950427828 }, "geometry": { "type": "LineString", "coordinates": [ [ 7.587873611111111, 51.928168055555552 ], [ 7.582982777777778, 51.926578333333332 ] ] } },
{ "type": "Feature", "properties": { "betriebstag": "2026-01-22", "frt_fid": "24524", "edge_idx": 35, "cum_start_m": 12571.841950427828, "cum_end_m": 12900.072642387888 }, "geometry": { "type": "LineString", "coordinates": [ [ 7.582982777777778, 51.926578333333332 ], [ 7.578722777777777, 51.925247777777777 ] ] } },
{ "type": "Feature", "properties": { "betriebstag": "2026-01-22", "frt_fid": "24524", "edge_idx": 36, "cum_start_m": 12900.072642387888, "cum_end_m": 13276.012459881504 }, "geometry": { "type": "LineString", "coordinates": [ [ 7.578722777777777, 51.925247777777777 ], [ 7.573266111111111, 51.925046388888887 ] ] } },
{ "type": "Feature", "properties": { "betriebstag": "2026-01-22", "frt_fid": "24524", "edge_idx": 37, "cum_start_m": 13276.012459881504, "cum_end_m": 14100.758832079808 }, "geometry": { "type": "LineString", "coordinates": [ [ 7.573266111111111, 51.925046388888887 ], [ 7.561284166666667, 51.925354166666665 ] ] } },
{ "type": "Feature", "properties": { "betriebstag": "2026-01-22", "frt_fid": "24524", "edge_idx": 38, "cum_start_m": 14100.758832079808, "cum_end_m": 14790.067665141069 }, "geometry": { "type": "LineString", "coordinates": [ [ 7.561284166666667, 51.925354166666665 ], [ 7.551272222222222, 51.925064166666665 ] ] } },
{ "type": "Feature", "properties": { "betriebstag": "2026-01-22", "frt_fid": "24524", "edge_idx": 39, "cum_start_m": 14790.067665141069, "cum_end_m": 15971.447205531978 }, "geometry": { "type": "LineString", "coordinates": [ [ 7.551272222222222, 51.925064166666665 ], [ 7.534105277777778, 51.924687777777777 ] ] } },
{ "type": "Feature", "properties": { "betriebstag": "2026-01-22", "frt_fid": "24524", "edge_idx": 40, "cum_start_m": 15971.447205531978, "cum_end_m": 16426.700717325602 }, "geometry": { "type": "LineString", "coordinates": [ [ 7.534105277777778, 51.924687777777777 ], [ 7.527485833333333, 51.924708611111107 ] ] } },
{ "type": "Feature", "properties": { "betriebstag": "2026-01-22", "frt_fid": "24524", "edge_idx": 41, "cum_start_m": 16426.700717325602, "cum_end_m": 16680.91432050231 }, "geometry": { "type": "LineString", "coordinates": [ [ 7.527485833333333, 51.924708611111107 ], [ 7.523809166666666, 51.924944166666663 ] ] } },
{ "type": "Feature", "properties": { "betriebstag": "2026-01-22", "frt_fid": "24524", "edge_idx": 42, "cum_start_m": 16680.91432050231, "cum_end_m": 17003.434758414649 }, "geometry": { "type": "LineString", "coordinates": [ [ 7.523809166666666, 51.924944166666663 ], [ 7.519123611111111, 51.925064166666665 ] ] } },
{ "type": "Feature", "properties": { "betriebstag": "2026-01-22", "frt_fid": "24524", "edge_idx": 43, "cum_start_m": 17003.434758414649, "cum_end_m": 17272.753674940966 }, "geometry": { "type": "LineString", "coordinates": [ [ 7.519123611111111, 51.925064166666665 ], [ 7.522211944444444, 51.923575555555551 ] ] } },
{ "type": "Feature", "properties": { "betriebstag": "2026-01-22", "frt_fid": "24524", "edge_idx": 44, "cum_start_m": 17272.753674940966, "cum_end_m": 17585.094865628053 }, "geometry": { "type": "LineString", "coordinates": [ [ 7.522211944444444, 51.923575555555551 ], [ 7.526630833333333, 51.922927777777772 ] ] } },
{ "type": "Feature", "properties": { "betriebstag": "2026-01-22", "frt_fid": "24524", "edge_idx": 45, "cum_start_m": 17585.094865628053, "cum_end_m": 17912.539339693223 }, "geometry": { "type": "LineString", "coordinates": [ [ 7.526630833333333, 51.922927777777772 ], [ 7.527240833333333, 51.920008333333328 ] ] } },
{ "type": "Feature", "properties": { "betriebstag": "2026-01-22", "frt_fid": "24524", "edge_idx": 46, "cum_start_m": 17912.539339693223, "cum_end_m": 18164.880429445235 }, "geometry": { "type": "LineString", "coordinates": [ [ 7.527240833333333, 51.920008333333328 ], [ 7.528196111111111, 51.91781805555555 ] ] } },
{ "type": "Feature", "properties": { "betriebstag": "2026-01-22", "frt_fid": "24524", "edge_idx": 47, "cum_start_m": 18164.880429445235, "cum_end_m": 18399.365935811704 }, "geometry": { "type": "LineString", "coordinates": [ [ 7.528196111111111, 51.91781805555555 ], [ 7.525296388888889, 51.916709722222222 ] ] } },
{ "type": "Feature", "properties": { "betriebstag": "2026-01-22", "frt_fid": "24524", "edge_idx": 48, "cum_start_m": 18399.365935811704, "cum_end_m": 18672.120609331803 }, "geometry": { "type": "LineString", "coordinates": [ [ 7.525296388888889, 51.916709722222222 ], [ 7.527406944444444, 51.914633888888886 ] ] } },
{ "type": "Feature", "properties": { "betriebstag": "2026-01-22", "frt_fid": "49085", "edge_idx": 0, "cum_start_m": 0.0, "cum_end_m": 252.81103068142528 }, "geometry": { "type": "LineString", "coordinates": [ [ 7.527406944444444, 51.914633888888886 ], [ 7.525148611111111, 51.916426944444446 ] ] } },
{ "type": "Feature", "properties": { "betriebstag": "2026-01-22", "frt_fid": "49085", "edge_idx": 1, "cum_start_m": 252.81103068142528, "cum_end_m": 512.9345907511447 }, "geometry": { "type": "LineString", "coordinates": [ [ 7.525148611111111, 51.916426944444446 ], [ 7.5283925, 51.917628888888885 ] ] } },
{ "type": "Feature", "properties": { "betriebstag": "2026-01-22", "frt_fid": "49085", "edge_idx": 2, "cum_start_m": 512.9345907511447, "cum_end_m": 853.93326983610382 }, "geometry": { "type": "LineString", "coordinates": [ [ 7.5283925, 51.917628888888885 ], [ 7.5272425, 51.920610833333328 ] ] } },
{ "type": "Feature", "properties": { "betriebstag": "2026-01-22", "frt_fid": "49085", "edge_idx": 3, "cum_start_m": 853.93326983610382, "cum_end_m": 1134.347999177452 }, "geometry": { "type": "LineString", "coordinates": [ [ 7.5272425, 51.920610833333328 ], [ 7.526746944444445, 51.923113055555554 ] ] } },
{ "type": "Feature", "properties": { "betriebstag": "2026-01-22", "frt_fid": "49085", "edge_idx": 4, "cum_start_m": 1134.347999177452, "cum_end_m": 1456.2495256673139 }, "geometry": { "type": "LineString", "coordinates": [ [ 7.526746944444445, 51.923113055555554 ], [ 7.522214166666666, 51.923834166666666 ] ] } },
{ "type": "Feature", "properties": { "betriebstag": "2026-01-22", "frt_fid": "49085", "edge_idx": 5, "cum_start_m": 1456.2495256673139, "cum_end_m": 1667.7506820018784 }, "geometry": { "type": "LineString", "coordinates": [ [ 7.522214166666666, 51.923834166666666 ], [ 7.519796388888889, 51.925009166666662 ] ] } },
{ "type": "Feature", "properties": { "betriebstag": "2026-01-22", "frt_fid": "49085", "edge_idx": 6, "cum_start_m": 1667.7506820018784, "cum_end_m": 1927.6472379841873 }, "geometry": { "type": "LineString", "coordinates": [ [ 7.519796388888889, 51.925009166666662 ], [ 7.523565, 51.924836111111105 ] ] } },
{ "type": "Feature", "properties": { "betriebstag": "2026-01-22", "frt_fid": "49085", "edge_idx": 7, "cum_start_m": 1927.6472379841873, "cum_end_m": 2231.3907711767947 }, "geometry": { "type": "LineString", "coordinates": [ [ 7.523565, 51.924836111111105 ], [ 7.527928611111111, 51.924414722222217 ] ] } },
{ "type": "Feature", "properties": { "betriebstag": "2026-01-22", "frt_fid": "49085", "edge_idx": 8, "cum_start_m": 2231.3907711767947, "cum_end_m": 2697.9655963077685 }, "geometry": { "type": "LineString", "coordinates": [ [ 7.527928611111111, 51.924414722222217 ], [ 7.534711111111111, 51.924506111111107 ] ] } },
{ "type": "Feature", "properties": { "betriebstag": "2026-01-22", "frt_fid": "49085", "edge_idx": 9, "cum_start_m": 2697.9655963077685, "cum_end_m": 3893.0446921821531 }, "geometry": { "type": "LineString", "coordinates": [ [ 7.534711111111111, 51.924506111111107 ], [ 7.552072777777777, 51.924955555555556 ] ] } },
{ "type": "Feature", "properties": { "betriebstag": "2026-01-22", "frt_fid": "49085", "edge_idx": 10, "cum_start_m": 3893.0446921821531, "cum_end_m": 4627.6557294966078 }, "geometry": { "type": "LineString", "coordinates": [ [ 7.552072777777777, 51.924955555555556 ], [ 7.562747222222222, 51.9251975 ] ] } },
{ "type": "Feature", "properties": { "betriebstag": "2026-01-22", "frt_fid": "49085", "edge_idx": 11, "cum_start_m": 4627.6557294966078, "cum_end_m": 5380.8593173343543 }, "geometry": { "type": "LineString", "coordinates": [ [ 7.562747222222222, 51.9251975 ], [ 7.573689166666666, 51.924907777777776 ] ] } },
{ "type": "Feature", "properties": { "betriebstag": "2026-01-22", "frt_fid": "49085", "edge_idx": 12, "cum_start_m": 5380.8593173343543, "cum_end_m": 5815.2495216643429 }, "geometry": { "type": "LineString", "coordinates": [ [ 7.573689166666666, 51.924907777777776 ], [ 7.579957777777778, 51.925386666666661 ] ] } },
{ "type": "Feature", "properties": { "betriebstag": "2026-01-22", "frt_fid": "49085", "edge_idx": 13, "cum_start_m": 5815.2495216643429, "cum_end_m": 6079.3752657665036 }, "geometry": { "type": "LineString", "coordinates": [ [ 7.579957777777778, 51.925386666666661 ], [ 7.583341666666667, 51.926509722222221 ] ] } },
{ "type": "Feature", "properties": { "betriebstag": "2026-01-22", "frt_fid": "49085", "edge_idx": 14, "cum_start_m": 6079.3752657665036, "cum_end_m": 6450.9601449603824 }, "geometry": { "type": "LineString", "coordinates": [ [ 7.583341666666667, 51.926509722222221 ], [ 7.588090277777778, 51.928103611111112 ] ] } },
{ "type": "Feature", "properties": { "betriebstag": "2026-01-22", "frt_fid": "49085", "edge_idx": 15, "cum_start_m": 6450.9601449603824, "cum_end_m": 6878.7736095791061 }, "geometry": { "type": "LineString", "coordinates": [ [ 7.588090277777778, 51.928103611111112 ], [ 7.592937222222222, 51.93051472222222 ] ] } },
{ "type": "Feature", "properties": { "betriebstag": "2026-01-22", "frt_fid": "49085", "edge_idx": 16, "cum_start_m": 6878.7736095791061, "cum_end_m": 7100.6558450639195 }, "geometry": { "type": "LineString", "coordinates": [ [ 7.592937222222222, 51.93051472222222 ], [ 7.595317222222222, 51.931861666666663 ] ] } },
{ "type": "Feature", "properties": { "betriebstag": "2026-01-22", "frt_fid": "49085", "edge_idx": 17, "cum_start_m": 7100.6558450639195, "cum_end_m": 7547.7746374858225 }, "geometry": { "type": "LineString", "coordinates": [ [ 7.595317222222222, 51.931861666666663 ], [ 7.600118888888889, 51.934572222222222 ] ] } },
{ "type": "Feature", "properties": { "betriebstag": "2026-01-22", "frt_fid": "49085", "edge_idx": 18, "cum_start_m": 7547.7746374858225, "cum_end_m": 7851.0986481443106 }, "geometry": { "type": "LineString", "coordinates": [ [ 7.600118888888889, 51.934572222222222 ], [ 7.603557777777778, 51.936280277777776 ] ] } },
{ "type": "Feature", "properties": { "betriebstag": "2026-01-22", "frt_fid": "49085", "edge_idx": 19, "cum_start_m": 7851.0986481443106, "cum_end_m": 8139.4908914998105 }, "geometry": { "type": "LineString", "coordinates": [ [ 7.603557777777778, 51.936280277777776 ], [ 7.606431944444444, 51.938168611111109 ] ] } },
{ "type": "Feature", "properties": { "betriebstag": "2026-01-22", "frt_fid": "49085", "edge_idx": 20, "cum_start_m": 8139.4908914998105, "cum_end_m": 8439.6655347032174 }, "geometry": { "type": "LineString", "coordinates": [ [ 7.606431944444444, 51.938168611111109 ], [ 7.609121388888888, 51.94029444444444 ] ] } },
{ "type": "Feature", "properties": { "betriebstag": "2026-01-22", "frt_fid": "49085", "edge_idx": 21, "cum_start_m": 8439.6655347032174, "cum_end_m": 8932.9279763290979 }, "geometry": { "type": "LineString", "coordinates": [ [ 7.609121388888888, 51.94029444444444 ], [ 7.612395555555556, 51.944240277777773 ] ] } },
{ "type": "Feature", "properties": { "betriebstag": "2026-01-22", "frt_fid": "49085", "edge_idx": 22, "cum_start_m": 8932.9279763290979, "cum_end_m": 9593.9734084663633 }, "geometry": { "type": "LineString", "coordinates": [ [ 7.612395555555556, 51.944240277777773 ], [ 7.616818611111111, 51.949517222222219 ] ] } },
{ "type": "Feature", "properties": { "betriebstag": "2026-01-22", "frt_fid": "49085", "edge_idx": 23, "cum_start_m": 9593.9734084663633, "cum_end_m": 9941.2500869354153 }, "geometry": { "type": "LineString", "coordinates": [ [ 7.616818611111111, 51.949517222222219 ], [ 7.619033333333334, 51.952323333333339 ] ] } },
{ "type": "Feature", "properties": { "betriebstag": "2026-01-22", "frt_fid": "49085", "edge_idx": 24, "cum_start_m": 9941.2500869354153, "cum_end_m": 10311.455762363797 }, "geometry": { "type": "LineString", "coordinates": [ [ 7.619033333333334, 51.952323333333339 ], [ 7.621679444444445, 51.955222222222226 ] ] } },
{ "type": "Feature", "properties": { "betriebstag": "2026-01-22", "frt_fid": "49085", "edge_idx": 25, "cum_start_m": 10311.455762363797, "cum_end_m": 10769.242518443578 }, "geometry": { "type": "LineString", "coordinates": [ [ 7.621679444444445, 51.955222222222226 ], [ 7.628273611111112, 51.955803888888894 ] ] } },
{ "type": "Feature", "properties": { "betriebstag": "2026-01-22", "frt_fid": "49085", "edge_idx": 26, "cum_start_m": 10769.242518443578, "cum_end_m": 11235.756337761621 }, "geometry": { "type": "LineString", "coordinates": [ [ 7.628273611111112, 51.955803888888894 ], [ 7.634583333333333, 51.957350555555557 ] ] } },
{ "type": "Feature", "properties": { "betriebstag": "2026-01-22", "frt_fid": "49085", "edge_idx": 27, "cum_start_m": 11235.756337761621, "cum_end_m": 11728.337723597298 }, "geometry": { "type": "LineString", "coordinates": [ [ 7.634583333333333, 51.957350555555557 ], [ 7.635514166666666, 51.961741388888889 ] ] } },
{ "type": "Feature", "properties": { "betriebstag": "2026-01-22", "frt_fid": "49085", "edge_idx": 28, "cum_start_m": 11728.337723597298, "cum_end_m": 12174.065073310801 }, "geometry": { "type": "LineString", "coordinates": [ [ 7.635514166666666, 51.961741388888889 ], [ 7.630303611111112, 51.964128055555555 ] ] } },
{ "type": "Feature", "properties": { "betriebstag": "2026-01-22", "frt_fid": "49085", "edge_idx": 29, "cum_start_m": 12174.065073310801, "cum_end_m": 12439.678286307873 }, "geometry": { "type": "LineString", "coordinates": [ [ 7.630303611111112, 51.964128055555555 ], [ 7.626990833333334, 51.965358611111114 ] ] } },
{ "type": "Feature", "properties": { "betriebstag": "2026-01-22", "frt_fid": "49085", "edge_idx": 30, "cum_start_m": 12439.678286307873, "cum_end_m": 12779.107562132333 }, "geometry": { "type": "LineString", "coordinates": [ [ 7.626990833333334, 51.965358611111114 ], [ 7.6232925, 51.967381666666668 ] ] } },
{ "type": "Feature", "properties": { "betriebstag": "2026-01-22", "frt_fid": "49085", "edge_idx": 31, "cum_start_m": 12779.107562132333, "cum_end_m": 13072.281679112135 }, "geometry": { "type": "LineString", "coordinates": [ [ 7.6232925, 51.967381666666668 ], [ 7.622248611111112, 51.969937222222221 ] ] } },
{ "type": "Feature", "properties": { "betriebstag": "2026-01-22", "frt_fid": "49085", "edge_idx": 32, "cum_start_m": 13072.281679112135, "cum_end_m": 13376.287885595981 }, "geometry": { "type": "LineString", "coordinates": [ [ 7.622248611111112, 51.969937222222221 ], [ 7.623106944444445, 51.972618333333337 ] ] } },
{ "type": "Feature", "properties": { "betriebstag": "2026-01-22", "frt_fid": "49085", "edge_idx": 33, "cum_start_m": 13376.287885595981, "cum_end_m": 13621.86530573016 }, "geometry": { "type": "LineString", "coordinates": [ [ 7.623106944444445, 51.972618333333337 ], [ 7.622308333333334, 51.974770277777779 ] ] } },
{ "type": "Feature", "properties": { "betriebstag": "2026-01-22", "frt_fid": "49085", "edge_idx": 34, "cum_start_m": 13621.86530573016, "cum_end_m": 13991.900775013413 }, "geometry": { "type": "LineString", "coordinates": [ [ 7.622308333333334, 51.974770277777779 ], [ 7.616933333333334, 51.97455305555556 ] ] } },
{ "type": "Feature", "properties": { "betriebstag": "2026-01-22", "frt_fid": "49085", "edge_idx": 35, "cum_start_m": 13991.900775013413, "cum_end_m": 14299.481537855607 }, "geometry": { "type": "LineString", "coordinates": [ [ 7.616933333333334, 51.97455305555556 ], [ 7.612489722222222, 51.974891944444444 ] ] } },
{ "type": "Feature", "properties": { "betriebstag": "2026-01-22", "frt_fid": "49085", "edge_idx": 36, "cum_start_m": 14299.481537855607, "cum_end_m": 14547.995251270841 }, "geometry": { "type": "LineString", "coordinates": [ [ 7.612489722222222, 51.974891944444444 ], [ 7.61234, 51.97712416666667 ] ] } },
{ "type": "Feature", "properties": { "betriebstag": "2026-01-22", "frt_fid": "49085", "edge_idx": 37, "cum_start_m": 14547.995251270841, "cum_end_m": 14812.721890984751 }, "geometry": { "type": "LineString", "coordinates": [ [ 7.61234, 51.97712416666667 ], [ 7.612148333333333, 51.979501111111112 ] ] } },
{ "type": "Feature", "properties": { "betriebstag": "2026-01-22", "frt_fid": "49085", "edge_idx": 38, "cum_start_m": 14812.721890984751, "cum_end_m": 15175.019392042703 }, "geometry": { "type": "LineString", "coordinates": [ [ 7.612148333333333, 51.979501111111112 ], [ 7.611887222222222, 51.982754166666666 ] ] } },
{ "type": "Feature", "properties": { "betriebstag": "2026-01-22", "frt_fid": "49085", "edge_idx": 39, "cum_start_m": 15175.019392042703, "cum_end_m": 15746.086391357845 }, "geometry": { "type": "LineString", "coordinates": [ [ 7.611887222222222, 51.982754166666666 ], [ 7.611500833333333, 51.9878825 ] ] } },
{ "type": "Feature", "properties": { "betriebstag": "2026-01-22", "frt_fid": "49085", "edge_idx": 40, "cum_start_m": 15746.086391357845, "cum_end_m": 16424.249853010529 }, "geometry": { "type": "LineString", "coordinates": [ [ 7.611500833333333, 51.9878825 ], [ 7.612586388888889, 51.993942222222223 ] ] } },
{ "type": "Feature", "properties": { "betriebstag": "2026-01-22", "frt_fid": "49085", "edge_idx": 41, "cum_start_m": 16424.249853010529, "cum_end_m": 16612.39069739858 }, "geometry": { "type": "LineString", "coordinates": [ [ 7.612586388888889, 51.993942222222223 ], [ 7.612988611111111, 51.99561527777778 ] ] } },
{ "type": "Feature", "properties": { "betriebstag": "2026-01-22", "frt_fid": "49085", "edge_idx": 42, "cum_start_m": 16612.39069739858, "cum_end_m": 16879.757597902117 }, "geometry": { "type": "LineString", "coordinates": [ [ 7.612988611111111, 51.99561527777778 ], [ 7.612205, 51.997969722222223 ] ] } },
{ "type": "Feature", "properties": { "betriebstag": "2026-01-22", "frt_fid": "49085", "edge_idx": 43, "cum_start_m": 16879.757597902117, "cum_end_m": 17152.389695180093 }, "geometry": { "type": "LineString", "coordinates": [ [ 7.612205, 51.997969722222223 ], [ 7.6082875, 51.99757 ] ] } },
{ "type": "Feature", "properties": { "betriebstag": "2026-01-22", "frt_fid": "49085", "edge_idx": 44, "cum_start_m": 17152.389695180093, "cum_end_m": 17436.186918475396 }, "geometry": { "type": "LineString", "coordinates": [ [ 7.6082875, 51.99757 ], [ 7.604203611111111, 51.997176944444448 ] ] } },
{ "type": "Feature", "properties": { "betriebstag": "2026-01-22", "frt_fid": "49085", "edge_idx": 45, "cum_start_m": 17436.186918475396, "cum_end_m": 17842.140415629561 }, "geometry": { "type": "LineString", "coordinates": [ [ 7.604203611111111, 51.997176944444448 ], [ 7.598429166666667, 51.997960555555558 ] ] } },
{ "type": "Feature", "properties": { "betriebstag": "2026-01-22", "frt_fid": "49085", "edge_idx": 46, "cum_start_m": 17842.140415629561, "cum_end_m": 18196.691592968011 }, "geometry": { "type": "LineString", "coordinates": [ [ 7.598429166666667, 51.997960555555558 ], [ 7.595289444444444, 52.00049111111111 ] ] } },
{ "type": "Feature", "properties": { "betriebstag": "2026-01-22", "frt_fid": "49085", "edge_idx": 47, "cum_start_m": 18196.691592968011, "cum_end_m": 18406.394435662372 }, "geometry": { "type": "LineString", "coordinates": [ [ 7.595289444444444, 52.00049111111111 ], [ 7.592288888888889, 52.000843333333336 ] ] } },
{ "type": "Feature", "properties": { "betriebstag": "2026-01-22", "frt_fid": "49085", "edge_idx": 48, "cum_start_m": 18406.394435662372, "cum_end_m": 18668.492547611426 }, "geometry": { "type": "LineString", "coordinates": [ [ 7.592288888888889, 52.000843333333336 ], [ 7.590370833333333, 51.998806111111115 ] ] } },
{ "type": "Feature", "properties": { "betriebstag": "2026-01-22", "frt_fid": "49087", "edge_idx": 0, "cum_start_m": 0.0, "cum_end_m": 252.38518567391679 }, "geometry": { "type": "LineString", "coordinates": [ [ 7.590370833333333, 51.998806111111115 ], [ 7.592259166666667, 52.000752777777777 ] ] } },
{ "type": "Feature", "properties": { "betriebstag": "2026-01-22", "frt_fid": "49087", "edge_idx": 1, "cum_start_m": 252.38518567391679, "cum_end_m": 465.78551979183834 }, "geometry": { "type": "LineString", "coordinates": [ [ 7.592259166666667, 52.000752777777777 ], [ 7.595288888888889, 52.000324444444445 ] ] } },
{ "type": "Feature", "properties": { "betriebstag": "2026-01-22", "frt_fid": "49087", "edge_idx": 2, "cum_start_m": 465.78551979183834, "cum_end_m": 817.77613550934825 }, "geometry": { "type": "LineString", "coordinates": [ [ 7.595288888888889, 52.000324444444445 ], [ 7.598407222222222, 51.997812777777781 ] ] } },
{ "type": "Feature", "properties": { "betriebstag": "2026-01-22", "frt_fid": "49087", "edge_idx": 3, "cum_start_m": 817.77613550934825, "cum_end_m": 1135.01387229907 }, "geometry": { "type": "LineString", "coordinates": [ [ 7.598407222222222, 51.997812777777781 ], [ 7.602791388888889, 51.99691277777778 ] ] } },
{ "type": "Feature", "properties": { "betriebstag": "2026-01-22", "frt_fid": "49087", "edge_idx": 4, "cum_start_m": 1135.01387229907, "cum_end_m": 1527.4445791228004 }, "geometry": { "type": "LineString", "coordinates": [ [ 7.602791388888889, 51.99691277777778 ], [ 7.608435, 51.99747 ] ] } },
{ "type": "Feature", "properties": { "betriebstag": "2026-01-22", "frt_fid": "49087", "edge_idx": 5, "cum_start_m": 1527.4445791228004, "cum_end_m": 1804.0313800604363 }, "geometry": { "type": "LineString", "coordinates": [ [ 7.608435, 51.99747 ], [ 7.612418333333333, 51.997840277777776 ] ] } },
{ "type": "Feature", "properties": { "betriebstag": "2026-01-22", "frt_fid": "49087", "edge_idx": 6, "cum_start_m": 1804.0313800604363, "cum_end_m": 2013.0376171625655 }, "geometry": { "type": "LineString", "coordinates": [ [ 7.612418333333333, 51.997840277777776 ], [ 7.612816944444444, 51.9959775 ] ] } },
{ "type": "Feature", "properties": { "betriebstag": "2026-01-22", "frt_fid": "49087", "edge_idx": 7, "cum_start_m": 2013.0376171625655, "cum_end_m": 2360.0194762676874 }, "geometry": { "type": "LineString", "coordinates": [ [ 7.612816944444444, 51.9959775 ], [ 7.611991944444444, 51.9929 ] ] } },
{ "type": "Feature", "properties": { "betriebstag": "2026-01-22", "frt_fid": "49087", "edge_idx": 8, "cum_start_m": 2360.0194762676874, "cum_end_m": 2830.7143886621107 }, "geometry": { "type": "LineString", "coordinates": [ [ 7.611991944444444, 51.9929 ], [ 7.611138611111111, 51.988701388888892 ] ] } },
{ "type": "Feature", "properties": { "betriebstag": "2026-01-22", "frt_fid": "49087", "edge_idx": 9, "cum_start_m": 2830.7143886621107, "cum_end_m": 3509.6057971658861 }, "geometry": { "type": "LineString", "coordinates": [ [ 7.611138611111111, 51.988701388888892 ], [ 7.611624722222222, 51.982605555555558 ] ] } },
{ "type": "Feature", "properties": { "betriebstag": "2026-01-22", "frt_fid": "49087", "edge_idx": 10, "cum_start_m": 3509.6057971658861, "cum_end_m": 3853.593604430167 }, "geometry": { "type": "LineString", "coordinates": [ [ 7.611624722222222, 51.982605555555558 ], [ 7.611845277777777, 51.97951611111111 ] ] } },
{ "type": "Feature", "properties": { "betriebstag": "2026-01-22", "frt_fid": "49087", "edge_idx": 11, "cum_start_m": 3853.593604430167, "cum_end_m": 4146.9336982512405 }, "geometry": { "type": "LineString", "coordinates": [ [ 7.611845277777777, 51.97951611111111 ], [ 7.612074166666666, 51.976882777777782 ] ] } },
{ "type": "Feature", "properties": { "betriebstag": "2026-01-22", "frt_fid": "49087", "edge_idx": 12, "cum_start_m": 4146.9336982512405, "cum_end_m": 4452.3266945865635 }, "geometry": { "type": "LineString", "coordinates": [ [ 7.612074166666666, 51.976882777777782 ], [ 7.613080833333333, 51.974208611111116 ] ] } },
{ "type": "Feature", "properties": { "betriebstag": "2026-01-22", "frt_fid": "49087", "edge_idx": 13, "cum_start_m": 4452.3266945865635, "cum_end_m": 4916.8518467481554 }, "geometry": { "type": "LineString", "coordinates": [ [ 7.613080833333333, 51.974208611111116 ], [ 7.619821666666667, 51.974538055555556 ] ] } },
{ "type": "Feature", "properties": { "betriebstag": "2026-01-22", "frt_fid": "49087", "edge_idx": 14, "cum_start_m": 4916.8518467481554, "cum_end_m": 5163.5275357607197 }, "geometry": { "type": "LineString", "coordinates": [ [ 7.619821666666667, 51.974538055555556 ], [ 7.6233275, 51.974058611111111 ] ] } },
{ "type": "Feature", "properties": { "betriebstag": "2026-01-22", "frt_fid": "49087", "edge_idx": 15, "cum_start_m": 5163.5275357607197, "cum_end_m": 5398.6287585085056 }, "geometry": { "type": "LineString", "coordinates": [ [ 7.6233275, 51.974058611111111 ], [ 7.622440833333334, 51.972017222222227 ] ] } },
{ "type": "Feature", "properties": { "betriebstag": "2026-01-22", "frt_fid": "49087", "edge_idx": 16, "cum_start_m": 5398.6287585085056, "cum_end_m": 5591.8315667054976 }, "geometry": { "type": "LineString", "coordinates": [ [ 7.622440833333334, 51.972017222222227 ], [ 7.622116111111112, 51.970291944444448 ] ] } },
{ "type": "Feature", "properties": { "betriebstag": "2026-01-22", "frt_fid": "49087", "edge_idx": 17, "cum_start_m": 5591.8315667054976, "cum_end_m": 5900.3984632161601 }, "geometry": { "type": "LineString", "coordinates": [ [ 7.622116111111112, 51.970291944444448 ], [ 7.623097777777779, 51.967585 ] ] } },
{ "type": "Feature", "properties": { "betriebstag": "2026-01-22", "frt_fid": "49087", "edge_idx": 18, "cum_start_m": 5900.3984632161601, "cum_end_m": 6273.2500209723021 }, "geometry": { "type": "LineString", "coordinates": [ [ 7.623097777777779, 51.967585 ], [ 7.626976111111111, 51.96524055555556 ] ] } },
{ "type": "Feature", "properties": { "betriebstag": "2026-01-22", "frt_fid": "49087", "edge_idx": 19, "cum_start_m": 6273.2500209723021, "cum_end_m": 6574.2691961920973 }, "geometry": { "type": "LineString", "coordinates": [ [ 7.626976111111111, 51.96524055555556 ], [ 7.630732222222223, 51.963847777777779 ] ] } },
{ "type": "Feature", "properties": { "betriebstag": "2026-01-22", "frt_fid": "49087", "edge_idx": 20, "cum_start_m": 6574.2691961920973, "cum_end_m": 7014.8486351403217 }, "geometry": { "type": "LineString", "coordinates": [ [ 7.630732222222223, 51.963847777777779 ], [ 7.635060833333333, 51.960925833333334 ] ] } },
{ "type": "Feature", "properties": { "betriebstag": "2026-01-22", "frt_fid": "49087", "edge_idx": 21, "cum_start_m": 7014.8486351403217, "cum_end_m": 7426.5254121041244 }, "geometry": { "type": "LineString", "coordinates": [ [ 7.635060833333333, 51.960925833333334 ], [ 7.634171666666666, 51.957265833333338 ] ] } },
{ "type": "Feature", "properties": { "betriebstag": "2026-01-22", "frt_fid": "49087", "edge_idx": 22, "cum_start_m": 7426.5254121041244, "cum_end_m": 7950.3431831831149 }, "geometry": { "type": "LineString", "coordinates": [ [ 7.634171666666666, 51.957265833333338 ], [ 7.626748055555556, 51.956198333333333 ] ] } },
{ "type": "Feature", "properties": { "betriebstag": "2026-01-22", "frt_fid": "49087", "edge_idx": 23, "cum_start_m": 7950.3431831831149, "cum_end_m": 8342.0366972905358 }, "geometry": { "type": "LineString", "coordinates": [ [ 7.626748055555556, 51.956198333333333 ], [ 7.621243611111112, 51.955285277777783 ] ] } },
{ "type": "Feature", "properties": { "betriebstag": "2026-01-22", "frt_fid": "49087", "edge_idx": 24, "cum_start_m": 8342.0366972905358, "cum_end_m": 8767.0286066528079 }, "geometry": { "type": "LineString", "coordinates": [ [ 7.621243611111112, 51.955285277777783 ], [ 7.618360555555556, 51.951905277777783 ] ] } },
{ "type": "Feature", "properties": { "betriebstag": "2026-01-22", "frt_fid": "49087", "edge_idx": 25, "cum_start_m": 8767.0286066528079, "cum_end_m": 9095.2637837406583 }, "geometry": { "type": "LineString", "coordinates": [ [ 7.618360555555556, 51.951905277777783 ], [ 7.616151388888889, 51.949289166666667 ] ] } },
{ "type": "Feature", "properties": { "betriebstag": "2026-01-22", "frt_fid": "49087", "edge_idx": 26, "cum_start_m": 9095.2637837406583, "cum_end_m": 9727.8555085226053 }, "geometry": { "type": "LineString", "coordinates": [ [ 7.616151388888889, 51.949289166666667 ], [ 7.612045833333333, 51.944199444444443 ] ] } },
{ "type": "Feature", "properties": { "betriebstag": "2026-01-22", "frt_fid": "49087", "edge_idx": 27, "cum_start_m": 9727.8555085226053, "cum_end_m": 10211.243590625469 }, "geometry": { "type": "LineString", "coordinates": [ [ 7.612045833333333, 51.944199444444443 ], [ 7.608778611111111, 51.940351388888885 ] ] } },
{ "type": "Feature", "properties": { "betriebstag": "2026-01-22", "frt_fid": "49087", "edge_idx": 28, "cum_start_m": 10211.243590625469, "cum_end_m": 10531.784382585989 }, "geometry": { "type": "LineString", "coordinates": [ [ 7.608778611111111, 51.940351388888885 ], [ 7.605851666666666, 51.938108333333332 ] ] } },
{ "type": "Feature", "properties": { "betriebstag": "2026-01-22", "frt_fid": "49087", "edge_idx": 29, "cum_start_m": 10531.784382585989, "cum_end_m": 10826.220830002298 }, "geometry": { "type": "LineString", "coordinates": [ [ 7.605851666666666, 51.938108333333332 ], [ 7.602868611111111, 51.936209166666664 ] ] } },
{ "type": "Feature", "properties": { "betriebstag": "2026-01-22", "frt_fid": "49087", "edge_idx": 30, "cum_start_m": 10826.220830002298, "cum_end_m": 11107.547957517067 }, "geometry": { "type": "LineString", "coordinates": [ [ 7.602868611111111, 51.936209166666664 ], [ 7.599746944444444, 51.934574166666664 ] ] } },
{ "type": "Feature", "properties": { "betriebstag": "2026-01-22", "frt_fid": "49087", "edge_idx": 31, "cum_start_m": 11107.547957517067, "cum_end_m": 11603.237017736159 }, "geometry": { "type": "LineString", "coordinates": [ [ 7.599746944444444, 51.934574166666664 ], [ 7.594443055555555, 51.931556111111107 ] ] } },
{ "type": "Feature", "properties": { "betriebstag": "2026-01-22", "frt_fid": "49087", "edge_idx": 32, "cum_start_m": 11603.237017736159, "cum_end_m": 11843.388957195351 }, "geometry": { "type": "LineString", "coordinates": [ [ 7.594443055555555, 51.931556111111107 ], [ 7.591849444444444, 51.930110277777779 ] ] } },
{ "type": "Feature", "properties": { "betriebstag": "2026-01-22", "frt_fid": "49087", "edge_idx": 33, "cum_start_m": 11843.388957195351, "cum_end_m": 12191.84927886982 }, "geometry": { "type": "LineString", "coordinates": [ [ 7.591849444444444, 51.930110277777779 ], [ 7.587873611111111, 51.928168055555552 ] ] } },
{ "type": "Feature", "properties": { "betriebstag": "2026-01-22", "frt_fid": "49087", "edge_idx": 34, "cum_start_m": 12191.84927886982, "cum_end_m": 12571.841950427828 }, "geometry": { "type": "LineString", "coordinates": [ [ 7.587873611111111, 51.928168055555552 ], [ 7.582982777777778, 51.926578333333332 ] ] } },
{ "type": "Feature", "properties": { "betriebstag": "2026-01-22", "frt_fid": "49087", "edge_idx": 35, "cum_start_m": 12571.841950427828, "cum_end_m": 12900.072642387888 }, "geometry": { "type": "LineString", "coordinates": [ [ 7.582982777777778, 51.926578333333332 ], [ 7.578722777777777, 51.925247777777777 ] ] } },
{ "type": "Feature", "properties": { "betriebstag": "2026-01-22", "frt_fid": "49087", "edge_idx": 36, "cum_start_m": 12900.072642387888, "cum_end_m": 13276.012459881504 }, "geometry": { "type": "LineString", "coordinates": [ [ 7.578722777777777, 51.925247777777777 ], [ 7.573266111111111, 51.925046388888887 ] ] } },
{ "type": "Feature", "properties": { "betriebstag": "2026-01-22", "frt_fid": "49087", "edge_idx": 37, "cum_start_m": 13276.012459881504, "cum_end_m": 14100.758832079808 }, "geometry": { "type": "LineString", "coordinates": [ [ 7.573266111111111, 51.925046388888887 ], [ 7.561284166666667, 51.925354166666665 ] ] } },
{ "type": "Feature", "properties": { "betriebstag": "2026-01-22", "frt_fid": "49087", "edge_idx": 38, "cum_start_m": 14100.758832079808, "cum_end_m": 14790.067665141069 }, "geometry": { "type": "LineString", "coordinates": [ [ 7.561284166666667, 51.925354166666665 ], [ 7.551272222222222, 51.925064166666665 ] ] } },
{ "type": "Feature", "properties": { "betriebstag": "2026-01-22", "frt_fid": "49087", "edge_idx": 39, "cum_start_m": 14790.067665141069, "cum_end_m": 15971.447205531978 }, "geometry": { "type": "LineString", "coordinates": [ [ 7.551272222222222, 51.925064166666665 ], [ 7.534105277777778, 51.924687777777777 ] ] } },
{ "type": "Feature", "properties": { "betriebstag": "2026-01-22", "frt_fid": "49087", "edge_idx": 40, "cum_start_m": 15971.447205531978, "cum_end_m": 16426.700717325602 }, "geometry": { "type": "LineString", "coordinates": [ [ 7.534105277777778, 51.924687777777777 ], [ 7.527485833333333, 51.924708611111107 ] ] } },
{ "type": "Feature", "properties": { "betriebstag": "2026-01-22", "frt_fid": "49087", "edge_idx": 41, "cum_start_m": 16426.700717325602, "cum_end_m": 16680.91432050231 }, "geometry": { "type": "LineString", "coordinates": [ [ 7.527485833333333, 51.924708611111107 ], [ 7.523809166666666, 51.924944166666663 ] ] } },
{ "type": "Feature", "properties": { "betriebstag": "2026-01-22", "frt_fid": "49087", "edge_idx": 42, "cum_start_m": 16680.91432050231, "cum_end_m": 17003.434758414649 }, "geometry": { "type": "LineString", "coordinates": [ [ 7.523809166666666, 51.924944166666663 ], [ 7.519123611111111, 51.925064166666665 ] ] } },
{ "type": "Feature", "properties": { "betriebstag": "2026-01-22", "frt_fid": "49087", "edge_idx": 43, "cum_start_m": 17003.434758414649, "cum_end_m": 17272.753674940966 }, "geometry": { "type": "LineString", "coordinates": [ [ 7.519123611111111, 51.925064166666665 ], [ 7.522211944444444, 51.923575555555551 ] ] } },
{ "type": "Feature", "properties": { "betriebstag": "2026-01-22", "frt_fid": "49087", "edge_idx": 44, "cum_start_m": 17272.753674940966, "cum_end_m": 17585.094865628053 }, "geometry": { "type": "LineString", "coordinates": [ [ 7.522211944444444, 51.923575555555551 ], [ 7.526630833333333, 51.922927777777772 ] ] } },
{ "type": "Feature", "properties": { "betriebstag": "2026-01-22", "frt_fid": "49087", "edge_idx": 45, "cum_start_m": 17585.094865628053, "cum_end_m": 17912.539339693223 }, "geometry": { "type": "LineString", "coordinates": [ [ 7.526630833333333, 51.922927777777772 ], [ 7.527240833333333, 51.920008333333328 ] ] } },
{ "type": "Feature", "properties": { "betriebstag": "2026-01-22", "frt_fid": "49087", "edge_idx": 46, "cum_start_m": 17912.539339693223, "cum_end_m": 18164.880429445235 }, "geometry": { "type": "LineString", "coordinates": [ [ 7.527240833333333, 51.920008333333328 ], [ 7.528196111111111, 51.91781805555555 ] ] } },
{ "type": "Feature", "properties": { "betriebstag": "2026-01-22", "frt_fid": "49087", "edge_idx": 47, "cum_start_m": 18164.880429445235, "cum_end_m": 18399.365935811704 }, "geometry": { "type": "LineString", "coordinates": [ [ 7.528196111111111, 51.91781805555555 ], [ 7.525296388888889, 51.916709722222222 ] ] } },
{ "type": "Feature", "properties": { "betriebstag": "2026-01-22", "frt_fid": "49087", "edge_idx": 48, "cum_start_m": 18399.365935811704, "cum_end_m": 18672.120609331803 }, "geometry": { "type": "LineString", "coordinates": [ [ 7.525296388888889, 51.916709722222222 ], [ 7.527406944444444, 51.914633888888886 ] ] } },
{ "type": "Feature", "properties": { "betriebstag": "2026-01-22", "frt_fid": "49089", "edge_idx": 0, "cum_start_m": 0.0, "cum_end_m": 252.81103068142528 }, "geometry": { "type": "LineString", "coordinates": [ [ 7.527406944444444, 51.914633888888886 ], [ 7.525148611111111, 51.916426944444446 ] ] } },
{ "type": "Feature", "properties": { "betriebstag": "2026-01-22", "frt_fid": "49089", "edge_idx": 1, "cum_start_m": 252.81103068142528, "cum_end_m": 512.9345907511447 }, "geometry": { "type": "LineString", "coordinates": [ [ 7.525148611111111, 51.916426944444446 ], [ 7.5283925, 51.917628888888885 ] ] } },
{ "type": "Feature", "properties": { "betriebstag": "2026-01-22", "frt_fid": "49089", "edge_idx": 2, "cum_start_m": 512.9345907511447, "cum_end_m": 853.93326983610382 }, "geometry": { "type": "LineString", "coordinates": [ [ 7.5283925, 51.917628888888885 ], [ 7.5272425, 51.920610833333328 ] ] } },
{ "type": "Feature", "properties": { "betriebstag": "2026-01-22", "frt_fid": "49089", "edge_idx": 3, "cum_start_m": 853.93326983610382, "cum_end_m": 1134.347999177452 }, "geometry": { "type": "LineString", "coordinates": [ [ 7.5272425, 51.920610833333328 ], [ 7.526746944444445, 51.923113055555554 ] ] } },
{ "type": "Feature", "properties": { "betriebstag": "2026-01-22", "frt_fid": "49089", "edge_idx": 4, "cum_start_m": 1134.347999177452, "cum_end_m": 1456.2495256673139 }, "geometry": { "type": "LineString", "coordinates": [ [ 7.526746944444445, 51.923113055555554 ], [ 7.522214166666666, 51.923834166666666 ] ] } },
{ "type": "Feature", "properties": { "betriebstag": "2026-01-22", "frt_fid": "49089", "edge_idx": 5, "cum_start_m": 1456.2495256673139, "cum_end_m": 1667.7506820018784 }, "geometry": { "type": "LineString", "coordinates": [ [ 7.522214166666666, 51.923834166666666 ], [ 7.519796388888889, 51.925009166666662 ] ] } },
{ "type": "Feature", "properties": { "betriebstag": "2026-01-22", "frt_fid": "49089", "edge_idx": 6, "cum_start_m": 1667.7506820018784, "cum_end_m": 1927.6472379841873 }, "geometry": { "type": "LineString", "coordinates": [ [ 7.519796388888889, 51.925009166666662 ], [ 7.523565, 51.924836111111105 ] ] } },
{ "type": "Feature", "properties": { "betriebstag": "2026-01-22", "frt_fid": "49089", "edge_idx": 7, "cum_start_m": 1927.6472379841873, "cum_end_m": 2231.3907711767947 }, "geometry": { "type": "LineString", "coordinates": [ [ 7.523565, 51.924836111111105 ], [ 7.527928611111111, 51.924414722222217 ] ] } },
{ "type": "Feature", "properties": { "betriebstag": "2026-01-22", "frt_fid": "49089", "edge_idx": 8, "cum_start_m": 2231.3907711767947, "cum_end_m": 2697.9655963077685 }, "geometry": { "type": "LineString", "coordinates": [ [ 7.527928611111111, 51.924414722222217 ], [ 7.534711111111111, 51.924506111111107 ] ] } },
{ "type": "Feature", "properties": { "betriebstag": "2026-01-22", "frt_fid": "49089", "edge_idx": 9, "cum_start_m": 2697.9655963077685, "cum_end_m": 3893.0446921821531 }, "geometry": { "type": "LineString", "coordinates": [ [ 7.534711111111111, 51.924506111111107 ], [ 7.552072777777777, 51.924955555555556 ] ] } },
{ "type": "Feature", "properties": { "betriebstag": "2026-01-22", "frt_fid": "49089", "edge_idx": 10, "cum_start_m": 3893.0446921821531, "cum_end_m": 4627.6557294966078 }, "geometry": { "type": "LineString", "coordinates": [ [ 7.552072777777777, 51.924955555555556 ], [ 7.562747222222222, 51.9251975 ] ] } },
{ "type": "Feature", "properties": { "betriebstag": "2026-01-22", "frt_fid": "49089", "edge_idx": 11, "cum_start_m": 4627.6557294966078, "cum_end_m": 5380.8593173343543 }, "geometry": { "type": "LineString", "coordinates": [ [ 7.562747222222222, 51.9251975 ], [ 7.573689166666666, 51.924907777777776 ] ] } },
{ "type": "Feature", "properties": { "betriebstag": "2026-01-22", "frt_fid": "49089", "edge_idx": 12, "cum_start_m": 5380.8593173343543, "cum_end_m": 5815.2495216643429 }, "geometry": { "type": "LineString", "coordinates": [ [ 7.573689166666666, 51.924907777777776 ], [ 7.579957777777778, 51.925386666666661 ] ] } },
{ "type": "Feature", "properties": { "betriebstag": "2026-01-22", "frt_fid": "49089", "edge_idx": 13, "cum_start_m": 5815.2495216643429, "cum_end_m": 6079.3752657665036 }, "geometry": { "type": "LineString", "coordinates": [ [ 7.579957777777778, 51.925386666666661 ], [ 7.583341666666667, 51.926509722222221 ] ] } },
{ "type": "Feature", "properties": { "betriebstag": "2026-01-22", "frt_fid": "49089", "edge_idx": 14, "cum_start_m": 6079.3752657665036, "cum_end_m": 6450.9601449603824 }, "geometry": { "type": "LineString", "coordinates": [ [ 7.583341666666667, 51.926509722222221 ], [ 7.588090277777778, 51.928103611111112 ] ] } },
{ "type": "Feature", "properties": { "betriebstag": "2026-01-22", "frt_fid": "49089", "edge_idx": 15, "cum_start_m": 6450.9601449603824, "cum_end_m": 6878.7736095791061 }, "geometry": { "type": "LineString", "coordinates": [ [ 7.588090277777778, 51.928103611111112 ], [ 7.592937222222222, 51.93051472222222 ] ] } },
{ "type": "Feature", "properties": { "betriebstag": "2026-01-22", "frt_fid": "49089", "edge_idx": 16, "cum_start_m": 6878.7736095791061, "cum_end_m": 7100.6558450639195 }, "geometry": { "type": "LineString", "coordinates": [ [ 7.592937222222222, 51.93051472222222 ], [ 7.595317222222222, 51.931861666666663 ] ] } },
{ "type": "Feature", "properties": { "betriebstag": "2026-01-22", "frt_fid": "49089", "edge_idx": 17, "cum_start_m": 7100.6558450639195, "cum_end_m": 7547.7746374858225 }, "geometry": { "type": "LineString", "coordinates": [ [ 7.595317222222222, 51.931861666666663 ], [ 7.600118888888889, 51.934572222222222 ] ] } },
{ "type": "Feature", "properties": { "betriebstag": "2026-01-22", "frt_fid": "49089", "edge_idx": 18, "cum_start_m": 7547.7746374858225, "cum_end_m": 7851.0986481443106 }, "geometry": { "type": "LineString", "coordinates": [ [ 7.600118888888889, 51.934572222222222 ], [ 7.603557777777778, 51.936280277777776 ] ] } },
{ "type": "Feature", "properties": { "betriebstag": "2026-01-22", "frt_fid": "49089", "edge_idx": 19, "cum_start_m": 7851.0986481443106, "cum_end_m": 8139.4908914998105 }, "geometry": { "type": "LineString", "coordinates": [ [ 7.603557777777778, 51.936280277777776 ], [ 7.606431944444444, 51.938168611111109 ] ] } },
{ "type": "Feature", "properties": { "betriebstag": "2026-01-22", "frt_fid": "49089", "edge_idx": 20, "cum_start_m": 8139.4908914998105, "cum_end_m": 8439.6655347032174 }, "geometry": { "type": "LineString", "coordinates": [ [ 7.606431944444444, 51.938168611111109 ], [ 7.609121388888888, 51.94029444444444 ] ] } },
{ "type": "Feature", "properties": { "betriebstag": "2026-01-22", "frt_fid": "49089", "edge_idx": 21, "cum_start_m": 8439.6655347032174, "cum_end_m": 8932.9279763290979 }, "geometry": { "type": "LineString", "coordinates": [ [ 7.609121388888888, 51.94029444444444 ], [ 7.612395555555556, 51.944240277777773 ] ] } },
{ "type": "Feature", "properties": { "betriebstag": "2026-01-22", "frt_fid": "49089", "edge_idx": 22, "cum_start_m": 8932.9279763290979, "cum_end_m": 9593.9734084663633 }, "geometry": { "type": "LineString", "coordinates": [ [ 7.612395555555556, 51.944240277777773 ], [ 7.616818611111111, 51.949517222222219 ] ] } },
{ "type": "Feature", "properties": { "betriebstag": "2026-01-22", "frt_fid": "49089", "edge_idx": 23, "cum_start_m": 9593.9734084663633, "cum_end_m": 9941.2500869354153 }, "geometry": { "type": "LineString", "coordinates": [ [ 7.616818611111111, 51.949517222222219 ], [ 7.619033333333334, 51.952323333333339 ] ] } },
{ "type": "Feature", "properties": { "betriebstag": "2026-01-22", "frt_fid": "49089", "edge_idx": 24, "cum_start_m": 9941.2500869354153, "cum_end_m": 10311.455762363797 }, "geometry": { "type": "LineString", "coordinates": [ [ 7.619033333333334, 51.952323333333339 ], [ 7.621679444444445, 51.955222222222226 ] ] } },
{ "type": "Feature", "properties": { "betriebstag": "2026-01-22", "frt_fid": "49089", "edge_idx": 25, "cum_start_m": 10311.455762363797, "cum_end_m": 10769.242518443578 }, "geometry": { "type": "LineString", "coordinates": [ [ 7.621679444444445, 51.955222222222226 ], [ 7.628273611111112, 51.955803888888894 ] ] } },
{ "type": "Feature", "properties": { "betriebstag": "2026-01-22", "frt_fid": "49089", "edge_idx": 26, "cum_start_m": 10769.242518443578, "cum_end_m": 11235.756337761621 }, "geometry": { "type": "LineString", "coordinates": [ [ 7.628273611111112, 51.955803888888894 ], [ 7.634583333333333, 51.957350555555557 ] ] } },
{ "type": "Feature", "properties": { "betriebstag": "2026-01-22", "frt_fid": "49089", "edge_idx": 27, "cum_start_m": 11235.756337761621, "cum_end_m": 11728.337723597298 }, "geometry": { "type": "LineString", "coordinates": [ [ 7.634583333333333, 51.957350555555557 ], [ 7.635514166666666, 51.961741388888889 ] ] } },
{ "type": "Feature", "properties": { "betriebstag": "2026-01-22", "frt_fid": "49089", "edge_idx": 28, "cum_start_m": 11728.337723597298, "cum_end_m": 12174.065073310801 }, "geometry": { "type": "LineString", "coordinates": [ [ 7.635514166666666, 51.961741388888889 ], [ 7.630303611111112, 51.964128055555555 ] ] } },
{ "type": "Feature", "properties": { "betriebstag": "2026-01-22", "frt_fid": "49089", "edge_idx": 29, "cum_start_m": 12174.065073310801, "cum_end_m": 12439.678286307873 }, "geometry": { "type": "LineString", "coordinates": [ [ 7.630303611111112, 51.964128055555555 ], [ 7.626990833333334, 51.965358611111114 ] ] } },
{ "type": "Feature", "properties": { "betriebstag": "2026-01-22", "frt_fid": "49089", "edge_idx": 30, "cum_start_m": 12439.678286307873, "cum_end_m": 12779.107562132333 }, "geometry": { "type": "LineString", "coordinates": [ [ 7.626990833333334, 51.965358611111114 ], [ 7.6232925, 51.967381666666668 ] ] } },
{ "type": "Feature", "properties": { "betriebstag": "2026-01-22", "frt_fid": "49089", "edge_idx": 31, "cum_start_m": 12779.107562132333, "cum_end_m": 13072.281679112135 }, "geometry": { "type": "LineString", "coordinates": [ [ 7.6232925, 51.967381666666668 ], [ 7.622248611111112, 51.969937222222221 ] ] } },
{ "type": "Feature", "properties": { "betriebstag": "2026-01-22", "frt_fid": "49089", "edge_idx": 32, "cum_start_m": 13072.281679112135, "cum_end_m": 13376.287885595981 }, "geometry": { "type": "LineString", "coordinates": [ [ 7.622248611111112, 51.969937222222221 ], [ 7.623106944444445, 51.972618333333337 ] ] } },
{ "type": "Feature", "properties": { "betriebstag": "2026-01-22", "frt_fid": "49089", "edge_idx": 33, "cum_start_m": 13376.287885595981, "cum_end_m": 13621.86530573016 }, "geometry": { "type": "LineString", "coordinates": [ [ 7.623106944444445, 51.972618333333337 ], [ 7.622308333333334, 51.974770277777779 ] ] } },
{ "type": "Feature", "properties": { "betriebstag": "2026-01-22", "frt_fid": "49089", "edge_idx": 34, "cum_start_m": 13621.86530573016, "cum_end_m": 13991.900775013413 }, "geometry": { "type": "LineString", "coordinates": [ [ 7.622308333333334, 51.974770277777779 ], [ 7.616933333333334, 51.97455305555556 ] ] } },
{ "type": "Feature", "properties": { "betriebstag": "2026-01-22", "frt_fid": "49089", "edge_idx": 35, "cum_start_m": 13991.900775013413, "cum_end_m": 14299.481537855607 }, "geometry": { "type": "LineString", "coordinates": [ [ 7.616933333333334, 51.97455305555556 ], [ 7.612489722222222, 51.974891944444444 ] ] } },
{ "type": "Feature", "properties": { "betriebstag": "2026-01-22", "frt_fid": "49089", "edge_idx": 36, "cum_start_m": 14299.481537855607, "cum_end_m": 14547.995251270841 }, "geometry": { "type": "LineString", "coordinates": [ [ 7.612489722222222, 51.974891944444444 ], [ 7.61234, 51.97712416666667 ] ] } },
{ "type": "Feature", "properties": { "betriebstag": "2026-01-22", "frt_fid": "49089", "edge_idx": 37, "cum_start_m": 14547.995251270841, "cum_end_m": 14812.721890984751 }, "geometry": { "type": "LineString", "coordinates": [ [ 7.61234, 51.97712416666667 ], [ 7.612148333333333, 51.979501111111112 ] ] } },
{ "type": "Feature", "properties": { "betriebstag": "2026-01-22", "frt_fid": "49089", "edge_idx": 38, "cum_start_m": 14812.721890984751, "cum_end_m": 15175.019392042703 }, "geometry": { "type": "LineString", "coordinates": [ [ 7.612148333333333, 51.979501111111112 ], [ 7.611887222222222, 51.982754166666666 ] ] } },
{ "type": "Feature", "properties": { "betriebstag": "2026-01-22", "frt_fid": "49089", "edge_idx": 39, "cum_start_m": 15175.019392042703, "cum_end_m": 15746.086391357845 }, "geometry": { "type": "LineString", "coordinates": [ [ 7.611887222222222, 51.982754166666666 ], [ 7.611500833333333, 51.9878825 ] ] } },
{ "type": "Feature", "properties": { "betriebstag": "2026-01-22", "frt_fid": "49089", "edge_idx": 40, "cum_start_m": 15746.086391357845, "cum_end_m": 16424.249853010529 }, "geometry": { "type": "LineString", "coordinates": [ [ 7.611500833333333, 51.9878825 ], [ 7.612586388888889, 51.993942222222223 ] ] } },
{ "type": "Feature", "properties": { "betriebstag": "2026-01-22", "frt_fid": "49089", "edge_idx": 41, "cum_start_m": 16424.249853010529, "cum_end_m": 16612.39069739858 }, "geometry": { "type": "LineString", "coordinates": [ [ 7.612586388888889, 51.993942222222223 ], [ 7.612988611111111, 51.99561527777778 ] ] } },
{ "type": "Feature", "properties": { "betriebstag": "2026-01-22", "frt_fid": "49089", "edge_idx": 42, "cum_start_m": 16612.39069739858, "cum_end_m": 16879.757597902117 }, "geometry": { "type": "LineString", "coordinates": [ [ 7.612988611111111, 51.99561527777778 ], [ 7.612205, 51.997969722222223 ] ] } },
{ "type": "Feature", "properties": { "betriebstag": "2026-01-22", "frt_fid": "49089", "edge_idx": 43, "cum_start_m": 16879.757597902117, "cum_end_m": 17152.389695180093 }, "geometry": { "type": "LineString", "coordinates": [ [ 7.612205, 51.997969722222223 ], [ 7.6082875, 51.99757 ] ] } },
{ "type": "Feature", "properties": { "betriebstag": "2026-01-22", "frt_fid": "49089", "edge_idx": 44, "cum_start_m": 17152.389695180093, "cum_end_m": 17436.186918475396 }, "geometry": { "type": "LineString", "coordinates": [ [ 7.6082875, 51.99757 ], [ 7.604203611111111, 51.997176944444448 ] ] } },
{ "type": "Feature", "properties": { "betriebstag": "2026-01-22", "frt_fid": "49089", "edge_idx": 45, "cum_start_m": 17436.186918475396, "cum_end_m": 17842.140415629561 }, "geometry": { "type": "LineString", "coordinates": [ [ 7.604203611111111, 51.997176944444448 ], [ 7.598429166666667, 51.997960555555558 ] ] } },
{ "type": "Feature", "properties": { "betriebstag": "2026-01-22", "frt_fid": "49089", "edge_idx": 46, "cum_start_m": 17842.140415629561, "cum_end_m": 18196.691592968011 }, "geometry": { "type": "LineString", "coordinates": [ [ 7.598429166666667, 51.997960555555558 ], [ 7.595289444444444, 52.00049111111111 ] ] } },
{ "type": "Feature", "properties": { "betriebstag": "2026-01-22", "frt_fid": "49089", "edge_idx": 47, "cum_start_m": 18196.691592968011, "cum_end_m": 18406.394435662372 }, "geometry": { "type": "LineString", "coordinates": [ [ 7.595289444444444, 52.00049111111111 ], [ 7.592288888888889, 52.000843333333336 ] ] } },
{ "type": "Feature", "properties": { "betriebstag": "2026-01-22", "frt_fid": "49089", "edge_idx": 48, "cum_start_m": 18406.394435662372, "cum_end_m": 18668.492547611426 }, "geometry": { "type": "LineString", "coordinates": [ [ 7.592288888888889, 52.000843333333336 ], [ 7.590370833333333, 51.998806111111115 ] ] } },
{ "type": "Feature", "properties": { "betriebstag": "2026-01-22", "frt_fid": "49091", "edge_idx": 0, "cum_start_m": 0.0, "cum_end_m": 252.38518567391679 }, "geometry": { "type": "LineString", "coordinates": [ [ 7.590370833333333, 51.998806111111115 ], [ 7.592259166666667, 52.000752777777777 ] ] } },
{ "type": "Feature", "properties": { "betriebstag": "2026-01-22", "frt_fid": "49091", "edge_idx": 1, "cum_start_m": 252.38518567391679, "cum_end_m": 465.78551979183834 }, "geometry": { "type": "LineString", "coordinates": [ [ 7.592259166666667, 52.000752777777777 ], [ 7.595288888888889, 52.000324444444445 ] ] } },
{ "type": "Feature", "properties": { "betriebstag": "2026-01-22", "frt_fid": "49091", "edge_idx": 2, "cum_start_m": 465.78551979183834, "cum_end_m": 817.77613550934825 }, "geometry": { "type": "LineString", "coordinates": [ [ 7.595288888888889, 52.000324444444445 ], [ 7.598407222222222, 51.997812777777781 ] ] } },
{ "type": "Feature", "properties": { "betriebstag": "2026-01-22", "frt_fid": "49091", "edge_idx": 3, "cum_start_m": 817.77613550934825, "cum_end_m": 1135.01387229907 }, "geometry": { "type": "LineString", "coordinates": [ [ 7.598407222222222, 51.997812777777781 ], [ 7.602791388888889, 51.99691277777778 ] ] } },
{ "type": "Feature", "properties": { "betriebstag": "2026-01-22", "frt_fid": "49091", "edge_idx": 4, "cum_start_m": 1135.01387229907, "cum_end_m": 1527.4445791228004 }, "geometry": { "type": "LineString", "coordinates": [ [ 7.602791388888889, 51.99691277777778 ], [ 7.608435, 51.99747 ] ] } },
{ "type": "Feature", "properties": { "betriebstag": "2026-01-22", "frt_fid": "49091", "edge_idx": 5, "cum_start_m": 1527.4445791228004, "cum_end_m": 1804.0313800604363 }, "geometry": { "type": "LineString", "coordinates": [ [ 7.608435, 51.99747 ], [ 7.612418333333333, 51.997840277777776 ] ] } },
{ "type": "Feature", "properties": { "betriebstag": "2026-01-22", "frt_fid": "49091", "edge_idx": 6, "cum_start_m": 1804.0313800604363, "cum_end_m": 2013.0376171625655 }, "geometry": { "type": "LineString", "coordinates": [ [ 7.612418333333333, 51.997840277777776 ], [ 7.612816944444444, 51.9959775 ] ] } },
{ "type": "Feature", "properties": { "betriebstag": "2026-01-22", "frt_fid": "49091", "edge_idx": 7, "cum_start_m": 2013.0376171625655, "cum_end_m": 2360.0194762676874 }, "geometry": { "type": "LineString", "coordinates": [ [ 7.612816944444444, 51.9959775 ], [ 7.611991944444444, 51.9929 ] ] } },
{ "type": "Feature", "properties": { "betriebstag": "2026-01-22", "frt_fid": "49091", "edge_idx": 8, "cum_start_m": 2360.0194762676874, "cum_end_m": 2830.7143886621107 }, "geometry": { "type": "LineString", "coordinates": [ [ 7.611991944444444, 51.9929 ], [ 7.611138611111111, 51.988701388888892 ] ] } },
{ "type": "Feature", "properties": { "betriebstag": "2026-01-22", "frt_fid": "49091", "edge_idx": 9, "cum_start_m": 2830.7143886621107, "cum_end_m": 3509.6057971658861 }, "geometry": { "type": "LineString", "coordinates": [ [ 7.611138611111111, 51.988701388888892 ], [ 7.611624722222222, 51.982605555555558 ] ] } },
{ "type": "Feature", "properties": { "betriebstag": "2026-01-22", "frt_fid": "49091", "edge_idx": 10, "cum_start_m": 3509.6057971658861, "cum_end_m": 3853.593604430167 }, "geometry": { "type": "LineString", "coordinates": [ [ 7.611624722222222, 51.982605555555558 ], [ 7.611845277777777, 51.97951611111111 ] ] } },
{ "type": "Feature", "properties": { "betriebstag": "2026-01-22", "frt_fid": "49091", "edge_idx": 11, "cum_start_m": 3853.593604430167, "cum_end_m": 4146.9336982512405 }, "geometry": { "type": "LineString", "coordinates": [ [ 7.611845277777777, 51.97951611111111 ], [ 7.612074166666666, 51.976882777777782 ] ] } },
{ "type": "Feature", "properties": { "betriebstag": "2026-01-22", "frt_fid": "49091", "edge_idx": 12, "cum_start_m": 4146.9336982512405, "cum_end_m": 4452.3266945865635 }, "geometry": { "type": "LineString", "coordinates": [ [ 7.612074166666666, 51.976882777777782 ], [ 7.613080833333333, 51.974208611111116 ] ] } },
{ "type": "Feature", "properties": { "betriebstag": "2026-01-22", "frt_fid": "49091", "edge_idx": 13, "cum_start_m": 4452.3266945865635, "cum_end_m": 4916.8518467481554 }, "geometry": { "type": "LineString", "coordinates": [ [ 7.613080833333333, 51.974208611111116 ], [ 7.619821666666667, 51.974538055555556 ] ] } },
{ "type": "Feature", "properties": { "betriebstag": "2026-01-22", "frt_fid": "49091", "edge_idx": 14, "cum_start_m": 4916.8518467481554, "cum_end_m": 5163.5275357607197 }, "geometry": { "type": "LineString", "coordinates": [ [ 7.619821666666667, 51.974538055555556 ], [ 7.6233275, 51.974058611111111 ] ] } },
{ "type": "Feature", "properties": { "betriebstag": "2026-01-22", "frt_fid": "49091", "edge_idx": 15, "cum_start_m": 5163.5275357607197, "cum_end_m": 5398.6287585085056 }, "geometry": { "type": "LineString", "coordinates": [ [ 7.6233275, 51.974058611111111 ], [ 7.622440833333334, 51.972017222222227 ] ] } },
{ "type": "Feature", "properties": { "betriebstag": "2026-01-22", "frt_fid": "49091", "edge_idx": 16, "cum_start_m": 5398.6287585085056, "cum_end_m": 5591.8315667054976 }, "geometry": { "type": "LineString", "coordinates": [ [ 7.622440833333334, 51.972017222222227 ], [ 7.622116111111112, 51.970291944444448 ] ] } },
{ "type": "Feature", "properties": { "betriebstag": "2026-01-22", "frt_fid": "49091", "edge_idx": 17, "cum_start_m": 5591.8315667054976, "cum_end_m": 5900.3984632161601 }, "geometry": { "type": "LineString", "coordinates": [ [ 7.622116111111112, 51.970291944444448 ], [ 7.623097777777779, 51.967585 ] ] } },
{ "type": "Feature", "properties": { "betriebstag": "2026-01-22", "frt_fid": "49091", "edge_idx": 18, "cum_start_m": 5900.3984632161601, "cum_end_m": 6273.2500209723021 }, "geometry": { "type": "LineString", "coordinates": [ [ 7.623097777777779, 51.967585 ], [ 7.626976111111111, 51.96524055555556 ] ] } },
{ "type": "Feature", "properties": { "betriebstag": "2026-01-22", "frt_fid": "49091", "edge_idx": 19, "cum_start_m": 6273.2500209723021, "cum_end_m": 6574.2691961920973 }, "geometry": { "type": "LineString", "coordinates": [ [ 7.626976111111111, 51.96524055555556 ], [ 7.630732222222223, 51.963847777777779 ] ] } },
{ "type": "Feature", "properties": { "betriebstag": "2026-01-22", "frt_fid": "49091", "edge_idx": 20, "cum_start_m": 6574.2691961920973, "cum_end_m": 7014.8486351403217 }, "geometry": { "type": "LineString", "coordinates": [ [ 7.630732222222223, 51.963847777777779 ], [ 7.635060833333333, 51.960925833333334 ] ] } },
{ "type": "Feature", "properties": { "betriebstag": "2026-01-22", "frt_fid": "49091", "edge_idx": 21, "cum_start_m": 7014.8486351403217, "cum_end_m": 7426.5254121041244 }, "geometry": { "type": "LineString", "coordinates": [ [ 7.635060833333333, 51.960925833333334 ], [ 7.634171666666666, 51.957265833333338 ] ] } },
{ "type": "Feature", "properties": { "betriebstag": "2026-01-22", "frt_fid": "49091", "edge_idx": 22, "cum_start_m": 7426.5254121041244, "cum_end_m": 7950.3431831831149 }, "geometry": { "type": "LineString", "coordinates": [ [ 7.634171666666666, 51.957265833333338 ], [ 7.626748055555556, 51.956198333333333 ] ] } },
{ "type": "Feature", "properties": { "betriebstag": "2026-01-22", "frt_fid": "49091", "edge_idx": 23, "cum_start_m": 7950.3431831831149, "cum_end_m": 8342.0366972905358 }, "geometry": { "type": "LineString", "coordinates": [ [ 7.626748055555556, 51.956198333333333 ], [ 7.621243611111112, 51.955285277777783 ] ] } },
{ "type": "Feature", "properties": { "betriebstag": "2026-01-22", "frt_fid": "49091", "edge_idx": 24, "cum_start_m": 8342.0366972905358, "cum_end_m": 8767.0286066528079 }, "geometry": { "type": "LineString", "coordinates": [ [ 7.621243611111112, 51.955285277777783 ], [ 7.618360555555556, 51.951905277777783 ] ] } },
{ "type": "Feature", "properties": { "betriebstag": "2026-01-22", "frt_fid": "49091", "edge_idx": 25, "cum_start_m": 8767.0286066528079, "cum_end_m": 9095.2637837406583 }, "geometry": { "type": "LineString", "coordinates": [ [ 7.618360555555556, 51.951905277777783 ], [ 7.616151388888889, 51.949289166666667 ] ] } },
{ "type": "Feature", "properties": { "betriebstag": "2026-01-22", "frt_fid": "49091", "edge_idx": 26, "cum_start_m": 9095.2637837406583, "cum_end_m": 9727.8555085226053 }, "geometry": { "type": "LineString", "coordinates": [ [ 7.616151388888889, 51.949289166666667 ], [ 7.612045833333333, 51.944199444444443 ] ] } },
{ "type": "Feature", "properties": { "betriebstag": "2026-01-22", "frt_fid": "49091", "edge_idx": 27, "cum_start_m": 9727.8555085226053, "cum_end_m": 10211.243590625469 }, "geometry": { "type": "LineString", "coordinates": [ [ 7.612045833333333, 51.944199444444443 ], [ 7.608778611111111, 51.940351388888885 ] ] } },
{ "type": "Feature", "properties": { "betriebstag": "2026-01-22", "frt_fid": "49091", "edge_idx": 28, "cum_start_m": 10211.243590625469, "cum_end_m": 10531.784382585989 }, "geometry": { "type": "LineString", "coordinates": [ [ 7.608778611111111, 51.940351388888885 ], [ 7.605851666666666, 51.938108333333332 ] ] } },
{ "type": "Feature", "properties": { "betriebstag": "2026-01-22", "frt_fid": "49091", "edge_idx": 29, "cum_start_m": 10531.784382585989, "cum_end_m": 10826.220830002298 }, "geometry": { "type": "LineString", "coordinates": [ [ 7.605851666666666, 51.938108333333332 ], [ 7.602868611111111, 51.936209166666664 ] ] } },
{ "type": "Feature", "properties": { "betriebstag": "2026-01-22", "frt_fid": "49091", "edge_idx": 30, "cum_start_m": 10826.220830002298, "cum_end_m": 11107.547957517067 }, "geometry": { "type": "LineString", "coordinates": [ [ 7.602868611111111, 51.936209166666664 ], [ 7.599746944444444, 51.934574166666664 ] ] } },
{ "type": "Feature", "properties": { "betriebstag": "2026-01-22", "frt_fid": "49091", "edge_idx": 31, "cum_start_m": 11107.547957517067, "cum_end_m": 11603.237017736159 }, "geometry": { "type": "LineString", "coordinates": [ [ 7.599746944444444, 51.934574166666664 ], [ 7.594443055555555, 51.931556111111107 ] ] } },
{ "type": "Feature", "properties": { "betriebstag": "2026-01-22", "frt_fid": "49091", "edge_idx": 32, "cum_start_m": 11603.237017736159, "cum_end_m": 11843.388957195351 }, "geometry": { "type": "LineString", "coordinates": [ [ 7.594443055555555, 51.931556111111107 ], [ 7.591849444444444, 51.930110277777779 ] ] } },
{ "type": "Feature", "properties": { "betriebstag": "2026-01-22", "frt_fid": "49091", "edge_idx": 33, "cum_start_m": 11843.388957195351, "cum_end_m": 12191.84927886982 }, "geometry": { "type": "LineString", "coordinates": [ [ 7.591849444444444, 51.930110277777779 ], [ 7.587873611111111, 51.928168055555552 ] ] } },
{ "type": "Feature", "properties": { "betriebstag": "2026-01-22", "frt_fid": "49091", "edge_idx": 34, "cum_start_m": 12191.84927886982, "cum_end_m": 12571.841950427828 }, "geometry": { "type": "LineString", "coordinates": [ [ 7.587873611111111, 51.928168055555552 ], [ 7.582982777777778, 51.926578333333332 ] ] } },
{ "type": "Feature", "properties": { "betriebstag": "2026-01-22", "frt_fid": "49091", "edge_idx": 35, "cum_start_m": 12571.841950427828, "cum_end_m": 12900.072642387888 }, "geometry": { "type": "LineString", "coordinates": [ [ 7.582982777777778, 51.926578333333332 ], [ 7.578722777777777, 51.925247777777777 ] ] } },
{ "type": "Feature", "properties": { "betriebstag": "2026-01-22", "frt_fid": "49091", "edge_idx": 36, "cum_start_m": 12900.072642387888, "cum_end_m": 13276.012459881504 }, "geometry": { "type": "LineString", "coordinates": [ [ 7.578722777777777, 51.925247777777777 ], [ 7.573266111111111, 51.925046388888887 ] ] } },
{ "type": "Feature", "properties": { "betriebstag": "2026-01-22", "frt_fid": "49091", "edge_idx": 37, "cum_start_m": 13276.012459881504, "cum_end_m": 14100.758832079808 }, "geometry": { "type": "LineString", "coordinates": [ [ 7.573266111111111, 51.925046388888887 ], [ 7.561284166666667, 51.925354166666665 ] ] } },
{ "type": "Feature", "properties": { "betriebstag": "2026-01-22", "frt_fid": "49091", "edge_idx": 38, "cum_start_m": 14100.758832079808, "cum_end_m": 14790.067665141069 }, "geometry": { "type": "LineString", "coordinates": [ [ 7.561284166666667, 51.925354166666665 ], [ 7.551272222222222, 51.925064166666665 ] ] } },
{ "type": "Feature", "properties": { "betriebstag": "2026-01-22", "frt_fid": "49091", "edge_idx": 39, "cum_start_m": 14790.067665141069, "cum_end_m": 15971.447205531978 }, "geometry": { "type": "LineString", "coordinates": [ [ 7.551272222222222, 51.925064166666665 ], [ 7.534105277777778, 51.924687777777777 ] ] } },
{ "type": "Feature", "properties": { "betriebstag": "2026-01-22", "frt_fid": "49091", "edge_idx": 40, "cum_start_m": 15971.447205531978, "cum_end_m": 16426.700717325602 }, "geometry": { "type": "LineString", "coordinates": [ [ 7.534105277777778, 51.924687777777777 ], [ 7.527485833333333, 51.924708611111107 ] ] } },
{ "type": "Feature", "properties": { "betriebstag": "2026-01-22", "frt_fid": "49091", "edge_idx": 41, "cum_start_m": 16426.700717325602, "cum_end_m": 16680.91432050231 }, "geometry": { "type": "LineString", "coordinates": [ [ 7.527485833333333, 51.924708611111107 ], [ 7.523809166666666, 51.924944166666663 ] ] } },
{ "type": "Feature", "properties": { "betriebstag": "2026-01-22", "frt_fid": "49091", "edge_idx": 42, "cum_start_m": 16680.91432050231, "cum_end_m": 17003.434758414649 }, "geometry": { "type": "LineString", "coordinates": [ [ 7.523809166666666, 51.924944166666663 ], [ 7.519123611111111, 51.925064166666665 ] ] } },
{ "type": "Feature", "properties": { "betriebstag": "2026-01-22", "frt_fid": "49091", "edge_idx": 43, "cum_start_m": 17003.434758414649, "cum_end_m": 17272.753674940966 }, "geometry": { "type": "LineString", "coordinates": [ [ 7.519123611111111, 51.925064166666665 ], [ 7.522211944444444, 51.923575555555551 ] ] } },
{ "type": "Feature", "properties": { "betriebstag": "2026-01-22", "frt_fid": "49091", "edge_idx": 44, "cum_start_m": 17272.753674940966, "cum_end_m": 17585.094865628053 }, "geometry": { "type": "LineString", "coordinates": [ [ 7.522211944444444, 51.923575555555551 ], [ 7.526630833333333, 51.922927777777772 ] ] } },
{ "type": "Feature", "properties": { "betriebstag": "2026-01-22", "frt_fid": "49091", "edge_idx": 45, "cum_start_m": 17585.094865628053, "cum_end_m": 17912.539339693223 }, "geometry": { "type": "LineString", "coordinates": [ [ 7.526630833333333, 51.922927777777772 ], [ 7.527240833333333, 51.920008333333328 ] ] } },
{ "type": "Feature", "properties": { "betriebstag": "2026-01-22", "frt_fid": "49091", "edge_idx": 46, "cum_start_m": 17912.539339693223, "cum_end_m": 18164.880429445235 }, "geometry": { "type": "LineString", "coordinates": [ [ 7.527240833333333, 51.920008333333328 ], [ 7.528196111111111, 51.91781805555555 ] ] } },
{ "type": "Feature", "properties": { "betriebstag": "2026-01-22", "frt_fid": "49091", "edge_idx": 47, "cum_start_m": 18164.880429445235, "cum_end_m": 18399.365935811704 }, "geometry": { "type": "LineString", "coordinates": [ [ 7.528196111111111, 51.91781805555555 ], [ 7.525296388888889, 51.916709722222222 ] ] } },
{ "type": "Feature", "properties": { "betriebstag": "2026-01-22", "frt_fid": "49091", "edge_idx": 48, "cum_start_m": 18399.365935811704, "cum_end_m": 18672.120609331803 }, "geometry": { "type": "LineString", "coordinates": [ [ 7.525296388888889, 51.916709722222222 ], [ 7.527406944444444, 51.914633888888886 ] ] } },
{ "type": "Feature", "properties": { "betriebstag": "2026-01-22", "frt_fid": "49092", "edge_idx": 0, "cum_start_m": 0.0, "cum_end_m": 252.81103068142528 }, "geometry": { "type": "LineString", "coordinates": [ [ 7.527406944444444, 51.914633888888886 ], [ 7.525148611111111, 51.916426944444446 ] ] } },
{ "type": "Feature", "properties": { "betriebstag": "2026-01-22", "frt_fid": "49092", "edge_idx": 1, "cum_start_m": 252.81103068142528, "cum_end_m": 512.9345907511447 }, "geometry": { "type": "LineString", "coordinates": [ [ 7.525148611111111, 51.916426944444446 ], [ 7.5283925, 51.917628888888885 ] ] } },
{ "type": "Feature", "properties": { "betriebstag": "2026-01-22", "frt_fid": "49092", "edge_idx": 2, "cum_start_m": 512.9345907511447, "cum_end_m": 853.93326983610382 }, "geometry": { "type": "LineString", "coordinates": [ [ 7.5283925, 51.917628888888885 ], [ 7.5272425, 51.920610833333328 ] ] } },
{ "type": "Feature", "properties": { "betriebstag": "2026-01-22", "frt_fid": "49092", "edge_idx": 3, "cum_start_m": 853.93326983610382, "cum_end_m": 1134.347999177452 }, "geometry": { "type": "LineString", "coordinates": [ [ 7.5272425, 51.920610833333328 ], [ 7.526746944444445, 51.923113055555554 ] ] } },
{ "type": "Feature", "properties": { "betriebstag": "2026-01-22", "frt_fid": "49092", "edge_idx": 4, "cum_start_m": 1134.347999177452, "cum_end_m": 1456.2495256673139 }, "geometry": { "type": "LineString", "coordinates": [ [ 7.526746944444445, 51.923113055555554 ], [ 7.522214166666666, 51.923834166666666 ] ] } },
{ "type": "Feature", "properties": { "betriebstag": "2026-01-22", "frt_fid": "49092", "edge_idx": 5, "cum_start_m": 1456.2495256673139, "cum_end_m": 1667.7506820018784 }, "geometry": { "type": "LineString", "coordinates": [ [ 7.522214166666666, 51.923834166666666 ], [ 7.519796388888889, 51.925009166666662 ] ] } },
{ "type": "Feature", "properties": { "betriebstag": "2026-01-22", "frt_fid": "49092", "edge_idx": 6, "cum_start_m": 1667.7506820018784, "cum_end_m": 1927.6472379841873 }, "geometry": { "type": "LineString", "coordinates": [ [ 7.519796388888889, 51.925009166666662 ], [ 7.523565, 51.924836111111105 ] ] } },
{ "type": "Feature", "properties": { "betriebstag": "2026-01-22", "frt_fid": "49092", "edge_idx": 7, "cum_start_m": 1927.6472379841873, "cum_end_m": 2231.3907711767947 }, "geometry": { "type": "LineString", "coordinates": [ [ 7.523565, 51.924836111111105 ], [ 7.527928611111111, 51.924414722222217 ] ] } },
{ "type": "Feature", "properties": { "betriebstag": "2026-01-22", "frt_fid": "49092", "edge_idx": 8, "cum_start_m": 2231.3907711767947, "cum_end_m": 2697.9655963077685 }, "geometry": { "type": "LineString", "coordinates": [ [ 7.527928611111111, 51.924414722222217 ], [ 7.534711111111111, 51.924506111111107 ] ] } },
{ "type": "Feature", "properties": { "betriebstag": "2026-01-22", "frt_fid": "49092", "edge_idx": 9, "cum_start_m": 2697.9655963077685, "cum_end_m": 3893.0446921821531 }, "geometry": { "type": "LineString", "coordinates": [ [ 7.534711111111111, 51.924506111111107 ], [ 7.552072777777777, 51.924955555555556 ] ] } },
{ "type": "Feature", "properties": { "betriebstag": "2026-01-22", "frt_fid": "49092", "edge_idx": 10, "cum_start_m": 3893.0446921821531, "cum_end_m": 4627.6557294966078 }, "geometry": { "type": "LineString", "coordinates": [ [ 7.552072777777777, 51.924955555555556 ], [ 7.562747222222222, 51.9251975 ] ] } },
{ "type": "Feature", "properties": { "betriebstag": "2026-01-22", "frt_fid": "49092", "edge_idx": 11, "cum_start_m": 4627.6557294966078, "cum_end_m": 5380.8593173343543 }, "geometry": { "type": "LineString", "coordinates": [ [ 7.562747222222222, 51.9251975 ], [ 7.573689166666666, 51.924907777777776 ] ] } },
{ "type": "Feature", "properties": { "betriebstag": "2026-01-22", "frt_fid": "49092", "edge_idx": 12, "cum_start_m": 5380.8593173343543, "cum_end_m": 5815.2495216643429 }, "geometry": { "type": "LineString", "coordinates": [ [ 7.573689166666666, 51.924907777777776 ], [ 7.579957777777778, 51.925386666666661 ] ] } },
{ "type": "Feature", "properties": { "betriebstag": "2026-01-22", "frt_fid": "49092", "edge_idx": 13, "cum_start_m": 5815.2495216643429, "cum_end_m": 6079.3752657665036 }, "geometry": { "type": "LineString", "coordinates": [ [ 7.579957777777778, 51.925386666666661 ], [ 7.583341666666667, 51.926509722222221 ] ] } },
{ "type": "Feature", "properties": { "betriebstag": "2026-01-22", "frt_fid": "49092", "edge_idx": 14, "cum_start_m": 6079.3752657665036, "cum_end_m": 6450.9601449603824 }, "geometry": { "type": "LineString", "coordinates": [ [ 7.583341666666667, 51.926509722222221 ], [ 7.588090277777778, 51.928103611111112 ] ] } },
{ "type": "Feature", "properties": { "betriebstag": "2026-01-22", "frt_fid": "49092", "edge_idx": 15, "cum_start_m": 6450.9601449603824, "cum_end_m": 6878.7736095791061 }, "geometry": { "type": "LineString", "coordinates": [ [ 7.588090277777778, 51.928103611111112 ], [ 7.592937222222222, 51.93051472222222 ] ] } },
{ "type": "Feature", "properties": { "betriebstag": "2026-01-22", "frt_fid": "49092", "edge_idx": 16, "cum_start_m": 6878.7736095791061, "cum_end_m": 7100.6558450639195 }, "geometry": { "type": "LineString", "coordinates": [ [ 7.592937222222222, 51.93051472222222 ], [ 7.595317222222222, 51.931861666666663 ] ] } },
{ "type": "Feature", "properties": { "betriebstag": "2026-01-22", "frt_fid": "49092", "edge_idx": 17, "cum_start_m": 7100.6558450639195, "cum_end_m": 7547.7746374858225 }, "geometry": { "type": "LineString", "coordinates": [ [ 7.595317222222222, 51.931861666666663 ], [ 7.600118888888889, 51.934572222222222 ] ] } },
{ "type": "Feature", "properties": { "betriebstag": "2026-01-22", "frt_fid": "49092", "edge_idx": 18, "cum_start_m": 7547.7746374858225, "cum_end_m": 7851.0986481443106 }, "geometry": { "type": "LineString", "coordinates": [ [ 7.600118888888889, 51.934572222222222 ], [ 7.603557777777778, 51.936280277777776 ] ] } },
{ "type": "Feature", "properties": { "betriebstag": "2026-01-22", "frt_fid": "49092", "edge_idx": 19, "cum_start_m": 7851.0986481443106, "cum_end_m": 8139.4908914998105 }, "geometry": { "type": "LineString", "coordinates": [ [ 7.603557777777778, 51.936280277777776 ], [ 7.606431944444444, 51.938168611111109 ] ] } },
{ "type": "Feature", "properties": { "betriebstag": "2026-01-22", "frt_fid": "49092", "edge_idx": 20, "cum_start_m": 8139.4908914998105, "cum_end_m": 8439.6655347032174 }, "geometry": { "type": "LineString", "coordinates": [ [ 7.606431944444444, 51.938168611111109 ], [ 7.609121388888888, 51.94029444444444 ] ] } },
{ "type": "Feature", "properties": { "betriebstag": "2026-01-22", "frt_fid": "49092", "edge_idx": 21, "cum_start_m": 8439.6655347032174, "cum_end_m": 8932.9279763290979 }, "geometry": { "type": "LineString", "coordinates": [ [ 7.609121388888888, 51.94029444444444 ], [ 7.612395555555556, 51.944240277777773 ] ] } },
{ "type": "Feature", "properties": { "betriebstag": "2026-01-22", "frt_fid": "49092", "edge_idx": 22, "cum_start_m": 8932.9279763290979, "cum_end_m": 9593.9734084663633 }, "geometry": { "type": "LineString", "coordinates": [ [ 7.612395555555556, 51.944240277777773 ], [ 7.616818611111111, 51.949517222222219 ] ] } },
{ "type": "Feature", "properties": { "betriebstag": "2026-01-22", "frt_fid": "49092", "edge_idx": 23, "cum_start_m": 9593.9734084663633, "cum_end_m": 9941.2500869354153 }, "geometry": { "type": "LineString", "coordinates": [ [ 7.616818611111111, 51.949517222222219 ], [ 7.619033333333334, 51.952323333333339 ] ] } },
{ "type": "Feature", "properties": { "betriebstag": "2026-01-22", "frt_fid": "49092", "edge_idx": 24, "cum_start_m": 9941.2500869354153, "cum_end_m": 10311.455762363797 }, "geometry": { "type": "LineString", "coordinates": [ [ 7.619033333333334, 51.952323333333339 ], [ 7.621679444444445, 51.955222222222226 ] ] } },
{ "type": "Feature", "properties": { "betriebstag": "2026-01-22", "frt_fid": "49092", "edge_idx": 25, "cum_start_m": 10311.455762363797, "cum_end_m": 10769.242518443578 }, "geometry": { "type": "LineString", "coordinates": [ [ 7.621679444444445, 51.955222222222226 ], [ 7.628273611111112, 51.955803888888894 ] ] } },
{ "type": "Feature", "properties": { "betriebstag": "2026-01-22", "frt_fid": "49092", "edge_idx": 26, "cum_start_m": 10769.242518443578, "cum_end_m": 11235.756337761621 }, "geometry": { "type": "LineString", "coordinates": [ [ 7.628273611111112, 51.955803888888894 ], [ 7.634583333333333, 51.957350555555557 ] ] } },
{ "type": "Feature", "properties": { "betriebstag": "2026-01-22", "frt_fid": "49092", "edge_idx": 27, "cum_start_m": 11235.756337761621, "cum_end_m": 11728.337723597298 }, "geometry": { "type": "LineString", "coordinates": [ [ 7.634583333333333, 51.957350555555557 ], [ 7.635514166666666, 51.961741388888889 ] ] } },
{ "type": "Feature", "properties": { "betriebstag": "2026-01-22", "frt_fid": "49092", "edge_idx": 28, "cum_start_m": 11728.337723597298, "cum_end_m": 12174.065073310801 }, "geometry": { "type": "LineString", "coordinates": [ [ 7.635514166666666, 51.961741388888889 ], [ 7.630303611111112, 51.964128055555555 ] ] } },
{ "type": "Feature", "properties": { "betriebstag": "2026-01-22", "frt_fid": "49092", "edge_idx": 29, "cum_start_m": 12174.065073310801, "cum_end_m": 12439.678286307873 }, "geometry": { "type": "LineString", "coordinates": [ [ 7.630303611111112, 51.964128055555555 ], [ 7.626990833333334, 51.965358611111114 ] ] } },
{ "type": "Feature", "properties": { "betriebstag": "2026-01-22", "frt_fid": "49092", "edge_idx": 30, "cum_start_m": 12439.678286307873, "cum_end_m": 12779.107562132333 }, "geometry": { "type": "LineString", "coordinates": [ [ 7.626990833333334, 51.965358611111114 ], [ 7.6232925, 51.967381666666668 ] ] } },
{ "type": "Feature", "properties": { "betriebstag": "2026-01-22", "frt_fid": "49092", "edge_idx": 31, "cum_start_m": 12779.107562132333, "cum_end_m": 13072.281679112135 }, "geometry": { "type": "LineString", "coordinates": [ [ 7.6232925, 51.967381666666668 ], [ 7.622248611111112, 51.969937222222221 ] ] } },
{ "type": "Feature", "properties": { "betriebstag": "2026-01-22", "frt_fid": "49092", "edge_idx": 32, "cum_start_m": 13072.281679112135, "cum_end_m": 13376.287885595981 }, "geometry": { "type": "LineString", "coordinates": [ [ 7.622248611111112, 51.969937222222221 ], [ 7.623106944444445, 51.972618333333337 ] ] } },
{ "type": "Feature", "properties": { "betriebstag": "2026-01-22", "frt_fid": "49092", "edge_idx": 33, "cum_start_m": 13376.287885595981, "cum_end_m": 13621.86530573016 }, "geometry": { "type": "LineString", "coordinates": [ [ 7.623106944444445, 51.972618333333337 ], [ 7.622308333333334, 51.974770277777779 ] ] } },
{ "type": "Feature", "properties": { "betriebstag": "2026-01-22", "frt_fid": "49092", "edge_idx": 34, "cum_start_m": 13621.86530573016, "cum_end_m": 13991.900775013413 }, "geometry": { "type": "LineString", "coordinates": [ [ 7.622308333333334, 51.974770277777779 ], [ 7.616933333333334, 51.97455305555556 ] ] } },
{ "type": "Feature", "properties": { "betriebstag": "2026-01-22", "frt_fid": "49092", "edge_idx": 35, "cum_start_m": 13991.900775013413, "cum_end_m": 14299.481537855607 }, "geometry": { "type": "LineString", "coordinates": [ [ 7.616933333333334, 51.97455305555556 ], [ 7.612489722222222, 51.974891944444444 ] ] } },
{ "type": "Feature", "properties": { "betriebstag": "2026-01-22", "frt_fid": "49092", "edge_idx": 36, "cum_start_m": 14299.481537855607, "cum_end_m": 14547.995251270841 }, "geometry": { "type": "LineString", "coordinates": [ [ 7.612489722222222, 51.974891944444444 ], [ 7.61234, 51.97712416666667 ] ] } },
{ "type": "Feature", "properties": { "betriebstag": "2026-01-22", "frt_fid": "49092", "edge_idx": 37, "cum_start_m": 14547.995251270841, "cum_end_m": 14812.721890984751 }, "geometry": { "type": "LineString", "coordinates": [ [ 7.61234, 51.97712416666667 ], [ 7.612148333333333, 51.979501111111112 ] ] } },
{ "type": "Feature", "properties": { "betriebstag": "2026-01-22", "frt_fid": "49092", "edge_idx": 38, "cum_start_m": 14812.721890984751, "cum_end_m": 15175.019392042703 }, "geometry": { "type": "LineString", "coordinates": [ [ 7.612148333333333, 51.979501111111112 ], [ 7.611887222222222, 51.982754166666666 ] ] } },
{ "type": "Feature", "properties": { "betriebstag": "2026-01-22", "frt_fid": "49092", "edge_idx": 39, "cum_start_m": 15175.019392042703, "cum_end_m": 15746.086391357845 }, "geometry": { "type": "LineString", "coordinates": [ [ 7.611887222222222, 51.982754166666666 ], [ 7.611500833333333, 51.9878825 ] ] } },
{ "type": "Feature", "properties": { "betriebstag": "2026-01-22", "frt_fid": "49092", "edge_idx": 40, "cum_start_m": 15746.086391357845, "cum_end_m": 16424.249853010529 }, "geometry": { "type": "LineString", "coordinates": [ [ 7.611500833333333, 51.9878825 ], [ 7.612586388888889, 51.993942222222223 ] ] } },
{ "type": "Feature", "properties": { "betriebstag": "2026-01-22", "frt_fid": "49092", "edge_idx": 41, "cum_start_m": 16424.249853010529, "cum_end_m": 16612.39069739858 }, "geometry": { "type": "LineString", "coordinates": [ [ 7.612586388888889, 51.993942222222223 ], [ 7.612988611111111, 51.99561527777778 ] ] } },
{ "type": "Feature", "properties": { "betriebstag": "2026-01-22", "frt_fid": "49092", "edge_idx": 42, "cum_start_m": 16612.39069739858, "cum_end_m": 16879.757597902117 }, "geometry": { "type": "LineString", "coordinates": [ [ 7.612988611111111, 51.99561527777778 ], [ 7.612205, 51.997969722222223 ] ] } },
{ "type": "Feature", "properties": { "betriebstag": "2026-01-22", "frt_fid": "49092", "edge_idx": 43, "cum_start_m": 16879.757597902117, "cum_end_m": 17152.389695180093 }, "geometry": { "type": "LineString", "coordinates": [ [ 7.612205, 51.997969722222223 ], [ 7.6082875, 51.99757 ] ] } },
{ "type": "Feature", "properties": { "betriebstag": "2026-01-22", "frt_fid": "49092", "edge_idx": 44, "cum_start_m": 17152.389695180093, "cum_end_m": 17436.186918475396 }, "geometry": { "type": "LineString", "coordinates": [ [ 7.6082875, 51.99757 ], [ 7.604203611111111, 51.997176944444448 ] ] } },
{ "type": "Feature", "properties": { "betriebstag": "2026-01-22", "frt_fid": "49092", "edge_idx": 45, "cum_start_m": 17436.186918475396, "cum_end_m": 17842.140415629561 }, "geometry": { "type": "LineString", "coordinates": [ [ 7.604203611111111, 51.997176944444448 ], [ 7.598429166666667, 51.997960555555558 ] ] } },
{ "type": "Feature", "properties": { "betriebstag": "2026-01-22", "frt_fid": "49092", "edge_idx": 46, "cum_start_m": 17842.140415629561, "cum_end_m": 18196.691592968011 }, "geometry": { "type": "LineString", "coordinates": [ [ 7.598429166666667, 51.997960555555558 ], [ 7.595289444444444, 52.00049111111111 ] ] } },
{ "type": "Feature", "properties": { "betriebstag": "2026-01-22", "frt_fid": "49092", "edge_idx": 47, "cum_start_m": 18196.691592968011, "cum_end_m": 18406.394435662372 }, "geometry": { "type": "LineString", "coordinates": [ [ 7.595289444444444, 52.00049111111111 ], [ 7.592288888888889, 52.000843333333336 ] ] } },
{ "type": "Feature", "properties": { "betriebstag": "2026-01-22", "frt_fid": "49092", "edge_idx": 48, "cum_start_m": 18406.394435662372, "cum_end_m": 18668.492547611426 }, "geometry": { "type": "LineString", "coordinates": [ [ 7.592288888888889, 52.000843333333336 ], [ 7.590370833333333, 51.998806111111115 ] ] } },
{ "type": "Feature", "properties": { "betriebstag": "2026-01-22", "frt_fid": "49094", "edge_idx": 0, "cum_start_m": 0.0, "cum_end_m": 252.38518567391679 }, "geometry": { "type": "LineString", "coordinates": [ [ 7.590370833333333, 51.998806111111115 ], [ 7.592259166666667, 52.000752777777777 ] ] } },
{ "type": "Feature", "properties": { "betriebstag": "2026-01-22", "frt_fid": "49094", "edge_idx": 1, "cum_start_m": 252.38518567391679, "cum_end_m": 465.78551979183834 }, "geometry": { "type": "LineString", "coordinates": [ [ 7.592259166666667, 52.000752777777777 ], [ 7.595288888888889, 52.000324444444445 ] ] } },
{ "type": "Feature", "properties": { "betriebstag": "2026-01-22", "frt_fid": "49094", "edge_idx": 2, "cum_start_m": 465.78551979183834, "cum_end_m": 817.77613550934825 }, "geometry": { "type": "LineString", "coordinates": [ [ 7.595288888888889, 52.000324444444445 ], [ 7.598407222222222, 51.997812777777781 ] ] } },
{ "type": "Feature", "properties": { "betriebstag": "2026-01-22", "frt_fid": "49094", "edge_idx": 3, "cum_start_m": 817.77613550934825, "cum_end_m": 1135.01387229907 }, "geometry": { "type": "LineString", "coordinates": [ [ 7.598407222222222, 51.997812777777781 ], [ 7.602791388888889, 51.99691277777778 ] ] } },
{ "type": "Feature", "properties": { "betriebstag": "2026-01-22", "frt_fid": "49094", "edge_idx": 4, "cum_start_m": 1135.01387229907, "cum_end_m": 1527.4445791228004 }, "geometry": { "type": "LineString", "coordinates": [ [ 7.602791388888889, 51.99691277777778 ], [ 7.608435, 51.99747 ] ] } },
{ "type": "Feature", "properties": { "betriebstag": "2026-01-22", "frt_fid": "49094", "edge_idx": 5, "cum_start_m": 1527.4445791228004, "cum_end_m": 1804.0313800604363 }, "geometry": { "type": "LineString", "coordinates": [ [ 7.608435, 51.99747 ], [ 7.612418333333333, 51.997840277777776 ] ] } },
{ "type": "Feature", "properties": { "betriebstag": "2026-01-22", "frt_fid": "49094", "edge_idx": 6, "cum_start_m": 1804.0313800604363, "cum_end_m": 2013.0376171625655 }, "geometry": { "type": "LineString", "coordinates": [ [ 7.612418333333333, 51.997840277777776 ], [ 7.612816944444444, 51.9959775 ] ] } },
{ "type": "Feature", "properties": { "betriebstag": "2026-01-22", "frt_fid": "49094", "edge_idx": 7, "cum_start_m": 2013.0376171625655, "cum_end_m": 2360.0194762676874 }, "geometry": { "type": "LineString", "coordinates": [ [ 7.612816944444444, 51.9959775 ], [ 7.611991944444444, 51.9929 ] ] } },
{ "type": "Feature", "properties": { "betriebstag": "2026-01-22", "frt_fid": "49094", "edge_idx": 8, "cum_start_m": 2360.0194762676874, "cum_end_m": 2830.7143886621107 }, "geometry": { "type": "LineString", "coordinates": [ [ 7.611991944444444, 51.9929 ], [ 7.611138611111111, 51.988701388888892 ] ] } },
{ "type": "Feature", "properties": { "betriebstag": "2026-01-22", "frt_fid": "49094", "edge_idx": 9, "cum_start_m": 2830.7143886621107, "cum_end_m": 3509.6057971658861 }, "geometry": { "type": "LineString", "coordinates": [ [ 7.611138611111111, 51.988701388888892 ], [ 7.611624722222222, 51.982605555555558 ] ] } },
{ "type": "Feature", "properties": { "betriebstag": "2026-01-22", "frt_fid": "49094", "edge_idx": 10, "cum_start_m": 3509.6057971658861, "cum_end_m": 3853.593604430167 }, "geometry": { "type": "LineString", "coordinates": [ [ 7.611624722222222, 51.982605555555558 ], [ 7.611845277777777, 51.97951611111111 ] ] } },
{ "type": "Feature", "properties": { "betriebstag": "2026-01-22", "frt_fid": "49094", "edge_idx": 11, "cum_start_m": 3853.593604430167, "cum_end_m": 4146.9336982512405 }, "geometry": { "type": "LineString", "coordinates": [ [ 7.611845277777777, 51.97951611111111 ], [ 7.612074166666666, 51.976882777777782 ] ] } },
{ "type": "Feature", "properties": { "betriebstag": "2026-01-22", "frt_fid": "49094", "edge_idx": 12, "cum_start_m": 4146.9336982512405, "cum_end_m": 4452.3266945865635 }, "geometry": { "type": "LineString", "coordinates": [ [ 7.612074166666666, 51.976882777777782 ], [ 7.613080833333333, 51.974208611111116 ] ] } },
{ "type": "Feature", "properties": { "betriebstag": "2026-01-22", "frt_fid": "49094", "edge_idx": 13, "cum_start_m": 4452.3266945865635, "cum_end_m": 4916.8518467481554 }, "geometry": { "type": "LineString", "coordinates": [ [ 7.613080833333333, 51.974208611111116 ], [ 7.619821666666667, 51.974538055555556 ] ] } },
{ "type": "Feature", "properties": { "betriebstag": "2026-01-22", "frt_fid": "49094", "edge_idx": 14, "cum_start_m": 4916.8518467481554, "cum_end_m": 5163.5275357607197 }, "geometry": { "type": "LineString", "coordinates": [ [ 7.619821666666667, 51.974538055555556 ], [ 7.6233275, 51.974058611111111 ] ] } },
{ "type": "Feature", "properties": { "betriebstag": "2026-01-22", "frt_fid": "49094", "edge_idx": 15, "cum_start_m": 5163.5275357607197, "cum_end_m": 5398.6287585085056 }, "geometry": { "type": "LineString", "coordinates": [ [ 7.6233275, 51.974058611111111 ], [ 7.622440833333334, 51.972017222222227 ] ] } },
{ "type": "Feature", "properties": { "betriebstag": "2026-01-22", "frt_fid": "49094", "edge_idx": 16, "cum_start_m": 5398.6287585085056, "cum_end_m": 5591.8315667054976 }, "geometry": { "type": "LineString", "coordinates": [ [ 7.622440833333334, 51.972017222222227 ], [ 7.622116111111112, 51.970291944444448 ] ] } },
{ "type": "Feature", "properties": { "betriebstag": "2026-01-22", "frt_fid": "49094", "edge_idx": 17, "cum_start_m": 5591.8315667054976, "cum_end_m": 5900.3984632161601 }, "geometry": { "type": "LineString", "coordinates": [ [ 7.622116111111112, 51.970291944444448 ], [ 7.623097777777779, 51.967585 ] ] } },
{ "type": "Feature", "properties": { "betriebstag": "2026-01-22", "frt_fid": "49094", "edge_idx": 18, "cum_start_m": 5900.3984632161601, "cum_end_m": 6273.2500209723021 }, "geometry": { "type": "LineString", "coordinates": [ [ 7.623097777777779, 51.967585 ], [ 7.626976111111111, 51.96524055555556 ] ] } },
{ "type": "Feature", "properties": { "betriebstag": "2026-01-22", "frt_fid": "49094", "edge_idx": 19, "cum_start_m": 6273.2500209723021, "cum_end_m": 6574.2691961920973 }, "geometry": { "type": "LineString", "coordinates": [ [ 7.626976111111111, 51.96524055555556 ], [ 7.630732222222223, 51.963847777777779 ] ] } },
{ "type": "Feature", "properties": { "betriebstag": "2026-01-22", "frt_fid": "49094", "edge_idx": 20, "cum_start_m": 6574.2691961920973, "cum_end_m": 7014.8486351403217 }, "geometry": { "type": "LineString", "coordinates": [ [ 7.630732222222223, 51.963847777777779 ], [ 7.635060833333333, 51.960925833333334 ] ] } },
{ "type": "Feature", "properties": { "betriebstag": "2026-01-22", "frt_fid": "49094", "edge_idx": 21, "cum_start_m": 7014.8486351403217, "cum_end_m": 7426.5254121041244 }, "geometry": { "type": "LineString", "coordinates": [ [ 7.635060833333333, 51.960925833333334 ], [ 7.634171666666666, 51.957265833333338 ] ] } },
{ "type": "Feature", "properties": { "betriebstag": "2026-01-22", "frt_fid": "49094", "edge_idx": 22, "cum_start_m": 7426.5254121041244, "cum_end_m": 7950.3431831831149 }, "geometry": { "type": "LineString", "coordinates": [ [ 7.634171666666666, 51.957265833333338 ], [ 7.626748055555556, 51.956198333333333 ] ] } },
{ "type": "Feature", "properties": { "betriebstag": "2026-01-22", "frt_fid": "49094", "edge_idx": 23, "cum_start_m": 7950.3431831831149, "cum_end_m": 8342.0366972905358 }, "geometry": { "type": "LineString", "coordinates": [ [ 7.626748055555556, 51.956198333333333 ], [ 7.621243611111112, 51.955285277777783 ] ] } },
{ "type": "Feature", "properties": { "betriebstag": "2026-01-22", "frt_fid": "49094", "edge_idx": 24, "cum_start_m": 8342.0366972905358, "cum_end_m": 8767.0286066528079 }, "geometry": { "type": "LineString", "coordinates": [ [ 7.621243611111112, 51.955285277777783 ], [ 7.618360555555556, 51.951905277777783 ] ] } },
{ "type": "Feature", "properties": { "betriebstag": "2026-01-22", "frt_fid": "49094", "edge_idx": 25, "cum_start_m": 8767.0286066528079, "cum_end_m": 9095.2637837406583 }, "geometry": { "type": "LineString", "coordinates": [ [ 7.618360555555556, 51.951905277777783 ], [ 7.616151388888889, 51.949289166666667 ] ] } },
{ "type": "Feature", "properties": { "betriebstag": "2026-01-22", "frt_fid": "49094", "edge_idx": 26, "cum_start_m": 9095.2637837406583, "cum_end_m": 9727.8555085226053 }, "geometry": { "type": "LineString", "coordinates": [ [ 7.616151388888889, 51.949289166666667 ], [ 7.612045833333333, 51.944199444444443 ] ] } },
{ "type": "Feature", "properties": { "betriebstag": "2026-01-22", "frt_fid": "49094", "edge_idx": 27, "cum_start_m": 9727.8555085226053, "cum_end_m": 10211.243590625469 }, "geometry": { "type": "LineString", "coordinates": [ [ 7.612045833333333, 51.944199444444443 ], [ 7.608778611111111, 51.940351388888885 ] ] } },
{ "type": "Feature", "properties": { "betriebstag": "2026-01-22", "frt_fid": "49094", "edge_idx": 28, "cum_start_m": 10211.243590625469, "cum_end_m": 10531.784382585989 }, "geometry": { "type": "LineString", "coordinates": [ [ 7.608778611111111, 51.940351388888885 ], [ 7.605851666666666, 51.938108333333332 ] ] } },
{ "type": "Feature", "properties": { "betriebstag": "2026-01-22", "frt_fid": "49094", "edge_idx": 29, "cum_start_m": 10531.784382585989, "cum_end_m": 10826.220830002298 }, "geometry": { "type": "LineString", "coordinates": [ [ 7.605851666666666, 51.938108333333332 ], [ 7.602868611111111, 51.936209166666664 ] ] } },
{ "type": "Feature", "properties": { "betriebstag": "2026-01-22", "frt_fid": "49094", "edge_idx": 30, "cum_start_m": 10826.220830002298, "cum_end_m": 11107.547957517067 }, "geometry": { "type": "LineString", "coordinates": [ [ 7.602868611111111, 51.936209166666664 ], [ 7.599746944444444, 51.934574166666664 ] ] } },
{ "type": "Feature", "properties": { "betriebstag": "2026-01-22", "frt_fid": "49094", "edge_idx": 31, "cum_start_m": 11107.547957517067, "cum_end_m": 11603.237017736159 }, "geometry": { "type": "LineString", "coordinates": [ [ 7.599746944444444, 51.934574166666664 ], [ 7.594443055555555, 51.931556111111107 ] ] } },
{ "type": "Feature", "properties": { "betriebstag": "2026-01-22", "frt_fid": "49094", "edge_idx": 32, "cum_start_m": 11603.237017736159, "cum_end_m": 11843.388957195351 }, "geometry": { "type": "LineString", "coordinates": [ [ 7.594443055555555, 51.931556111111107 ], [ 7.591849444444444, 51.930110277777779 ] ] } },
{ "type": "Feature", "properties": { "betriebstag": "2026-01-22", "frt_fid": "49094", "edge_idx": 33, "cum_start_m": 11843.388957195351, "cum_end_m": 12191.84927886982 }, "geometry": { "type": "LineString", "coordinates": [ [ 7.591849444444444, 51.930110277777779 ], [ 7.587873611111111, 51.928168055555552 ] ] } },
{ "type": "Feature", "properties": { "betriebstag": "2026-01-22", "frt_fid": "49094", "edge_idx": 34, "cum_start_m": 12191.84927886982, "cum_end_m": 12571.841950427828 }, "geometry": { "type": "LineString", "coordinates": [ [ 7.587873611111111, 51.928168055555552 ], [ 7.582982777777778, 51.926578333333332 ] ] } },
{ "type": "Feature", "properties": { "betriebstag": "2026-01-22", "frt_fid": "49094", "edge_idx": 35, "cum_start_m": 12571.841950427828, "cum_end_m": 12900.072642387888 }, "geometry": { "type": "LineString", "coordinates": [ [ 7.582982777777778, 51.926578333333332 ], [ 7.578722777777777, 51.925247777777777 ] ] } },
{ "type": "Feature", "properties": { "betriebstag": "2026-01-22", "frt_fid": "49094", "edge_idx": 36, "cum_start_m": 12900.072642387888, "cum_end_m": 13276.012459881504 }, "geometry": { "type": "LineString", "coordinates": [ [ 7.578722777777777, 51.925247777777777 ], [ 7.573266111111111, 51.925046388888887 ] ] } },
{ "type": "Feature", "properties": { "betriebstag": "2026-01-22", "frt_fid": "49094", "edge_idx": 37, "cum_start_m": 13276.012459881504, "cum_end_m": 14100.758832079808 }, "geometry": { "type": "LineString", "coordinates": [ [ 7.573266111111111, 51.925046388888887 ], [ 7.561284166666667, 51.925354166666665 ] ] } },
{ "type": "Feature", "properties": { "betriebstag": "2026-01-22", "frt_fid": "49094", "edge_idx": 38, "cum_start_m": 14100.758832079808, "cum_end_m": 14790.067665141069 }, "geometry": { "type": "LineString", "coordinates": [ [ 7.561284166666667, 51.925354166666665 ], [ 7.551272222222222, 51.925064166666665 ] ] } },
{ "type": "Feature", "properties": { "betriebstag": "2026-01-22", "frt_fid": "49094", "edge_idx": 39, "cum_start_m": 14790.067665141069, "cum_end_m": 15971.447205531978 }, "geometry": { "type": "LineString", "coordinates": [ [ 7.551272222222222, 51.925064166666665 ], [ 7.534105277777778, 51.924687777777777 ] ] } },
{ "type": "Feature", "properties": { "betriebstag": "2026-01-22", "frt_fid": "49094", "edge_idx": 40, "cum_start_m": 15971.447205531978, "cum_end_m": 16426.700717325602 }, "geometry": { "type": "LineString", "coordinates": [ [ 7.534105277777778, 51.924687777777777 ], [ 7.527485833333333, 51.924708611111107 ] ] } },
{ "type": "Feature", "properties": { "betriebstag": "2026-01-22", "frt_fid": "49094", "edge_idx": 41, "cum_start_m": 16426.700717325602, "cum_end_m": 16680.91432050231 }, "geometry": { "type": "LineString", "coordinates": [ [ 7.527485833333333, 51.924708611111107 ], [ 7.523809166666666, 51.924944166666663 ] ] } },
{ "type": "Feature", "properties": { "betriebstag": "2026-01-22", "frt_fid": "49094", "edge_idx": 42, "cum_start_m": 16680.91432050231, "cum_end_m": 17003.434758414649 }, "geometry": { "type": "LineString", "coordinates": [ [ 7.523809166666666, 51.924944166666663 ], [ 7.519123611111111, 51.925064166666665 ] ] } },
{ "type": "Feature", "properties": { "betriebstag": "2026-01-22", "frt_fid": "49094", "edge_idx": 43, "cum_start_m": 17003.434758414649, "cum_end_m": 17272.753674940966 }, "geometry": { "type": "LineString", "coordinates": [ [ 7.519123611111111, 51.925064166666665 ], [ 7.522211944444444, 51.923575555555551 ] ] } },
{ "type": "Feature", "properties": { "betriebstag": "2026-01-22", "frt_fid": "49094", "edge_idx": 44, "cum_start_m": 17272.753674940966, "cum_end_m": 17585.094865628053 }, "geometry": { "type": "LineString", "coordinates": [ [ 7.522211944444444, 51.923575555555551 ], [ 7.526630833333333, 51.922927777777772 ] ] } },
{ "type": "Feature", "properties": { "betriebstag": "2026-01-22", "frt_fid": "49094", "edge_idx": 45, "cum_start_m": 17585.094865628053, "cum_end_m": 17912.539339693223 }, "geometry": { "type": "LineString", "coordinates": [ [ 7.526630833333333, 51.922927777777772 ], [ 7.527240833333333, 51.920008333333328 ] ] } },
{ "type": "Feature", "properties": { "betriebstag": "2026-01-22", "frt_fid": "49094", "edge_idx": 46, "cum_start_m": 17912.539339693223, "cum_end_m": 18164.880429445235 }, "geometry": { "type": "LineString", "coordinates": [ [ 7.527240833333333, 51.920008333333328 ], [ 7.528196111111111, 51.91781805555555 ] ] } },
{ "type": "Feature", "properties": { "betriebstag": "2026-01-22", "frt_fid": "49094", "edge_idx": 47, "cum_start_m": 18164.880429445235, "cum_end_m": 18399.365935811704 }, "geometry": { "type": "LineString", "coordinates": [ [ 7.528196111111111, 51.91781805555555 ], [ 7.525296388888889, 51.916709722222222 ] ] } },
{ "type": "Feature", "properties": { "betriebstag": "2026-01-22", "frt_fid": "49094", "edge_idx": 48, "cum_start_m": 18399.365935811704, "cum_end_m": 18672.120609331803 }, "geometry": { "type": "LineString", "coordinates": [ [ 7.525296388888889, 51.916709722222222 ], [ 7.527406944444444, 51.914633888888886 ] ] } },
{ "type": "Feature", "properties": { "betriebstag": "2026-01-22", "frt_fid": "49096", "edge_idx": 0, "cum_start_m": 0.0, "cum_end_m": 252.81103068142528 }, "geometry": { "type": "LineString", "coordinates": [ [ 7.527406944444444, 51.914633888888886 ], [ 7.525148611111111, 51.916426944444446 ] ] } },
{ "type": "Feature", "properties": { "betriebstag": "2026-01-22", "frt_fid": "49096", "edge_idx": 1, "cum_start_m": 252.81103068142528, "cum_end_m": 512.9345907511447 }, "geometry": { "type": "LineString", "coordinates": [ [ 7.525148611111111, 51.916426944444446 ], [ 7.5283925, 51.917628888888885 ] ] } },
{ "type": "Feature", "properties": { "betriebstag": "2026-01-22", "frt_fid": "49096", "edge_idx": 2, "cum_start_m": 512.9345907511447, "cum_end_m": 853.93326983610382 }, "geometry": { "type": "LineString", "coordinates": [ [ 7.5283925, 51.917628888888885 ], [ 7.5272425, 51.920610833333328 ] ] } },
{ "type": "Feature", "properties": { "betriebstag": "2026-01-22", "frt_fid": "49096", "edge_idx": 3, "cum_start_m": 853.93326983610382, "cum_end_m": 1134.347999177452 }, "geometry": { "type": "LineString", "coordinates": [ [ 7.5272425, 51.920610833333328 ], [ 7.526746944444445, 51.923113055555554 ] ] } },
{ "type": "Feature", "properties": { "betriebstag": "2026-01-22", "frt_fid": "49096", "edge_idx": 4, "cum_start_m": 1134.347999177452, "cum_end_m": 1456.2495256673139 }, "geometry": { "type": "LineString", "coordinates": [ [ 7.526746944444445, 51.923113055555554 ], [ 7.522214166666666, 51.923834166666666 ] ] } },
{ "type": "Feature", "properties": { "betriebstag": "2026-01-22", "frt_fid": "49096", "edge_idx": 5, "cum_start_m": 1456.2495256673139, "cum_end_m": 1667.7506820018784 }, "geometry": { "type": "LineString", "coordinates": [ [ 7.522214166666666, 51.923834166666666 ], [ 7.519796388888889, 51.925009166666662 ] ] } },
{ "type": "Feature", "properties": { "betriebstag": "2026-01-22", "frt_fid": "49096", "edge_idx": 6, "cum_start_m": 1667.7506820018784, "cum_end_m": 1927.6472379841873 }, "geometry": { "type": "LineString", "coordinates": [ [ 7.519796388888889, 51.925009166666662 ], [ 7.523565, 51.924836111111105 ] ] } },
{ "type": "Feature", "properties": { "betriebstag": "2026-01-22", "frt_fid": "49096", "edge_idx": 7, "cum_start_m": 1927.6472379841873, "cum_end_m": 2231.3907711767947 }, "geometry": { "type": "LineString", "coordinates": [ [ 7.523565, 51.924836111111105 ], [ 7.527928611111111, 51.924414722222217 ] ] } },
{ "type": "Feature", "properties": { "betriebstag": "2026-01-22", "frt_fid": "49096", "edge_idx": 8, "cum_start_m": 2231.3907711767947, "cum_end_m": 2697.9655963077685 }, "geometry": { "type": "LineString", "coordinates": [ [ 7.527928611111111, 51.924414722222217 ], [ 7.534711111111111, 51.924506111111107 ] ] } },
{ "type": "Feature", "properties": { "betriebstag": "2026-01-22", "frt_fid": "49096", "edge_idx": 9, "cum_start_m": 2697.9655963077685, "cum_end_m": 3893.0446921821531 }, "geometry": { "type": "LineString", "coordinates": [ [ 7.534711111111111, 51.924506111111107 ], [ 7.552072777777777, 51.924955555555556 ] ] } },
{ "type": "Feature", "properties": { "betriebstag": "2026-01-22", "frt_fid": "49096", "edge_idx": 10, "cum_start_m": 3893.0446921821531, "cum_end_m": 4627.6557294966078 }, "geometry": { "type": "LineString", "coordinates": [ [ 7.552072777777777, 51.924955555555556 ], [ 7.562747222222222, 51.9251975 ] ] } },
{ "type": "Feature", "properties": { "betriebstag": "2026-01-22", "frt_fid": "49096", "edge_idx": 11, "cum_start_m": 4627.6557294966078, "cum_end_m": 5380.8593173343543 }, "geometry": { "type": "LineString", "coordinates": [ [ 7.562747222222222, 51.9251975 ], [ 7.573689166666666, 51.924907777777776 ] ] } },
{ "type": "Feature", "properties": { "betriebstag": "2026-01-22", "frt_fid": "49096", "edge_idx": 12, "cum_start_m": 5380.8593173343543, "cum_end_m": 5815.2495216643429 }, "geometry": { "type": "LineString", "coordinates": [ [ 7.573689166666666, 51.924907777777776 ], [ 7.579957777777778, 51.925386666666661 ] ] } },
{ "type": "Feature", "properties": { "betriebstag": "2026-01-22", "frt_fid": "49096", "edge_idx": 13, "cum_start_m": 5815.2495216643429, "cum_end_m": 6079.3752657665036 }, "geometry": { "type": "LineString", "coordinates": [ [ 7.579957777777778, 51.925386666666661 ], [ 7.583341666666667, 51.926509722222221 ] ] } },
{ "type": "Feature", "properties": { "betriebstag": "2026-01-22", "frt_fid": "49096", "edge_idx": 14, "cum_start_m": 6079.3752657665036, "cum_end_m": 6450.9601449603824 }, "geometry": { "type": "LineString", "coordinates": [ [ 7.583341666666667, 51.926509722222221 ], [ 7.588090277777778, 51.928103611111112 ] ] } },
{ "type": "Feature", "properties": { "betriebstag": "2026-01-22", "frt_fid": "49096", "edge_idx": 15, "cum_start_m": 6450.9601449603824, "cum_end_m": 6878.7736095791061 }, "geometry": { "type": "LineString", "coordinates": [ [ 7.588090277777778, 51.928103611111112 ], [ 7.592937222222222, 51.93051472222222 ] ] } },
{ "type": "Feature", "properties": { "betriebstag": "2026-01-22", "frt_fid": "49096", "edge_idx": 16, "cum_start_m": 6878.7736095791061, "cum_end_m": 7100.6558450639195 }, "geometry": { "type": "LineString", "coordinates": [ [ 7.592937222222222, 51.93051472222222 ], [ 7.595317222222222, 51.931861666666663 ] ] } },
{ "type": "Feature", "properties": { "betriebstag": "2026-01-22", "frt_fid": "49096", "edge_idx": 17, "cum_start_m": 7100.6558450639195, "cum_end_m": 7547.7746374858225 }, "geometry": { "type": "LineString", "coordinates": [ [ 7.595317222222222, 51.931861666666663 ], [ 7.600118888888889, 51.934572222222222 ] ] } },
{ "type": "Feature", "properties": { "betriebstag": "2026-01-22", "frt_fid": "49096", "edge_idx": 18, "cum_start_m": 7547.7746374858225, "cum_end_m": 7851.0986481443106 }, "geometry": { "type": "LineString", "coordinates": [ [ 7.600118888888889, 51.934572222222222 ], [ 7.603557777777778, 51.936280277777776 ] ] } },
{ "type": "Feature", "properties": { "betriebstag": "2026-01-22", "frt_fid": "49096", "edge_idx": 19, "cum_start_m": 7851.0986481443106, "cum_end_m": 8139.4908914998105 }, "geometry": { "type": "LineString", "coordinates": [ [ 7.603557777777778, 51.936280277777776 ], [ 7.606431944444444, 51.938168611111109 ] ] } },
{ "type": "Feature", "properties": { "betriebstag": "2026-01-22", "frt_fid": "49096", "edge_idx": 20, "cum_start_m": 8139.4908914998105, "cum_end_m": 8439.6655347032174 }, "geometry": { "type": "LineString", "coordinates": [ [ 7.606431944444444, 51.938168611111109 ], [ 7.609121388888888, 51.94029444444444 ] ] } },
{ "type": "Feature", "properties": { "betriebstag": "2026-01-22", "frt_fid": "49096", "edge_idx": 21, "cum_start_m": 8439.6655347032174, "cum_end_m": 8932.9279763290979 }, "geometry": { "type": "LineString", "coordinates": [ [ 7.609121388888888, 51.94029444444444 ], [ 7.612395555555556, 51.944240277777773 ] ] } },
{ "type": "Feature", "properties": { "betriebstag": "2026-01-22", "frt_fid": "49096", "edge_idx": 22, "cum_start_m": 8932.9279763290979, "cum_end_m": 9593.9734084663633 }, "geometry": { "type": "LineString", "coordinates": [ [ 7.612395555555556, 51.944240277777773 ], [ 7.616818611111111, 51.949517222222219 ] ] } },
{ "type": "Feature", "properties": { "betriebstag": "2026-01-22", "frt_fid": "49096", "edge_idx": 23, "cum_start_m": 9593.9734084663633, "cum_end_m": 9941.2500869354153 }, "geometry": { "type": "LineString", "coordinates": [ [ 7.616818611111111, 51.949517222222219 ], [ 7.619033333333334, 51.952323333333339 ] ] } },
{ "type": "Feature", "properties": { "betriebstag": "2026-01-22", "frt_fid": "49096", "edge_idx": 24, "cum_start_m": 9941.2500869354153, "cum_end_m": 10311.455762363797 }, "geometry": { "type": "LineString", "coordinates": [ [ 7.619033333333334, 51.952323333333339 ], [ 7.621679444444445, 51.955222222222226 ] ] } },
{ "type": "Feature", "properties": { "betriebstag": "2026-01-22", "frt_fid": "49096", "edge_idx": 25, "cum_start_m": 10311.455762363797, "cum_end_m": 10769.242518443578 }, "geometry": { "type": "LineString", "coordinates": [ [ 7.621679444444445, 51.955222222222226 ], [ 7.628273611111112, 51.955803888888894 ] ] } },
{ "type": "Feature", "properties": { "betriebstag": "2026-01-22", "frt_fid": "49096", "edge_idx": 26, "cum_start_m": 10769.242518443578, "cum_end_m": 11235.756337761621 }, "geometry": { "type": "LineString", "coordinates": [ [ 7.628273611111112, 51.955803888888894 ], [ 7.634583333333333, 51.957350555555557 ] ] } },
{ "type": "Feature", "properties": { "betriebstag": "2026-01-22", "frt_fid": "49096", "edge_idx": 27, "cum_start_m": 11235.756337761621, "cum_end_m": 11728.337723597298 }, "geometry": { "type": "LineString", "coordinates": [ [ 7.634583333333333, 51.957350555555557 ], [ 7.635514166666666, 51.961741388888889 ] ] } },
{ "type": "Feature", "properties": { "betriebstag": "2026-01-22", "frt_fid": "49096", "edge_idx": 28, "cum_start_m": 11728.337723597298, "cum_end_m": 12174.065073310801 }, "geometry": { "type": "LineString", "coordinates": [ [ 7.635514166666666, 51.961741388888889 ], [ 7.630303611111112, 51.964128055555555 ] ] } },
{ "type": "Feature", "properties": { "betriebstag": "2026-01-22", "frt_fid": "49096", "edge_idx": 29, "cum_start_m": 12174.065073310801, "cum_end_m": 12439.678286307873 }, "geometry": { "type": "LineString", "coordinates": [ [ 7.630303611111112, 51.964128055555555 ], [ 7.626990833333334, 51.965358611111114 ] ] } },
{ "type": "Feature", "properties": { "betriebstag": "2026-01-22", "frt_fid": "49096", "edge_idx": 30, "cum_start_m": 12439.678286307873, "cum_end_m": 12779.107562132333 }, "geometry": { "type": "LineString", "coordinates": [ [ 7.626990833333334, 51.965358611111114 ], [ 7.6232925, 51.967381666666668 ] ] } },
{ "type": "Feature", "properties": { "betriebstag": "2026-01-22", "frt_fid": "49096", "edge_idx": 31, "cum_start_m": 12779.107562132333, "cum_end_m": 13072.281679112135 }, "geometry": { "type": "LineString", "coordinates": [ [ 7.6232925, 51.967381666666668 ], [ 7.622248611111112, 51.969937222222221 ] ] } },
{ "type": "Feature", "properties": { "betriebstag": "2026-01-22", "frt_fid": "49096", "edge_idx": 32, "cum_start_m": 13072.281679112135, "cum_end_m": 13376.287885595981 }, "geometry": { "type": "LineString", "coordinates": [ [ 7.622248611111112, 51.969937222222221 ], [ 7.623106944444445, 51.972618333333337 ] ] } },
{ "type": "Feature", "properties": { "betriebstag": "2026-01-22", "frt_fid": "49096", "edge_idx": 33, "cum_start_m": 13376.287885595981, "cum_end_m": 13621.86530573016 }, "geometry": { "type": "LineString", "coordinates": [ [ 7.623106944444445, 51.972618333333337 ], [ 7.622308333333334, 51.974770277777779 ] ] } },
{ "type": "Feature", "properties": { "betriebstag": "2026-01-22", "frt_fid": "49096", "edge_idx": 34, "cum_start_m": 13621.86530573016, "cum_end_m": 13991.900775013413 }, "geometry": { "type": "LineString", "coordinates": [ [ 7.622308333333334, 51.974770277777779 ], [ 7.616933333333334, 51.97455305555556 ] ] } },
{ "type": "Feature", "properties": { "betriebstag": "2026-01-22", "frt_fid": "49096", "edge_idx": 35, "cum_start_m": 13991.900775013413, "cum_end_m": 14299.481537855607 }, "geometry": { "type": "LineString", "coordinates": [ [ 7.616933333333334, 51.97455305555556 ], [ 7.612489722222222, 51.974891944444444 ] ] } },
{ "type": "Feature", "properties": { "betriebstag": "2026-01-22", "frt_fid": "49096", "edge_idx": 36, "cum_start_m": 14299.481537855607, "cum_end_m": 14547.995251270841 }, "geometry": { "type": "LineString", "coordinates": [ [ 7.612489722222222, 51.974891944444444 ], [ 7.61234, 51.97712416666667 ] ] } },
{ "type": "Feature", "properties": { "betriebstag": "2026-01-22", "frt_fid": "49096", "edge_idx": 37, "cum_start_m": 14547.995251270841, "cum_end_m": 14812.721890984751 }, "geometry": { "type": "LineString", "coordinates": [ [ 7.61234, 51.97712416666667 ], [ 7.612148333333333, 51.979501111111112 ] ] } },
{ "type": "Feature", "properties": { "betriebstag": "2026-01-22", "frt_fid": "49096", "edge_idx": 38, "cum_start_m": 14812.721890984751, "cum_end_m": 15175.019392042703 }, "geometry": { "type": "LineString", "coordinates": [ [ 7.612148333333333, 51.979501111111112 ], [ 7.611887222222222, 51.982754166666666 ] ] } },
{ "type": "Feature", "properties": { "betriebstag": "2026-01-22", "frt_fid": "49096", "edge_idx": 39, "cum_start_m": 15175.019392042703, "cum_end_m": 15746.086391357845 }, "geometry": { "type": "LineString", "coordinates": [ [ 7.611887222222222, 51.982754166666666 ], [ 7.611500833333333, 51.9878825 ] ] } },
{ "type": "Feature", "properties": { "betriebstag": "2026-01-22", "frt_fid": "49096", "edge_idx": 40, "cum_start_m": 15746.086391357845, "cum_end_m": 16424.249853010529 }, "geometry": { "type": "LineString", "coordinates": [ [ 7.611500833333333, 51.9878825 ], [ 7.612586388888889, 51.993942222222223 ] ] } },
{ "type": "Feature", "properties": { "betriebstag": "2026-01-22", "frt_fid": "49096", "edge_idx": 41, "cum_start_m": 16424.249853010529, "cum_end_m": 16612.39069739858 }, "geometry": { "type": "LineString", "coordinates": [ [ 7.612586388888889, 51.993942222222223 ], [ 7.612988611111111, 51.99561527777778 ] ] } },
{ "type": "Feature", "properties": { "betriebstag": "2026-01-22", "frt_fid": "49096", "edge_idx": 42, "cum_start_m": 16612.39069739858, "cum_end_m": 16879.757597902117 }, "geometry": { "type": "LineString", "coordinates": [ [ 7.612988611111111, 51.99561527777778 ], [ 7.612205, 51.997969722222223 ] ] } },
{ "type": "Feature", "properties": { "betriebstag": "2026-01-22", "frt_fid": "49096", "edge_idx": 43, "cum_start_m": 16879.757597902117, "cum_end_m": 17152.389695180093 }, "geometry": { "type": "LineString", "coordinates": [ [ 7.612205, 51.997969722222223 ], [ 7.6082875, 51.99757 ] ] } },
{ "type": "Feature", "properties": { "betriebstag": "2026-01-22", "frt_fid": "49096", "edge_idx": 44, "cum_start_m": 17152.389695180093, "cum_end_m": 17436.186918475396 }, "geometry": { "type": "LineString", "coordinates": [ [ 7.6082875, 51.99757 ], [ 7.604203611111111, 51.997176944444448 ] ] } },
{ "type": "Feature", "properties": { "betriebstag": "2026-01-22", "frt_fid": "49096", "edge_idx": 45, "cum_start_m": 17436.186918475396, "cum_end_m": 17842.140415629561 }, "geometry": { "type": "LineString", "coordinates": [ [ 7.604203611111111, 51.997176944444448 ], [ 7.598429166666667, 51.997960555555558 ] ] } },
{ "type": "Feature", "properties": { "betriebstag": "2026-01-22", "frt_fid": "49096", "edge_idx": 46, "cum_start_m": 17842.140415629561, "cum_end_m": 18196.691592968011 }, "geometry": { "type": "LineString", "coordinates": [ [ 7.598429166666667, 51.997960555555558 ], [ 7.595289444444444, 52.00049111111111 ] ] } },
{ "type": "Feature", "properties": { "betriebstag": "2026-01-22", "frt_fid": "49096", "edge_idx": 47, "cum_start_m": 18196.691592968011, "cum_end_m": 18406.394435662372 }, "geometry": { "type": "LineString", "coordinates": [ [ 7.595289444444444, 52.00049111111111 ], [ 7.592288888888889, 52.000843333333336 ] ] } },
{ "type": "Feature", "properties": { "betriebstag": "2026-01-22", "frt_fid": "49096", "edge_idx": 48, "cum_start_m": 18406.394435662372, "cum_end_m": 18668.492547611426 }, "geometry": { "type": "LineString", "coordinates": [ [ 7.592288888888889, 52.000843333333336 ], [ 7.590370833333333, 51.998806111111115 ] ] } },
{ "type": "Feature", "properties": { "betriebstag": "2026-01-22", "frt_fid": "49100", "edge_idx": 0, "cum_start_m": 0.0, "cum_end_m": 252.81103068142528 }, "geometry": { "type": "LineString", "coordinates": [ [ 7.527406944444444, 51.914633888888886 ], [ 7.525148611111111, 51.916426944444446 ] ] } },
{ "type": "Feature", "properties": { "betriebstag": "2026-01-22", "frt_fid": "49100", "edge_idx": 1, "cum_start_m": 252.81103068142528, "cum_end_m": 512.9345907511447 }, "geometry": { "type": "LineString", "coordinates": [ [ 7.525148611111111, 51.916426944444446 ], [ 7.5283925, 51.917628888888885 ] ] } },
{ "type": "Feature", "properties": { "betriebstag": "2026-01-22", "frt_fid": "49100", "edge_idx": 2, "cum_start_m": 512.9345907511447, "cum_end_m": 853.93326983610382 }, "geometry": { "type": "LineString", "coordinates": [ [ 7.5283925, 51.917628888888885 ], [ 7.5272425, 51.920610833333328 ] ] } },
{ "type": "Feature", "properties": { "betriebstag": "2026-01-22", "frt_fid": "49100", "edge_idx": 3, "cum_start_m": 853.93326983610382, "cum_end_m": 1134.347999177452 }, "geometry": { "type": "LineString", "coordinates": [ [ 7.5272425, 51.920610833333328 ], [ 7.526746944444445, 51.923113055555554 ] ] } },
{ "type": "Feature", "properties": { "betriebstag": "2026-01-22", "frt_fid": "49100", "edge_idx": 4, "cum_start_m": 1134.347999177452, "cum_end_m": 1456.2495256673139 }, "geometry": { "type": "LineString", "coordinates": [ [ 7.526746944444445, 51.923113055555554 ], [ 7.522214166666666, 51.923834166666666 ] ] } },
{ "type": "Feature", "properties": { "betriebstag": "2026-01-22", "frt_fid": "49100", "edge_idx": 5, "cum_start_m": 1456.2495256673139, "cum_end_m": 1667.7506820018784 }, "geometry": { "type": "LineString", "coordinates": [ [ 7.522214166666666, 51.923834166666666 ], [ 7.519796388888889, 51.925009166666662 ] ] } },
{ "type": "Feature", "properties": { "betriebstag": "2026-01-22", "frt_fid": "49100", "edge_idx": 6, "cum_start_m": 1667.7506820018784, "cum_end_m": 1927.6472379841873 }, "geometry": { "type": "LineString", "coordinates": [ [ 7.519796388888889, 51.925009166666662 ], [ 7.523565, 51.924836111111105 ] ] } },
{ "type": "Feature", "properties": { "betriebstag": "2026-01-22", "frt_fid": "49100", "edge_idx": 7, "cum_start_m": 1927.6472379841873, "cum_end_m": 2231.3907711767947 }, "geometry": { "type": "LineString", "coordinates": [ [ 7.523565, 51.924836111111105 ], [ 7.527928611111111, 51.924414722222217 ] ] } },
{ "type": "Feature", "properties": { "betriebstag": "2026-01-22", "frt_fid": "49100", "edge_idx": 8, "cum_start_m": 2231.3907711767947, "cum_end_m": 2697.9655963077685 }, "geometry": { "type": "LineString", "coordinates": [ [ 7.527928611111111, 51.924414722222217 ], [ 7.534711111111111, 51.924506111111107 ] ] } },
{ "type": "Feature", "properties": { "betriebstag": "2026-01-22", "frt_fid": "49100", "edge_idx": 9, "cum_start_m": 2697.9655963077685, "cum_end_m": 3893.0446921821531 }, "geometry": { "type": "LineString", "coordinates": [ [ 7.534711111111111, 51.924506111111107 ], [ 7.552072777777777, 51.924955555555556 ] ] } },
{ "type": "Feature", "properties": { "betriebstag": "2026-01-22", "frt_fid": "49100", "edge_idx": 10, "cum_start_m": 3893.0446921821531, "cum_end_m": 4627.6557294966078 }, "geometry": { "type": "LineString", "coordinates": [ [ 7.552072777777777, 51.924955555555556 ], [ 7.562747222222222, 51.9251975 ] ] } },
{ "type": "Feature", "properties": { "betriebstag": "2026-01-22", "frt_fid": "49100", "edge_idx": 11, "cum_start_m": 4627.6557294966078, "cum_end_m": 5380.8593173343543 }, "geometry": { "type": "LineString", "coordinates": [ [ 7.562747222222222, 51.9251975 ], [ 7.573689166666666, 51.924907777777776 ] ] } },
{ "type": "Feature", "properties": { "betriebstag": "2026-01-22", "frt_fid": "49100", "edge_idx": 12, "cum_start_m": 5380.8593173343543, "cum_end_m": 5815.2495216643429 }, "geometry": { "type": "LineString", "coordinates": [ [ 7.573689166666666, 51.924907777777776 ], [ 7.579957777777778, 51.925386666666661 ] ] } },
{ "type": "Feature", "properties": { "betriebstag": "2026-01-22", "frt_fid": "49100", "edge_idx": 13, "cum_start_m": 5815.2495216643429, "cum_end_m": 6079.3752657665036 }, "geometry": { "type": "LineString", "coordinates": [ [ 7.579957777777778, 51.925386666666661 ], [ 7.583341666666667, 51.926509722222221 ] ] } },
{ "type": "Feature", "properties": { "betriebstag": "2026-01-22", "frt_fid": "49100", "edge_idx": 14, "cum_start_m": 6079.3752657665036, "cum_end_m": 6450.9601449603824 }, "geometry": { "type": "LineString", "coordinates": [ [ 7.583341666666667, 51.926509722222221 ], [ 7.588090277777778, 51.928103611111112 ] ] } },
{ "type": "Feature", "properties": { "betriebstag": "2026-01-22", "frt_fid": "49100", "edge_idx": 15, "cum_start_m": 6450.9601449603824, "cum_end_m": 6878.7736095791061 }, "geometry": { "type": "LineString", "coordinates": [ [ 7.588090277777778, 51.928103611111112 ], [ 7.592937222222222, 51.93051472222222 ] ] } },
{ "type": "Feature", "properties": { "betriebstag": "2026-01-22", "frt_fid": "49100", "edge_idx": 16, "cum_start_m": 6878.7736095791061, "cum_end_m": 7100.6558450639195 }, "geometry": { "type": "LineString", "coordinates": [ [ 7.592937222222222, 51.93051472222222 ], [ 7.595317222222222, 51.931861666666663 ] ] } },
{ "type": "Feature", "properties": { "betriebstag": "2026-01-22", "frt_fid": "49100", "edge_idx": 17, "cum_start_m": 7100.6558450639195, "cum_end_m": 7547.7746374858225 }, "geometry": { "type": "LineString", "coordinates": [ [ 7.595317222222222, 51.931861666666663 ], [ 7.600118888888889, 51.934572222222222 ] ] } },
{ "type": "Feature", "properties": { "betriebstag": "2026-01-22", "frt_fid": "49100", "edge_idx": 18, "cum_start_m": 7547.7746374858225, "cum_end_m": 7851.0986481443106 }, "geometry": { "type": "LineString", "coordinates": [ [ 7.600118888888889, 51.934572222222222 ], [ 7.603557777777778, 51.936280277777776 ] ] } },
{ "type": "Feature", "properties": { "betriebstag": "2026-01-22", "frt_fid": "49100", "edge_idx": 19, "cum_start_m": 7851.0986481443106, "cum_end_m": 8139.4908914998105 }, "geometry": { "type": "LineString", "coordinates": [ [ 7.603557777777778, 51.936280277777776 ], [ 7.606431944444444, 51.938168611111109 ] ] } },
{ "type": "Feature", "properties": { "betriebstag": "2026-01-22", "frt_fid": "49100", "edge_idx": 20, "cum_start_m": 8139.4908914998105, "cum_end_m": 8439.6655347032174 }, "geometry": { "type": "LineString", "coordinates": [ [ 7.606431944444444, 51.938168611111109 ], [ 7.609121388888888, 51.94029444444444 ] ] } },
{ "type": "Feature", "properties": { "betriebstag": "2026-01-22", "frt_fid": "49100", "edge_idx": 21, "cum_start_m": 8439.6655347032174, "cum_end_m": 8932.9279763290979 }, "geometry": { "type": "LineString", "coordinates": [ [ 7.609121388888888, 51.94029444444444 ], [ 7.612395555555556, 51.944240277777773 ] ] } },
{ "type": "Feature", "properties": { "betriebstag": "2026-01-22", "frt_fid": "49100", "edge_idx": 22, "cum_start_m": 8932.9279763290979, "cum_end_m": 9593.9734084663633 }, "geometry": { "type": "LineString", "coordinates": [ [ 7.612395555555556, 51.944240277777773 ], [ 7.616818611111111, 51.949517222222219 ] ] } },
{ "type": "Feature", "properties": { "betriebstag": "2026-01-22", "frt_fid": "49100", "edge_idx": 23, "cum_start_m": 9593.9734084663633, "cum_end_m": 9941.2500869354153 }, "geometry": { "type": "LineString", "coordinates": [ [ 7.616818611111111, 51.949517222222219 ], [ 7.619033333333334, 51.952323333333339 ] ] } },
{ "type": "Feature", "properties": { "betriebstag": "2026-01-22", "frt_fid": "49100", "edge_idx": 24, "cum_start_m": 9941.2500869354153, "cum_end_m": 10311.455762363797 }, "geometry": { "type": "LineString", "coordinates": [ [ 7.619033333333334, 51.952323333333339 ], [ 7.621679444444445, 51.955222222222226 ] ] } },
{ "type": "Feature", "properties": { "betriebstag": "2026-01-22", "frt_fid": "49100", "edge_idx": 25, "cum_start_m": 10311.455762363797, "cum_end_m": 10769.242518443578 }, "geometry": { "type": "LineString", "coordinates": [ [ 7.621679444444445, 51.955222222222226 ], [ 7.628273611111112, 51.955803888888894 ] ] } },
{ "type": "Feature", "properties": { "betriebstag": "2026-01-22", "frt_fid": "49100", "edge_idx": 26, "cum_start_m": 10769.242518443578, "cum_end_m": 11235.756337761621 }, "geometry": { "type": "LineString", "coordinates": [ [ 7.628273611111112, 51.955803888888894 ], [ 7.634583333333333, 51.957350555555557 ] ] } },
{ "type": "Feature", "properties": { "betriebstag": "2026-01-22", "frt_fid": "49100", "edge_idx": 27, "cum_start_m": 11235.756337761621, "cum_end_m": 11728.337723597298 }, "geometry": { "type": "LineString", "coordinates": [ [ 7.634583333333333, 51.957350555555557 ], [ 7.635514166666666, 51.961741388888889 ] ] } },
{ "type": "Feature", "properties": { "betriebstag": "2026-01-22", "frt_fid": "49100", "edge_idx": 28, "cum_start_m": 11728.337723597298, "cum_end_m": 12174.065073310801 }, "geometry": { "type": "LineString", "coordinates": [ [ 7.635514166666666, 51.961741388888889 ], [ 7.630303611111112, 51.964128055555555 ] ] } },
{ "type": "Feature", "properties": { "betriebstag": "2026-01-22", "frt_fid": "49100", "edge_idx": 29, "cum_start_m": 12174.065073310801, "cum_end_m": 12439.678286307873 }, "geometry": { "type": "LineString", "coordinates": [ [ 7.630303611111112, 51.964128055555555 ], [ 7.626990833333334, 51.965358611111114 ] ] } },
{ "type": "Feature", "properties": { "betriebstag": "2026-01-22", "frt_fid": "49100", "edge_idx": 30, "cum_start_m": 12439.678286307873, "cum_end_m": 12779.107562132333 }, "geometry": { "type": "LineString", "coordinates": [ [ 7.626990833333334, 51.965358611111114 ], [ 7.6232925, 51.967381666666668 ] ] } },
{ "type": "Feature", "properties": { "betriebstag": "2026-01-22", "frt_fid": "49100", "edge_idx": 31, "cum_start_m": 12779.107562132333, "cum_end_m": 13072.281679112135 }, "geometry": { "type": "LineString", "coordinates": [ [ 7.6232925, 51.967381666666668 ], [ 7.622248611111112, 51.969937222222221 ] ] } },
{ "type": "Feature", "properties": { "betriebstag": "2026-01-22", "frt_fid": "49100", "edge_idx": 32, "cum_start_m": 13072.281679112135, "cum_end_m": 13376.287885595981 }, "geometry": { "type": "LineString", "coordinates": [ [ 7.622248611111112, 51.969937222222221 ], [ 7.623106944444445, 51.972618333333337 ] ] } },
{ "type": "Feature", "properties": { "betriebstag": "2026-01-22", "frt_fid": "49100", "edge_idx": 33, "cum_start_m": 13376.287885595981, "cum_end_m": 13621.86530573016 }, "geometry": { "type": "LineString", "coordinates": [ [ 7.623106944444445, 51.972618333333337 ], [ 7.622308333333334, 51.974770277777779 ] ] } },
{ "type": "Feature", "properties": { "betriebstag": "2026-01-22", "frt_fid": "49100", "edge_idx": 34, "cum_start_m": 13621.86530573016, "cum_end_m": 13991.900775013413 }, "geometry": { "type": "LineString", "coordinates": [ [ 7.622308333333334, 51.974770277777779 ], [ 7.616933333333334, 51.97455305555556 ] ] } },
{ "type": "Feature", "properties": { "betriebstag": "2026-01-22", "frt_fid": "49100", "edge_idx": 35, "cum_start_m": 13991.900775013413, "cum_end_m": 14299.481537855607 }, "geometry": { "type": "LineString", "coordinates": [ [ 7.616933333333334, 51.97455305555556 ], [ 7.612489722222222, 51.974891944444444 ] ] } },
{ "type": "Feature", "properties": { "betriebstag": "2026-01-22", "frt_fid": "49100", "edge_idx": 36, "cum_start_m": 14299.481537855607, "cum_end_m": 14547.995251270841 }, "geometry": { "type": "LineString", "coordinates": [ [ 7.612489722222222, 51.974891944444444 ], [ 7.61234, 51.97712416666667 ] ] } },
{ "type": "Feature", "properties": { "betriebstag": "2026-01-22", "frt_fid": "49100", "edge_idx": 37, "cum_start_m": 14547.995251270841, "cum_end_m": 14812.721890984751 }, "geometry": { "type": "LineString", "coordinates": [ [ 7.61234, 51.97712416666667 ], [ 7.612148333333333, 51.979501111111112 ] ] } },
{ "type": "Feature", "properties": { "betriebstag": "2026-01-22", "frt_fid": "49100", "edge_idx": 38, "cum_start_m": 14812.721890984751, "cum_end_m": 15175.019392042703 }, "geometry": { "type": "LineString", "coordinates": [ [ 7.612148333333333, 51.979501111111112 ], [ 7.611887222222222, 51.982754166666666 ] ] } },
{ "type": "Feature", "properties": { "betriebstag": "2026-01-22", "frt_fid": "49100", "edge_idx": 39, "cum_start_m": 15175.019392042703, "cum_end_m": 15746.086391357845 }, "geometry": { "type": "LineString", "coordinates": [ [ 7.611887222222222, 51.982754166666666 ], [ 7.611500833333333, 51.9878825 ] ] } },
{ "type": "Feature", "properties": { "betriebstag": "2026-01-22", "frt_fid": "49100", "edge_idx": 40, "cum_start_m": 15746.086391357845, "cum_end_m": 16424.249853010529 }, "geometry": { "type": "LineString", "coordinates": [ [ 7.611500833333333, 51.9878825 ], [ 7.612586388888889, 51.993942222222223 ] ] } },
{ "type": "Feature", "properties": { "betriebstag": "2026-01-22", "frt_fid": "49100", "edge_idx": 41, "cum_start_m": 16424.249853010529, "cum_end_m": 16612.39069739858 }, "geometry": { "type": "LineString", "coordinates": [ [ 7.612586388888889, 51.993942222222223 ], [ 7.612988611111111, 51.99561527777778 ] ] } },
{ "type": "Feature", "properties": { "betriebstag": "2026-01-22", "frt_fid": "49100", "edge_idx": 42, "cum_start_m": 16612.39069739858, "cum_end_m": 16879.757597902117 }, "geometry": { "type": "LineString", "coordinates": [ [ 7.612988611111111, 51.99561527777778 ], [ 7.612205, 51.997969722222223 ] ] } },
{ "type": "Feature", "properties": { "betriebstag": "2026-01-22", "frt_fid": "49100", "edge_idx": 43, "cum_start_m": 16879.757597902117, "cum_end_m": 17152.389695180093 }, "geometry": { "type": "LineString", "coordinates": [ [ 7.612205, 51.997969722222223 ], [ 7.6082875, 51.99757 ] ] } },
{ "type": "Feature", "properties": { "betriebstag": "2026-01-22", "frt_fid": "49100", "edge_idx": 44, "cum_start_m": 17152.389695180093, "cum_end_m": 17436.186918475396 }, "geometry": { "type": "LineString", "coordinates": [ [ 7.6082875, 51.99757 ], [ 7.604203611111111, 51.997176944444448 ] ] } },
{ "type": "Feature", "properties": { "betriebstag": "2026-01-22", "frt_fid": "49100", "edge_idx": 45, "cum_start_m": 17436.186918475396, "cum_end_m": 17842.140415629561 }, "geometry": { "type": "LineString", "coordinates": [ [ 7.604203611111111, 51.997176944444448 ], [ 7.598429166666667, 51.997960555555558 ] ] } },
{ "type": "Feature", "properties": { "betriebstag": "2026-01-22", "frt_fid": "49100", "edge_idx": 46, "cum_start_m": 17842.140415629561, "cum_end_m": 18196.691592968011 }, "geometry": { "type": "LineString", "coordinates": [ [ 7.598429166666667, 51.997960555555558 ], [ 7.595289444444444, 52.00049111111111 ] ] } },
{ "type": "Feature", "properties": { "betriebstag": "2026-01-22", "frt_fid": "49100", "edge_idx": 47, "cum_start_m": 18196.691592968011, "cum_end_m": 18406.394435662372 }, "geometry": { "type": "LineString", "coordinates": [ [ 7.595289444444444, 52.00049111111111 ], [ 7.592288888888889, 52.000843333333336 ] ] } },
{ "type": "Feature", "properties": { "betriebstag": "2026-01-22", "frt_fid": "49100", "edge_idx": 48, "cum_start_m": 18406.394435662372, "cum_end_m": 18668.492547611426 }, "geometry": { "type": "LineString", "coordinates": [ [ 7.592288888888889, 52.000843333333336 ], [ 7.590370833333333, 51.998806111111115 ] ] } },
{ "type": "Feature", "properties": { "betriebstag": "2026-01-22", "frt_fid": "49103", "edge_idx": 0, "cum_start_m": 0.0, "cum_end_m": 252.38518567391679 }, "geometry": { "type": "LineString", "coordinates": [ [ 7.590370833333333, 51.998806111111115 ], [ 7.592259166666667, 52.000752777777777 ] ] } },
{ "type": "Feature", "properties": { "betriebstag": "2026-01-22", "frt_fid": "49103", "edge_idx": 1, "cum_start_m": 252.38518567391679, "cum_end_m": 465.78551979183834 }, "geometry": { "type": "LineString", "coordinates": [ [ 7.592259166666667, 52.000752777777777 ], [ 7.595288888888889, 52.000324444444445 ] ] } },
{ "type": "Feature", "properties": { "betriebstag": "2026-01-22", "frt_fid": "49103", "edge_idx": 2, "cum_start_m": 465.78551979183834, "cum_end_m": 817.77613550934825 }, "geometry": { "type": "LineString", "coordinates": [ [ 7.595288888888889, 52.000324444444445 ], [ 7.598407222222222, 51.997812777777781 ] ] } },
{ "type": "Feature", "properties": { "betriebstag": "2026-01-22", "frt_fid": "49103", "edge_idx": 3, "cum_start_m": 817.77613550934825, "cum_end_m": 1135.01387229907 }, "geometry": { "type": "LineString", "coordinates": [ [ 7.598407222222222, 51.997812777777781 ], [ 7.602791388888889, 51.99691277777778 ] ] } },
{ "type": "Feature", "properties": { "betriebstag": "2026-01-22", "frt_fid": "49103", "edge_idx": 4, "cum_start_m": 1135.01387229907, "cum_end_m": 1527.4445791228004 }, "geometry": { "type": "LineString", "coordinates": [ [ 7.602791388888889, 51.99691277777778 ], [ 7.608435, 51.99747 ] ] } },
{ "type": "Feature", "properties": { "betriebstag": "2026-01-22", "frt_fid": "49103", "edge_idx": 5, "cum_start_m": 1527.4445791228004, "cum_end_m": 1804.0313800604363 }, "geometry": { "type": "LineString", "coordinates": [ [ 7.608435, 51.99747 ], [ 7.612418333333333, 51.997840277777776 ] ] } },
{ "type": "Feature", "properties": { "betriebstag": "2026-01-22", "frt_fid": "49103", "edge_idx": 6, "cum_start_m": 1804.0313800604363, "cum_end_m": 2013.0376171625655 }, "geometry": { "type": "LineString", "coordinates": [ [ 7.612418333333333, 51.997840277777776 ], [ 7.612816944444444, 51.9959775 ] ] } },
{ "type": "Feature", "properties": { "betriebstag": "2026-01-22", "frt_fid": "49103", "edge_idx": 7, "cum_start_m": 2013.0376171625655, "cum_end_m": 2360.0194762676874 }, "geometry": { "type": "LineString", "coordinates": [ [ 7.612816944444444, 51.9959775 ], [ 7.611991944444444, 51.9929 ] ] } },
{ "type": "Feature", "properties": { "betriebstag": "2026-01-22", "frt_fid": "49103", "edge_idx": 8, "cum_start_m": 2360.0194762676874, "cum_end_m": 2830.7143886621107 }, "geometry": { "type": "LineString", "coordinates": [ [ 7.611991944444444, 51.9929 ], [ 7.611138611111111, 51.988701388888892 ] ] } },
{ "type": "Feature", "properties": { "betriebstag": "2026-01-22", "frt_fid": "49103", "edge_idx": 9, "cum_start_m": 2830.7143886621107, "cum_end_m": 3509.6057971658861 }, "geometry": { "type": "LineString", "coordinates": [ [ 7.611138611111111, 51.988701388888892 ], [ 7.611624722222222, 51.982605555555558 ] ] } },
{ "type": "Feature", "properties": { "betriebstag": "2026-01-22", "frt_fid": "49103", "edge_idx": 10, "cum_start_m": 3509.6057971658861, "cum_end_m": 3853.593604430167 }, "geometry": { "type": "LineString", "coordinates": [ [ 7.611624722222222, 51.982605555555558 ], [ 7.611845277777777, 51.97951611111111 ] ] } },
{ "type": "Feature", "properties": { "betriebstag": "2026-01-22", "frt_fid": "49103", "edge_idx": 11, "cum_start_m": 3853.593604430167, "cum_end_m": 4146.9336982512405 }, "geometry": { "type": "LineString", "coordinates": [ [ 7.611845277777777, 51.97951611111111 ], [ 7.612074166666666, 51.976882777777782 ] ] } },
{ "type": "Feature", "properties": { "betriebstag": "2026-01-22", "frt_fid": "49103", "edge_idx": 12, "cum_start_m": 4146.9336982512405, "cum_end_m": 4452.3266945865635 }, "geometry": { "type": "LineString", "coordinates": [ [ 7.612074166666666, 51.976882777777782 ], [ 7.613080833333333, 51.974208611111116 ] ] } },
{ "type": "Feature", "properties": { "betriebstag": "2026-01-22", "frt_fid": "49103", "edge_idx": 13, "cum_start_m": 4452.3266945865635, "cum_end_m": 4916.8518467481554 }, "geometry": { "type": "LineString", "coordinates": [ [ 7.613080833333333, 51.974208611111116 ], [ 7.619821666666667, 51.974538055555556 ] ] } },
{ "type": "Feature", "properties": { "betriebstag": "2026-01-22", "frt_fid": "49103", "edge_idx": 14, "cum_start_m": 4916.8518467481554, "cum_end_m": 5163.5275357607197 }, "geometry": { "type": "LineString", "coordinates": [ [ 7.619821666666667, 51.974538055555556 ], [ 7.6233275, 51.974058611111111 ] ] } },
{ "type": "Feature", "properties": { "betriebstag": "2026-01-22", "frt_fid": "49103", "edge_idx": 15, "cum_start_m": 5163.5275357607197, "cum_end_m": 5398.6287585085056 }, "geometry": { "type": "LineString", "coordinates": [ [ 7.6233275, 51.974058611111111 ], [ 7.622440833333334, 51.972017222222227 ] ] } },
{ "type": "Feature", "properties": { "betriebstag": "2026-01-22", "frt_fid": "49103", "edge_idx": 16, "cum_start_m": 5398.6287585085056, "cum_end_m": 5591.8315667054976 }, "geometry": { "type": "LineString", "coordinates": [ [ 7.622440833333334, 51.972017222222227 ], [ 7.622116111111112, 51.970291944444448 ] ] } },
{ "type": "Feature", "properties": { "betriebstag": "2026-01-22", "frt_fid": "49103", "edge_idx": 17, "cum_start_m": 5591.8315667054976, "cum_end_m": 5900.3984632161601 }, "geometry": { "type": "LineString", "coordinates": [ [ 7.622116111111112, 51.970291944444448 ], [ 7.623097777777779, 51.967585 ] ] } },
{ "type": "Feature", "properties": { "betriebstag": "2026-01-22", "frt_fid": "49103", "edge_idx": 18, "cum_start_m": 5900.3984632161601, "cum_end_m": 6273.2500209723021 }, "geometry": { "type": "LineString", "coordinates": [ [ 7.623097777777779, 51.967585 ], [ 7.626976111111111, 51.96524055555556 ] ] } },
{ "type": "Feature", "properties": { "betriebstag": "2026-01-22", "frt_fid": "49103", "edge_idx": 19, "cum_start_m": 6273.2500209723021, "cum_end_m": 6574.2691961920973 }, "geometry": { "type": "LineString", "coordinates": [ [ 7.626976111111111, 51.96524055555556 ], [ 7.630732222222223, 51.963847777777779 ] ] } },
{ "type": "Feature", "properties": { "betriebstag": "2026-01-22", "frt_fid": "49103", "edge_idx": 20, "cum_start_m": 6574.2691961920973, "cum_end_m": 7014.8486351403217 }, "geometry": { "type": "LineString", "coordinates": [ [ 7.630732222222223, 51.963847777777779 ], [ 7.635060833333333, 51.960925833333334 ] ] } },
{ "type": "Feature", "properties": { "betriebstag": "2026-01-22", "frt_fid": "49103", "edge_idx": 21, "cum_start_m": 7014.8486351403217, "cum_end_m": 7426.5254121041244 }, "geometry": { "type": "LineString", "coordinates": [ [ 7.635060833333333, 51.960925833333334 ], [ 7.634171666666666, 51.957265833333338 ] ] } },
{ "type": "Feature", "properties": { "betriebstag": "2026-01-22", "frt_fid": "49103", "edge_idx": 22, "cum_start_m": 7426.5254121041244, "cum_end_m": 7950.3431831831149 }, "geometry": { "type": "LineString", "coordinates": [ [ 7.634171666666666, 51.957265833333338 ], [ 7.626748055555556, 51.956198333333333 ] ] } },
{ "type": "Feature", "properties": { "betriebstag": "2026-01-22", "frt_fid": "49103", "edge_idx": 23, "cum_start_m": 7950.3431831831149, "cum_end_m": 8342.0366972905358 }, "geometry": { "type": "LineString", "coordinates": [ [ 7.626748055555556, 51.956198333333333 ], [ 7.621243611111112, 51.955285277777783 ] ] } },
{ "type": "Feature", "properties": { "betriebstag": "2026-01-22", "frt_fid": "49103", "edge_idx": 24, "cum_start_m": 8342.0366972905358, "cum_end_m": 8767.0286066528079 }, "geometry": { "type": "LineString", "coordinates": [ [ 7.621243611111112, 51.955285277777783 ], [ 7.618360555555556, 51.951905277777783 ] ] } },
{ "type": "Feature", "properties": { "betriebstag": "2026-01-22", "frt_fid": "49103", "edge_idx": 25, "cum_start_m": 8767.0286066528079, "cum_end_m": 9095.2637837406583 }, "geometry": { "type": "LineString", "coordinates": [ [ 7.618360555555556, 51.951905277777783 ], [ 7.616151388888889, 51.949289166666667 ] ] } },
{ "type": "Feature", "properties": { "betriebstag": "2026-01-22", "frt_fid": "49103", "edge_idx": 26, "cum_start_m": 9095.2637837406583, "cum_end_m": 9727.8555085226053 }, "geometry": { "type": "LineString", "coordinates": [ [ 7.616151388888889, 51.949289166666667 ], [ 7.612045833333333, 51.944199444444443 ] ] } },
{ "type": "Feature", "properties": { "betriebstag": "2026-01-22", "frt_fid": "49103", "edge_idx": 27, "cum_start_m": 9727.8555085226053, "cum_end_m": 10211.243590625469 }, "geometry": { "type": "LineString", "coordinates": [ [ 7.612045833333333, 51.944199444444443 ], [ 7.608778611111111, 51.940351388888885 ] ] } },
{ "type": "Feature", "properties": { "betriebstag": "2026-01-22", "frt_fid": "49103", "edge_idx": 28, "cum_start_m": 10211.243590625469, "cum_end_m": 10531.784382585989 }, "geometry": { "type": "LineString", "coordinates": [ [ 7.608778611111111, 51.940351388888885 ], [ 7.605851666666666, 51.938108333333332 ] ] } },
{ "type": "Feature", "properties": { "betriebstag": "2026-01-22", "frt_fid": "49103", "edge_idx": 29, "cum_start_m": 10531.784382585989, "cum_end_m": 10826.220830002298 }, "geometry": { "type": "LineString", "coordinates": [ [ 7.605851666666666, 51.938108333333332 ], [ 7.602868611111111, 51.936209166666664 ] ] } },
{ "type": "Feature", "properties": { "betriebstag": "2026-01-22", "frt_fid": "49103", "edge_idx": 30, "cum_start_m": 10826.220830002298, "cum_end_m": 11107.547957517067 }, "geometry": { "type": "LineString", "coordinates": [ [ 7.602868611111111, 51.936209166666664 ], [ 7.599746944444444, 51.934574166666664 ] ] } },
{ "type": "Feature", "properties": { "betriebstag": "2026-01-22", "frt_fid": "49103", "edge_idx": 31, "cum_start_m": 11107.547957517067, "cum_end_m": 11603.237017736159 }, "geometry": { "type": "LineString", "coordinates": [ [ 7.599746944444444, 51.934574166666664 ], [ 7.594443055555555, 51.931556111111107 ] ] } },
{ "type": "Feature", "properties": { "betriebstag": "2026-01-22", "frt_fid": "49103", "edge_idx": 32, "cum_start_m": 11603.237017736159, "cum_end_m": 11843.388957195351 }, "geometry": { "type": "LineString", "coordinates": [ [ 7.594443055555555, 51.931556111111107 ], [ 7.591849444444444, 51.930110277777779 ] ] } },
{ "type": "Feature", "properties": { "betriebstag": "2026-01-22", "frt_fid": "49103", "edge_idx": 33, "cum_start_m": 11843.388957195351, "cum_end_m": 12191.84927886982 }, "geometry": { "type": "LineString", "coordinates": [ [ 7.591849444444444, 51.930110277777779 ], [ 7.587873611111111, 51.928168055555552 ] ] } },
{ "type": "Feature", "properties": { "betriebstag": "2026-01-22", "frt_fid": "49103", "edge_idx": 34, "cum_start_m": 12191.84927886982, "cum_end_m": 12571.841950427828 }, "geometry": { "type": "LineString", "coordinates": [ [ 7.587873611111111, 51.928168055555552 ], [ 7.582982777777778, 51.926578333333332 ] ] } },
{ "type": "Feature", "properties": { "betriebstag": "2026-01-22", "frt_fid": "49103", "edge_idx": 35, "cum_start_m": 12571.841950427828, "cum_end_m": 12900.072642387888 }, "geometry": { "type": "LineString", "coordinates": [ [ 7.582982777777778, 51.926578333333332 ], [ 7.578722777777777, 51.925247777777777 ] ] } },
{ "type": "Feature", "properties": { "betriebstag": "2026-01-22", "frt_fid": "49103", "edge_idx": 36, "cum_start_m": 12900.072642387888, "cum_end_m": 13276.012459881504 }, "geometry": { "type": "LineString", "coordinates": [ [ 7.578722777777777, 51.925247777777777 ], [ 7.573266111111111, 51.925046388888887 ] ] } },
{ "type": "Feature", "properties": { "betriebstag": "2026-01-22", "frt_fid": "49103", "edge_idx": 37, "cum_start_m": 13276.012459881504, "cum_end_m": 14100.758832079808 }, "geometry": { "type": "LineString", "coordinates": [ [ 7.573266111111111, 51.925046388888887 ], [ 7.561284166666667, 51.925354166666665 ] ] } },
{ "type": "Feature", "properties": { "betriebstag": "2026-01-22", "frt_fid": "49103", "edge_idx": 38, "cum_start_m": 14100.758832079808, "cum_end_m": 14790.067665141069 }, "geometry": { "type": "LineString", "coordinates": [ [ 7.561284166666667, 51.925354166666665 ], [ 7.551272222222222, 51.925064166666665 ] ] } },
{ "type": "Feature", "properties": { "betriebstag": "2026-01-22", "frt_fid": "49103", "edge_idx": 39, "cum_start_m": 14790.067665141069, "cum_end_m": 15971.447205531978 }, "geometry": { "type": "LineString", "coordinates": [ [ 7.551272222222222, 51.925064166666665 ], [ 7.534105277777778, 51.924687777777777 ] ] } },
{ "type": "Feature", "properties": { "betriebstag": "2026-01-22", "frt_fid": "49103", "edge_idx": 40, "cum_start_m": 15971.447205531978, "cum_end_m": 16426.700717325602 }, "geometry": { "type": "LineString", "coordinates": [ [ 7.534105277777778, 51.924687777777777 ], [ 7.527485833333333, 51.924708611111107 ] ] } },
{ "type": "Feature", "properties": { "betriebstag": "2026-01-22", "frt_fid": "49103", "edge_idx": 41, "cum_start_m": 16426.700717325602, "cum_end_m": 16680.91432050231 }, "geometry": { "type": "LineString", "coordinates": [ [ 7.527485833333333, 51.924708611111107 ], [ 7.523809166666666, 51.924944166666663 ] ] } },
{ "type": "Feature", "properties": { "betriebstag": "2026-01-22", "frt_fid": "49103", "edge_idx": 42, "cum_start_m": 16680.91432050231, "cum_end_m": 17003.434758414649 }, "geometry": { "type": "LineString", "coordinates": [ [ 7.523809166666666, 51.924944166666663 ], [ 7.519123611111111, 51.925064166666665 ] ] } },
{ "type": "Feature", "properties": { "betriebstag": "2026-01-22", "frt_fid": "49103", "edge_idx": 43, "cum_start_m": 17003.434758414649, "cum_end_m": 17272.753674940966 }, "geometry": { "type": "LineString", "coordinates": [ [ 7.519123611111111, 51.925064166666665 ], [ 7.522211944444444, 51.923575555555551 ] ] } },
{ "type": "Feature", "properties": { "betriebstag": "2026-01-22", "frt_fid": "49103", "edge_idx": 44, "cum_start_m": 17272.753674940966, "cum_end_m": 17585.094865628053 }, "geometry": { "type": "LineString", "coordinates": [ [ 7.522211944444444, 51.923575555555551 ], [ 7.526630833333333, 51.922927777777772 ] ] } },
{ "type": "Feature", "properties": { "betriebstag": "2026-01-22", "frt_fid": "49103", "edge_idx": 45, "cum_start_m": 17585.094865628053, "cum_end_m": 17912.539339693223 }, "geometry": { "type": "LineString", "coordinates": [ [ 7.526630833333333, 51.922927777777772 ], [ 7.527240833333333, 51.920008333333328 ] ] } },
{ "type": "Feature", "properties": { "betriebstag": "2026-01-22", "frt_fid": "49103", "edge_idx": 46, "cum_start_m": 17912.539339693223, "cum_end_m": 18164.880429445235 }, "geometry": { "type": "LineString", "coordinates": [ [ 7.527240833333333, 51.920008333333328 ], [ 7.528196111111111, 51.91781805555555 ] ] } },
{ "type": "Feature", "properties": { "betriebstag": "2026-01-22", "frt_fid": "49103", "edge_idx": 47, "cum_start_m": 18164.880429445235, "cum_end_m": 18399.365935811704 }, "geometry": { "type": "LineString", "coordinates": [ [ 7.528196111111111, 51.91781805555555 ], [ 7.525296388888889, 51.916709722222222 ] ] } },
{ "type": "Feature", "properties": { "betriebstag": "2026-01-22", "frt_fid": "49103", "edge_idx": 48, "cum_start_m": 18399.365935811704, "cum_end_m": 18672.120609331803 }, "geometry": { "type": "LineString", "coordinates": [ [ 7.525296388888889, 51.916709722222222 ], [ 7.527406944444444, 51.914633888888886 ] ] } },
{ "type": "Feature", "properties": { "betriebstag": "2026-01-22", "frt_fid": "49104", "edge_idx": 0, "cum_start_m": 0.0, "cum_end_m": 14135.263423397677 }, "geometry": { "type": "LineString", "coordinates": [ [ 7.527406944444444, 51.914633888888886 ], [ 7.46265, 52.03525 ] ] } },
{ "type": "Feature", "properties": { "betriebstag": "2026-01-29", "frt_fid": "24514", "edge_idx": 0, "cum_start_m": 0.0, "cum_end_m": 14135.263423397677 }, "geometry": { "type": "LineString", "coordinates": [ [ 7.46265, 52.03525 ], [ 7.527406944444444, 51.914633888888886 ] ] } },
{ "type": "Feature", "properties": { "betriebstag": "2026-01-29", "frt_fid": "24515", "edge_idx": 0, "cum_start_m": 0.0, "cum_end_m": 252.81103068142528 }, "geometry": { "type": "LineString", "coordinates": [ [ 7.527406944444444, 51.914633888888886 ], [ 7.525148611111111, 51.916426944444446 ] ] } },
{ "type": "Feature", "properties": { "betriebstag": "2026-01-29", "frt_fid": "24515", "edge_idx": 1, "cum_start_m": 252.81103068142528, "cum_end_m": 512.9345907511447 }, "geometry": { "type": "LineString", "coordinates": [ [ 7.525148611111111, 51.916426944444446 ], [ 7.5283925, 51.917628888888885 ] ] } },
{ "type": "Feature", "properties": { "betriebstag": "2026-01-29", "frt_fid": "24515", "edge_idx": 2, "cum_start_m": 512.9345907511447, "cum_end_m": 853.93326983610382 }, "geometry": { "type": "LineString", "coordinates": [ [ 7.5283925, 51.917628888888885 ], [ 7.5272425, 51.920610833333328 ] ] } },
{ "type": "Feature", "properties": { "betriebstag": "2026-01-29", "frt_fid": "24515", "edge_idx": 3, "cum_start_m": 853.93326983610382, "cum_end_m": 1134.347999177452 }, "geometry": { "type": "LineString", "coordinates": [ [ 7.5272425, 51.920610833333328 ], [ 7.526746944444445, 51.923113055555554 ] ] } },
{ "type": "Feature", "properties": { "betriebstag": "2026-01-29", "frt_fid": "24515", "edge_idx": 4, "cum_start_m": 1134.347999177452, "cum_end_m": 1456.2495256673139 }, "geometry": { "type": "LineString", "coordinates": [ [ 7.526746944444445, 51.923113055555554 ], [ 7.522214166666666, 51.923834166666666 ] ] } },
{ "type": "Feature", "properties": { "betriebstag": "2026-01-29", "frt_fid": "24515", "edge_idx": 5, "cum_start_m": 1456.2495256673139, "cum_end_m": 1667.7506820018784 }, "geometry": { "type": "LineString", "coordinates": [ [ 7.522214166666666, 51.923834166666666 ], [ 7.519796388888889, 51.925009166666662 ] ] } },
{ "type": "Feature", "properties": { "betriebstag": "2026-01-29", "frt_fid": "24515", "edge_idx": 6, "cum_start_m": 1667.7506820018784, "cum_end_m": 1927.6472379841873 }, "geometry": { "type": "LineString", "coordinates": [ [ 7.519796388888889, 51.925009166666662 ], [ 7.523565, 51.924836111111105 ] ] } },
{ "type": "Feature", "properties": { "betriebstag": "2026-01-29", "frt_fid": "24515", "edge_idx": 7, "cum_start_m": 1927.6472379841873, "cum_end_m": 2231.3907711767947 }, "geometry": { "type": "LineString", "coordinates": [ [ 7.523565, 51.924836111111105 ], [ 7.527928611111111, 51.924414722222217 ] ] } },
{ "type": "Feature", "properties": { "betriebstag": "2026-01-29", "frt_fid": "24515", "edge_idx": 8, "cum_start_m": 2231.3907711767947, "cum_end_m": 2697.9655963077685 }, "geometry": { "type": "LineString", "coordinates": [ [ 7.527928611111111, 51.924414722222217 ], [ 7.534711111111111, 51.924506111111107 ] ] } },
{ "type": "Feature", "properties": { "betriebstag": "2026-01-29", "frt_fid": "24515", "edge_idx": 9, "cum_start_m": 2697.9655963077685, "cum_end_m": 3893.0446921821531 }, "geometry": { "type": "LineString", "coordinates": [ [ 7.534711111111111, 51.924506111111107 ], [ 7.552072777777777, 51.924955555555556 ] ] } },
{ "type": "Feature", "properties": { "betriebstag": "2026-01-29", "frt_fid": "24515", "edge_idx": 10, "cum_start_m": 3893.0446921821531, "cum_end_m": 4627.6557294966078 }, "geometry": { "type": "LineString", "coordinates": [ [ 7.552072777777777, 51.924955555555556 ], [ 7.562747222222222, 51.9251975 ] ] } },
{ "type": "Feature", "properties": { "betriebstag": "2026-01-29", "frt_fid": "24515", "edge_idx": 11, "cum_start_m": 4627.6557294966078, "cum_end_m": 5380.8593173343543 }, "geometry": { "type": "LineString", "coordinates": [ [ 7.562747222222222, 51.9251975 ], [ 7.573689166666666, 51.924907777777776 ] ] } },
{ "type": "Feature", "properties": { "betriebstag": "2026-01-29", "frt_fid": "24515", "edge_idx": 12, "cum_start_m": 5380.8593173343543, "cum_end_m": 5815.2495216643429 }, "geometry": { "type": "LineString", "coordinates": [ [ 7.573689166666666, 51.924907777777776 ], [ 7.579957777777778, 51.925386666666661 ] ] } },
{ "type": "Feature", "properties": { "betriebstag": "2026-01-29", "frt_fid": "24515", "edge_idx": 13, "cum_start_m": 5815.2495216643429, "cum_end_m": 6079.3752657665036 }, "geometry": { "type": "LineString", "coordinates": [ [ 7.579957777777778, 51.925386666666661 ], [ 7.583341666666667, 51.926509722222221 ] ] } },
{ "type": "Feature", "properties": { "betriebstag": "2026-01-29", "frt_fid": "24515", "edge_idx": 14, "cum_start_m": 6079.3752657665036, "cum_end_m": 6450.9601449603824 }, "geometry": { "type": "LineString", "coordinates": [ [ 7.583341666666667, 51.926509722222221 ], [ 7.588090277777778, 51.928103611111112 ] ] } },
{ "type": "Feature", "properties": { "betriebstag": "2026-01-29", "frt_fid": "24515", "edge_idx": 15, "cum_start_m": 6450.9601449603824, "cum_end_m": 6878.7736095791061 }, "geometry": { "type": "LineString", "coordinates": [ [ 7.588090277777778, 51.928103611111112 ], [ 7.592937222222222, 51.93051472222222 ] ] } },
{ "type": "Feature", "properties": { "betriebstag": "2026-01-29", "frt_fid": "24515", "edge_idx": 16, "cum_start_m": 6878.7736095791061, "cum_end_m": 7100.6558450639195 }, "geometry": { "type": "LineString", "coordinates": [ [ 7.592937222222222, 51.93051472222222 ], [ 7.595317222222222, 51.931861666666663 ] ] } },
{ "type": "Feature", "properties": { "betriebstag": "2026-01-29", "frt_fid": "24515", "edge_idx": 17, "cum_start_m": 7100.6558450639195, "cum_end_m": 7547.7746374858225 }, "geometry": { "type": "LineString", "coordinates": [ [ 7.595317222222222, 51.931861666666663 ], [ 7.600118888888889, 51.934572222222222 ] ] } },
{ "type": "Feature", "properties": { "betriebstag": "2026-01-29", "frt_fid": "24515", "edge_idx": 18, "cum_start_m": 7547.7746374858225, "cum_end_m": 7851.0986481443106 }, "geometry": { "type": "LineString", "coordinates": [ [ 7.600118888888889, 51.934572222222222 ], [ 7.603557777777778, 51.936280277777776 ] ] } },
{ "type": "Feature", "properties": { "betriebstag": "2026-01-29", "frt_fid": "24515", "edge_idx": 19, "cum_start_m": 7851.0986481443106, "cum_end_m": 8139.4908914998105 }, "geometry": { "type": "LineString", "coordinates": [ [ 7.603557777777778, 51.936280277777776 ], [ 7.606431944444444, 51.938168611111109 ] ] } },
{ "type": "Feature", "properties": { "betriebstag": "2026-01-29", "frt_fid": "24515", "edge_idx": 20, "cum_start_m": 8139.4908914998105, "cum_end_m": 8439.6655347032174 }, "geometry": { "type": "LineString", "coordinates": [ [ 7.606431944444444, 51.938168611111109 ], [ 7.609121388888888, 51.94029444444444 ] ] } },
{ "type": "Feature", "properties": { "betriebstag": "2026-01-29", "frt_fid": "24515", "edge_idx": 21, "cum_start_m": 8439.6655347032174, "cum_end_m": 8932.9279763290979 }, "geometry": { "type": "LineString", "coordinates": [ [ 7.609121388888888, 51.94029444444444 ], [ 7.612395555555556, 51.944240277777773 ] ] } },
{ "type": "Feature", "properties": { "betriebstag": "2026-01-29", "frt_fid": "24515", "edge_idx": 22, "cum_start_m": 8932.9279763290979, "cum_end_m": 9593.9734084663633 }, "geometry": { "type": "LineString", "coordinates": [ [ 7.612395555555556, 51.944240277777773 ], [ 7.616818611111111, 51.949517222222219 ] ] } },
{ "type": "Feature", "properties": { "betriebstag": "2026-01-29", "frt_fid": "24515", "edge_idx": 23, "cum_start_m": 9593.9734084663633, "cum_end_m": 9941.2500869354153 }, "geometry": { "type": "LineString", "coordinates": [ [ 7.616818611111111, 51.949517222222219 ], [ 7.619033333333334, 51.952323333333339 ] ] } },
{ "type": "Feature", "properties": { "betriebstag": "2026-01-29", "frt_fid": "24515", "edge_idx": 24, "cum_start_m": 9941.2500869354153, "cum_end_m": 10311.455762363797 }, "geometry": { "type": "LineString", "coordinates": [ [ 7.619033333333334, 51.952323333333339 ], [ 7.621679444444445, 51.955222222222226 ] ] } },
{ "type": "Feature", "properties": { "betriebstag": "2026-01-29", "frt_fid": "24515", "edge_idx": 25, "cum_start_m": 10311.455762363797, "cum_end_m": 10769.242518443578 }, "geometry": { "type": "LineString", "coordinates": [ [ 7.621679444444445, 51.955222222222226 ], [ 7.628273611111112, 51.955803888888894 ] ] } },
{ "type": "Feature", "properties": { "betriebstag": "2026-01-29", "frt_fid": "24515", "edge_idx": 26, "cum_start_m": 10769.242518443578, "cum_end_m": 11235.756337761621 }, "geometry": { "type": "LineString", "coordinates": [ [ 7.628273611111112, 51.955803888888894 ], [ 7.634583333333333, 51.957350555555557 ] ] } },
{ "type": "Feature", "properties": { "betriebstag": "2026-01-29", "frt_fid": "24515", "edge_idx": 27, "cum_start_m": 11235.756337761621, "cum_end_m": 11728.337723597298 }, "geometry": { "type": "LineString", "coordinates": [ [ 7.634583333333333, 51.957350555555557 ], [ 7.635514166666666, 51.961741388888889 ] ] } },
{ "type": "Feature", "properties": { "betriebstag": "2026-01-29", "frt_fid": "24515", "edge_idx": 28, "cum_start_m": 11728.337723597298, "cum_end_m": 12174.065073310801 }, "geometry": { "type": "LineString", "coordinates": [ [ 7.635514166666666, 51.961741388888889 ], [ 7.630303611111112, 51.964128055555555 ] ] } },
{ "type": "Feature", "properties": { "betriebstag": "2026-01-29", "frt_fid": "24515", "edge_idx": 29, "cum_start_m": 12174.065073310801, "cum_end_m": 12439.678286307873 }, "geometry": { "type": "LineString", "coordinates": [ [ 7.630303611111112, 51.964128055555555 ], [ 7.626990833333334, 51.965358611111114 ] ] } },
{ "type": "Feature", "properties": { "betriebstag": "2026-01-29", "frt_fid": "24515", "edge_idx": 30, "cum_start_m": 12439.678286307873, "cum_end_m": 12779.107562132333 }, "geometry": { "type": "LineString", "coordinates": [ [ 7.626990833333334, 51.965358611111114 ], [ 7.6232925, 51.967381666666668 ] ] } },
{ "type": "Feature", "properties": { "betriebstag": "2026-01-29", "frt_fid": "24515", "edge_idx": 31, "cum_start_m": 12779.107562132333, "cum_end_m": 13072.281679112135 }, "geometry": { "type": "LineString", "coordinates": [ [ 7.6232925, 51.967381666666668 ], [ 7.622248611111112, 51.969937222222221 ] ] } },
{ "type": "Feature", "properties": { "betriebstag": "2026-01-29", "frt_fid": "24515", "edge_idx": 32, "cum_start_m": 13072.281679112135, "cum_end_m": 13376.287885595981 }, "geometry": { "type": "LineString", "coordinates": [ [ 7.622248611111112, 51.969937222222221 ], [ 7.623106944444445, 51.972618333333337 ] ] } },
{ "type": "Feature", "properties": { "betriebstag": "2026-01-29", "frt_fid": "24515", "edge_idx": 33, "cum_start_m": 13376.287885595981, "cum_end_m": 13621.86530573016 }, "geometry": { "type": "LineString", "coordinates": [ [ 7.623106944444445, 51.972618333333337 ], [ 7.622308333333334, 51.974770277777779 ] ] } },
{ "type": "Feature", "properties": { "betriebstag": "2026-01-29", "frt_fid": "24515", "edge_idx": 34, "cum_start_m": 13621.86530573016, "cum_end_m": 13991.900775013413 }, "geometry": { "type": "LineString", "coordinates": [ [ 7.622308333333334, 51.974770277777779 ], [ 7.616933333333334, 51.97455305555556 ] ] } },
{ "type": "Feature", "properties": { "betriebstag": "2026-01-29", "frt_fid": "24515", "edge_idx": 35, "cum_start_m": 13991.900775013413, "cum_end_m": 14299.481537855607 }, "geometry": { "type": "LineString", "coordinates": [ [ 7.616933333333334, 51.97455305555556 ], [ 7.612489722222222, 51.974891944444444 ] ] } },
{ "type": "Feature", "properties": { "betriebstag": "2026-01-29", "frt_fid": "24515", "edge_idx": 36, "cum_start_m": 14299.481537855607, "cum_end_m": 14547.995251270841 }, "geometry": { "type": "LineString", "coordinates": [ [ 7.612489722222222, 51.974891944444444 ], [ 7.61234, 51.97712416666667 ] ] } },
{ "type": "Feature", "properties": { "betriebstag": "2026-01-29", "frt_fid": "24515", "edge_idx": 37, "cum_start_m": 14547.995251270841, "cum_end_m": 14812.721890984751 }, "geometry": { "type": "LineString", "coordinates": [ [ 7.61234, 51.97712416666667 ], [ 7.612148333333333, 51.979501111111112 ] ] } },
{ "type": "Feature", "properties": { "betriebstag": "2026-01-29", "frt_fid": "24515", "edge_idx": 38, "cum_start_m": 14812.721890984751, "cum_end_m": 15175.019392042703 }, "geometry": { "type": "LineString", "coordinates": [ [ 7.612148333333333, 51.979501111111112 ], [ 7.611887222222222, 51.982754166666666 ] ] } },
{ "type": "Feature", "properties": { "betriebstag": "2026-01-29", "frt_fid": "24515", "edge_idx": 39, "cum_start_m": 15175.019392042703, "cum_end_m": 15746.086391357845 }, "geometry": { "type": "LineString", "coordinates": [ [ 7.611887222222222, 51.982754166666666 ], [ 7.611500833333333, 51.9878825 ] ] } },
{ "type": "Feature", "properties": { "betriebstag": "2026-01-29", "frt_fid": "24515", "edge_idx": 40, "cum_start_m": 15746.086391357845, "cum_end_m": 16424.249853010529 }, "geometry": { "type": "LineString", "coordinates": [ [ 7.611500833333333, 51.9878825 ], [ 7.612586388888889, 51.993942222222223 ] ] } },
{ "type": "Feature", "properties": { "betriebstag": "2026-01-29", "frt_fid": "24515", "edge_idx": 41, "cum_start_m": 16424.249853010529, "cum_end_m": 16612.39069739858 }, "geometry": { "type": "LineString", "coordinates": [ [ 7.612586388888889, 51.993942222222223 ], [ 7.612988611111111, 51.99561527777778 ] ] } },
{ "type": "Feature", "properties": { "betriebstag": "2026-01-29", "frt_fid": "24515", "edge_idx": 42, "cum_start_m": 16612.39069739858, "cum_end_m": 16879.757597902117 }, "geometry": { "type": "LineString", "coordinates": [ [ 7.612988611111111, 51.99561527777778 ], [ 7.612205, 51.997969722222223 ] ] } },
{ "type": "Feature", "properties": { "betriebstag": "2026-01-29", "frt_fid": "24515", "edge_idx": 43, "cum_start_m": 16879.757597902117, "cum_end_m": 17152.389695180093 }, "geometry": { "type": "LineString", "coordinates": [ [ 7.612205, 51.997969722222223 ], [ 7.6082875, 51.99757 ] ] } },
{ "type": "Feature", "properties": { "betriebstag": "2026-01-29", "frt_fid": "24515", "edge_idx": 44, "cum_start_m": 17152.389695180093, "cum_end_m": 17436.186918475396 }, "geometry": { "type": "LineString", "coordinates": [ [ 7.6082875, 51.99757 ], [ 7.604203611111111, 51.997176944444448 ] ] } },
{ "type": "Feature", "properties": { "betriebstag": "2026-01-29", "frt_fid": "24515", "edge_idx": 45, "cum_start_m": 17436.186918475396, "cum_end_m": 17842.140415629561 }, "geometry": { "type": "LineString", "coordinates": [ [ 7.604203611111111, 51.997176944444448 ], [ 7.598429166666667, 51.997960555555558 ] ] } },
{ "type": "Feature", "properties": { "betriebstag": "2026-01-29", "frt_fid": "24515", "edge_idx": 46, "cum_start_m": 17842.140415629561, "cum_end_m": 18196.691592968011 }, "geometry": { "type": "LineString", "coordinates": [ [ 7.598429166666667, 51.997960555555558 ], [ 7.595289444444444, 52.00049111111111 ] ] } },
{ "type": "Feature", "properties": { "betriebstag": "2026-01-29", "frt_fid": "24515", "edge_idx": 47, "cum_start_m": 18196.691592968011, "cum_end_m": 18406.394435662372 }, "geometry": { "type": "LineString", "coordinates": [ [ 7.595289444444444, 52.00049111111111 ], [ 7.592288888888889, 52.000843333333336 ] ] } },
{ "type": "Feature", "properties": { "betriebstag": "2026-01-29", "frt_fid": "24515", "edge_idx": 48, "cum_start_m": 18406.394435662372, "cum_end_m": 18668.492547611426 }, "geometry": { "type": "LineString", "coordinates": [ [ 7.592288888888889, 52.000843333333336 ], [ 7.590370833333333, 51.998806111111115 ] ] } },
{ "type": "Feature", "properties": { "betriebstag": "2026-01-29", "frt_fid": "24516", "edge_idx": 0, "cum_start_m": 0.0, "cum_end_m": 252.38518567391679 }, "geometry": { "type": "LineString", "coordinates": [ [ 7.590370833333333, 51.998806111111115 ], [ 7.592259166666667, 52.000752777777777 ] ] } },
{ "type": "Feature", "properties": { "betriebstag": "2026-01-29", "frt_fid": "24516", "edge_idx": 1, "cum_start_m": 252.38518567391679, "cum_end_m": 465.78551979183834 }, "geometry": { "type": "LineString", "coordinates": [ [ 7.592259166666667, 52.000752777777777 ], [ 7.595288888888889, 52.000324444444445 ] ] } },
{ "type": "Feature", "properties": { "betriebstag": "2026-01-29", "frt_fid": "24516", "edge_idx": 2, "cum_start_m": 465.78551979183834, "cum_end_m": 817.77613550934825 }, "geometry": { "type": "LineString", "coordinates": [ [ 7.595288888888889, 52.000324444444445 ], [ 7.598407222222222, 51.997812777777781 ] ] } },
{ "type": "Feature", "properties": { "betriebstag": "2026-01-29", "frt_fid": "24516", "edge_idx": 3, "cum_start_m": 817.77613550934825, "cum_end_m": 1135.01387229907 }, "geometry": { "type": "LineString", "coordinates": [ [ 7.598407222222222, 51.997812777777781 ], [ 7.602791388888889, 51.99691277777778 ] ] } },
{ "type": "Feature", "properties": { "betriebstag": "2026-01-29", "frt_fid": "24516", "edge_idx": 4, "cum_start_m": 1135.01387229907, "cum_end_m": 1527.4445791228004 }, "geometry": { "type": "LineString", "coordinates": [ [ 7.602791388888889, 51.99691277777778 ], [ 7.608435, 51.99747 ] ] } },
{ "type": "Feature", "properties": { "betriebstag": "2026-01-29", "frt_fid": "24516", "edge_idx": 5, "cum_start_m": 1527.4445791228004, "cum_end_m": 1804.0313800604363 }, "geometry": { "type": "LineString", "coordinates": [ [ 7.608435, 51.99747 ], [ 7.612418333333333, 51.997840277777776 ] ] } },
{ "type": "Feature", "properties": { "betriebstag": "2026-01-29", "frt_fid": "24516", "edge_idx": 6, "cum_start_m": 1804.0313800604363, "cum_end_m": 2013.0376171625655 }, "geometry": { "type": "LineString", "coordinates": [ [ 7.612418333333333, 51.997840277777776 ], [ 7.612816944444444, 51.9959775 ] ] } },
{ "type": "Feature", "properties": { "betriebstag": "2026-01-29", "frt_fid": "24516", "edge_idx": 7, "cum_start_m": 2013.0376171625655, "cum_end_m": 2360.0194762676874 }, "geometry": { "type": "LineString", "coordinates": [ [ 7.612816944444444, 51.9959775 ], [ 7.611991944444444, 51.9929 ] ] } },
{ "type": "Feature", "properties": { "betriebstag": "2026-01-29", "frt_fid": "24516", "edge_idx": 8, "cum_start_m": 2360.0194762676874, "cum_end_m": 2830.7143886621107 }, "geometry": { "type": "LineString", "coordinates": [ [ 7.611991944444444, 51.9929 ], [ 7.611138611111111, 51.988701388888892 ] ] } },
{ "type": "Feature", "properties": { "betriebstag": "2026-01-29", "frt_fid": "24516", "edge_idx": 9, "cum_start_m": 2830.7143886621107, "cum_end_m": 3509.6057971658861 }, "geometry": { "type": "LineString", "coordinates": [ [ 7.611138611111111, 51.988701388888892 ], [ 7.611624722222222, 51.982605555555558 ] ] } },
{ "type": "Feature", "properties": { "betriebstag": "2026-01-29", "frt_fid": "24516", "edge_idx": 10, "cum_start_m": 3509.6057971658861, "cum_end_m": 3853.593604430167 }, "geometry": { "type": "LineString", "coordinates": [ [ 7.611624722222222, 51.982605555555558 ], [ 7.611845277777777, 51.97951611111111 ] ] } },
{ "type": "Feature", "properties": { "betriebstag": "2026-01-29", "frt_fid": "24516", "edge_idx": 11, "cum_start_m": 3853.593604430167, "cum_end_m": 4146.9336982512405 }, "geometry": { "type": "LineString", "coordinates": [ [ 7.611845277777777, 51.97951611111111 ], [ 7.612074166666666, 51.976882777777782 ] ] } },
{ "type": "Feature", "properties": { "betriebstag": "2026-01-29", "frt_fid": "24516", "edge_idx": 12, "cum_start_m": 4146.9336982512405, "cum_end_m": 4452.3266945865635 }, "geometry": { "type": "LineString", "coordinates": [ [ 7.612074166666666, 51.976882777777782 ], [ 7.613080833333333, 51.974208611111116 ] ] } },
{ "type": "Feature", "properties": { "betriebstag": "2026-01-29", "frt_fid": "24516", "edge_idx": 13, "cum_start_m": 4452.3266945865635, "cum_end_m": 4916.8518467481554 }, "geometry": { "type": "LineString", "coordinates": [ [ 7.613080833333333, 51.974208611111116 ], [ 7.619821666666667, 51.974538055555556 ] ] } },
{ "type": "Feature", "properties": { "betriebstag": "2026-01-29", "frt_fid": "24516", "edge_idx": 14, "cum_start_m": 4916.8518467481554, "cum_end_m": 5163.5275357607197 }, "geometry": { "type": "LineString", "coordinates": [ [ 7.619821666666667, 51.974538055555556 ], [ 7.6233275, 51.974058611111111 ] ] } },
{ "type": "Feature", "properties": { "betriebstag": "2026-01-29", "frt_fid": "24516", "edge_idx": 15, "cum_start_m": 5163.5275357607197, "cum_end_m": 5398.6287585085056 }, "geometry": { "type": "LineString", "coordinates": [ [ 7.6233275, 51.974058611111111 ], [ 7.622440833333334, 51.972017222222227 ] ] } },
{ "type": "Feature", "properties": { "betriebstag": "2026-01-29", "frt_fid": "24516", "edge_idx": 16, "cum_start_m": 5398.6287585085056, "cum_end_m": 5591.8315667054976 }, "geometry": { "type": "LineString", "coordinates": [ [ 7.622440833333334, 51.972017222222227 ], [ 7.622116111111112, 51.970291944444448 ] ] } },
{ "type": "Feature", "properties": { "betriebstag": "2026-01-29", "frt_fid": "24516", "edge_idx": 17, "cum_start_m": 5591.8315667054976, "cum_end_m": 5900.3984632161601 }, "geometry": { "type": "LineString", "coordinates": [ [ 7.622116111111112, 51.970291944444448 ], [ 7.623097777777779, 51.967585 ] ] } },
{ "type": "Feature", "properties": { "betriebstag": "2026-01-29", "frt_fid": "24516", "edge_idx": 18, "cum_start_m": 5900.3984632161601, "cum_end_m": 6273.2500209723021 }, "geometry": { "type": "LineString", "coordinates": [ [ 7.623097777777779, 51.967585 ], [ 7.626976111111111, 51.96524055555556 ] ] } },
{ "type": "Feature", "properties": { "betriebstag": "2026-01-29", "frt_fid": "24516", "edge_idx": 19, "cum_start_m": 6273.2500209723021, "cum_end_m": 6574.2691961920973 }, "geometry": { "type": "LineString", "coordinates": [ [ 7.626976111111111, 51.96524055555556 ], [ 7.630732222222223, 51.963847777777779 ] ] } },
{ "type": "Feature", "properties": { "betriebstag": "2026-01-29", "frt_fid": "24516", "edge_idx": 20, "cum_start_m": 6574.2691961920973, "cum_end_m": 7014.8486351403217 }, "geometry": { "type": "LineString", "coordinates": [ [ 7.630732222222223, 51.963847777777779 ], [ 7.635060833333333, 51.960925833333334 ] ] } },
{ "type": "Feature", "properties": { "betriebstag": "2026-01-29", "frt_fid": "24516", "edge_idx": 21, "cum_start_m": 7014.8486351403217, "cum_end_m": 7426.5254121041244 }, "geometry": { "type": "LineString", "coordinates": [ [ 7.635060833333333, 51.960925833333334 ], [ 7.634171666666666, 51.957265833333338 ] ] } },
{ "type": "Feature", "properties": { "betriebstag": "2026-01-29", "frt_fid": "24516", "edge_idx": 22, "cum_start_m": 7426.5254121041244, "cum_end_m": 7950.3431831831149 }, "geometry": { "type": "LineString", "coordinates": [ [ 7.634171666666666, 51.957265833333338 ], [ 7.626748055555556, 51.956198333333333 ] ] } },
{ "type": "Feature", "properties": { "betriebstag": "2026-01-29", "frt_fid": "24516", "edge_idx": 23, "cum_start_m": 7950.3431831831149, "cum_end_m": 8342.0366972905358 }, "geometry": { "type": "LineString", "coordinates": [ [ 7.626748055555556, 51.956198333333333 ], [ 7.621243611111112, 51.955285277777783 ] ] } },
{ "type": "Feature", "properties": { "betriebstag": "2026-01-29", "frt_fid": "24516", "edge_idx": 24, "cum_start_m": 8342.0366972905358, "cum_end_m": 8767.0286066528079 }, "geometry": { "type": "LineString", "coordinates": [ [ 7.621243611111112, 51.955285277777783 ], [ 7.618360555555556, 51.951905277777783 ] ] } },
{ "type": "Feature", "properties": { "betriebstag": "2026-01-29", "frt_fid": "24516", "edge_idx": 25, "cum_start_m": 8767.0286066528079, "cum_end_m": 9095.2637837406583 }, "geometry": { "type": "LineString", "coordinates": [ [ 7.618360555555556, 51.951905277777783 ], [ 7.616151388888889, 51.949289166666667 ] ] } },
{ "type": "Feature", "properties": { "betriebstag": "2026-01-29", "frt_fid": "24516", "edge_idx": 26, "cum_start_m": 9095.2637837406583, "cum_end_m": 9727.8555085226053 }, "geometry": { "type": "LineString", "coordinates": [ [ 7.616151388888889, 51.949289166666667 ], [ 7.612045833333333, 51.944199444444443 ] ] } },
{ "type": "Feature", "properties": { "betriebstag": "2026-01-29", "frt_fid": "24516", "edge_idx": 27, "cum_start_m": 9727.8555085226053, "cum_end_m": 10211.243590625469 }, "geometry": { "type": "LineString", "coordinates": [ [ 7.612045833333333, 51.944199444444443 ], [ 7.608778611111111, 51.940351388888885 ] ] } },
{ "type": "Feature", "properties": { "betriebstag": "2026-01-29", "frt_fid": "24516", "edge_idx": 28, "cum_start_m": 10211.243590625469, "cum_end_m": 10531.784382585989 }, "geometry": { "type": "LineString", "coordinates": [ [ 7.608778611111111, 51.940351388888885 ], [ 7.605851666666666, 51.938108333333332 ] ] } },
{ "type": "Feature", "properties": { "betriebstag": "2026-01-29", "frt_fid": "24516", "edge_idx": 29, "cum_start_m": 10531.784382585989, "cum_end_m": 10826.220830002298 }, "geometry": { "type": "LineString", "coordinates": [ [ 7.605851666666666, 51.938108333333332 ], [ 7.602868611111111, 51.936209166666664 ] ] } },
{ "type": "Feature", "properties": { "betriebstag": "2026-01-29", "frt_fid": "24516", "edge_idx": 30, "cum_start_m": 10826.220830002298, "cum_end_m": 11107.547957517067 }, "geometry": { "type": "LineString", "coordinates": [ [ 7.602868611111111, 51.936209166666664 ], [ 7.599746944444444, 51.934574166666664 ] ] } },
{ "type": "Feature", "properties": { "betriebstag": "2026-01-29", "frt_fid": "24516", "edge_idx": 31, "cum_start_m": 11107.547957517067, "cum_end_m": 11603.237017736159 }, "geometry": { "type": "LineString", "coordinates": [ [ 7.599746944444444, 51.934574166666664 ], [ 7.594443055555555, 51.931556111111107 ] ] } },
{ "type": "Feature", "properties": { "betriebstag": "2026-01-29", "frt_fid": "24516", "edge_idx": 32, "cum_start_m": 11603.237017736159, "cum_end_m": 11843.388957195351 }, "geometry": { "type": "LineString", "coordinates": [ [ 7.594443055555555, 51.931556111111107 ], [ 7.591849444444444, 51.930110277777779 ] ] } },
{ "type": "Feature", "properties": { "betriebstag": "2026-01-29", "frt_fid": "24516", "edge_idx": 33, "cum_start_m": 11843.388957195351, "cum_end_m": 12191.84927886982 }, "geometry": { "type": "LineString", "coordinates": [ [ 7.591849444444444, 51.930110277777779 ], [ 7.587873611111111, 51.928168055555552 ] ] } },
{ "type": "Feature", "properties": { "betriebstag": "2026-01-29", "frt_fid": "24516", "edge_idx": 34, "cum_start_m": 12191.84927886982, "cum_end_m": 12571.841950427828 }, "geometry": { "type": "LineString", "coordinates": [ [ 7.587873611111111, 51.928168055555552 ], [ 7.582982777777778, 51.926578333333332 ] ] } },
{ "type": "Feature", "properties": { "betriebstag": "2026-01-29", "frt_fid": "24516", "edge_idx": 35, "cum_start_m": 12571.841950427828, "cum_end_m": 12900.072642387888 }, "geometry": { "type": "LineString", "coordinates": [ [ 7.582982777777778, 51.926578333333332 ], [ 7.578722777777777, 51.925247777777777 ] ] } },
{ "type": "Feature", "properties": { "betriebstag": "2026-01-29", "frt_fid": "24516", "edge_idx": 36, "cum_start_m": 12900.072642387888, "cum_end_m": 13276.012459881504 }, "geometry": { "type": "LineString", "coordinates": [ [ 7.578722777777777, 51.925247777777777 ], [ 7.573266111111111, 51.925046388888887 ] ] } },
{ "type": "Feature", "properties": { "betriebstag": "2026-01-29", "frt_fid": "24516", "edge_idx": 37, "cum_start_m": 13276.012459881504, "cum_end_m": 14100.758832079808 }, "geometry": { "type": "LineString", "coordinates": [ [ 7.573266111111111, 51.925046388888887 ], [ 7.561284166666667, 51.925354166666665 ] ] } },
{ "type": "Feature", "properties": { "betriebstag": "2026-01-29", "frt_fid": "24516", "edge_idx": 38, "cum_start_m": 14100.758832079808, "cum_end_m": 14790.067665141069 }, "geometry": { "type": "LineString", "coordinates": [ [ 7.561284166666667, 51.925354166666665 ], [ 7.551272222222222, 51.925064166666665 ] ] } },
{ "type": "Feature", "properties": { "betriebstag": "2026-01-29", "frt_fid": "24516", "edge_idx": 39, "cum_start_m": 14790.067665141069, "cum_end_m": 15971.447205531978 }, "geometry": { "type": "LineString", "coordinates": [ [ 7.551272222222222, 51.925064166666665 ], [ 7.534105277777778, 51.924687777777777 ] ] } },
{ "type": "Feature", "properties": { "betriebstag": "2026-01-29", "frt_fid": "24516", "edge_idx": 40, "cum_start_m": 15971.447205531978, "cum_end_m": 16426.700717325602 }, "geometry": { "type": "LineString", "coordinates": [ [ 7.534105277777778, 51.924687777777777 ], [ 7.527485833333333, 51.924708611111107 ] ] } },
{ "type": "Feature", "properties": { "betriebstag": "2026-01-29", "frt_fid": "24516", "edge_idx": 41, "cum_start_m": 16426.700717325602, "cum_end_m": 16680.91432050231 }, "geometry": { "type": "LineString", "coordinates": [ [ 7.527485833333333, 51.924708611111107 ], [ 7.523809166666666, 51.924944166666663 ] ] } },
{ "type": "Feature", "properties": { "betriebstag": "2026-01-29", "frt_fid": "24516", "edge_idx": 42, "cum_start_m": 16680.91432050231, "cum_end_m": 17003.434758414649 }, "geometry": { "type": "LineString", "coordinates": [ [ 7.523809166666666, 51.924944166666663 ], [ 7.519123611111111, 51.925064166666665 ] ] } },
{ "type": "Feature", "properties": { "betriebstag": "2026-01-29", "frt_fid": "24516", "edge_idx": 43, "cum_start_m": 17003.434758414649, "cum_end_m": 17272.753674940966 }, "geometry": { "type": "LineString", "coordinates": [ [ 7.519123611111111, 51.925064166666665 ], [ 7.522211944444444, 51.923575555555551 ] ] } },
{ "type": "Feature", "properties": { "betriebstag": "2026-01-29", "frt_fid": "24516", "edge_idx": 44, "cum_start_m": 17272.753674940966, "cum_end_m": 17585.094865628053 }, "geometry": { "type": "LineString", "coordinates": [ [ 7.522211944444444, 51.923575555555551 ], [ 7.526630833333333, 51.922927777777772 ] ] } },
{ "type": "Feature", "properties": { "betriebstag": "2026-01-29", "frt_fid": "24516", "edge_idx": 45, "cum_start_m": 17585.094865628053, "cum_end_m": 17912.539339693223 }, "geometry": { "type": "LineString", "coordinates": [ [ 7.526630833333333, 51.922927777777772 ], [ 7.527240833333333, 51.920008333333328 ] ] } },
{ "type": "Feature", "properties": { "betriebstag": "2026-01-29", "frt_fid": "24516", "edge_idx": 46, "cum_start_m": 17912.539339693223, "cum_end_m": 18164.880429445235 }, "geometry": { "type": "LineString", "coordinates": [ [ 7.527240833333333, 51.920008333333328 ], [ 7.528196111111111, 51.91781805555555 ] ] } },
{ "type": "Feature", "properties": { "betriebstag": "2026-01-29", "frt_fid": "24516", "edge_idx": 47, "cum_start_m": 18164.880429445235, "cum_end_m": 18399.365935811704 }, "geometry": { "type": "LineString", "coordinates": [ [ 7.528196111111111, 51.91781805555555 ], [ 7.525296388888889, 51.916709722222222 ] ] } },
{ "type": "Feature", "properties": { "betriebstag": "2026-01-29", "frt_fid": "24516", "edge_idx": 48, "cum_start_m": 18399.365935811704, "cum_end_m": 18672.120609331803 }, "geometry": { "type": "LineString", "coordinates": [ [ 7.525296388888889, 51.916709722222222 ], [ 7.527406944444444, 51.914633888888886 ] ] } },
{ "type": "Feature", "properties": { "betriebstag": "2026-01-29", "frt_fid": "24524", "edge_idx": 0, "cum_start_m": 0.0, "cum_end_m": 252.38518567391679 }, "geometry": { "type": "LineString", "coordinates": [ [ 7.590370833333333, 51.998806111111115 ], [ 7.592259166666667, 52.000752777777777 ] ] } },
{ "type": "Feature", "properties": { "betriebstag": "2026-01-29", "frt_fid": "24524", "edge_idx": 1, "cum_start_m": 252.38518567391679, "cum_end_m": 465.78551979183834 }, "geometry": { "type": "LineString", "coordinates": [ [ 7.592259166666667, 52.000752777777777 ], [ 7.595288888888889, 52.000324444444445 ] ] } },
{ "type": "Feature", "properties": { "betriebstag": "2026-01-29", "frt_fid": "24524", "edge_idx": 2, "cum_start_m": 465.78551979183834, "cum_end_m": 817.77613550934825 }, "geometry": { "type": "LineString", "coordinates": [ [ 7.595288888888889, 52.000324444444445 ], [ 7.598407222222222, 51.997812777777781 ] ] } },
{ "type": "Feature", "properties": { "betriebstag": "2026-01-29", "frt_fid": "24524", "edge_idx": 3, "cum_start_m": 817.77613550934825, "cum_end_m": 1135.01387229907 }, "geometry": { "type": "LineString", "coordinates": [ [ 7.598407222222222, 51.997812777777781 ], [ 7.602791388888889, 51.99691277777778 ] ] } },
{ "type": "Feature", "properties": { "betriebstag": "2026-01-29", "frt_fid": "24524", "edge_idx": 4, "cum_start_m": 1135.01387229907, "cum_end_m": 1527.4445791228004 }, "geometry": { "type": "LineString", "coordinates": [ [ 7.602791388888889, 51.99691277777778 ], [ 7.608435, 51.99747 ] ] } },
{ "type": "Feature", "properties": { "betriebstag": "2026-01-29", "frt_fid": "24524", "edge_idx": 5, "cum_start_m": 1527.4445791228004, "cum_end_m": 1804.0313800604363 }, "geometry": { "type": "LineString", "coordinates": [ [ 7.608435, 51.99747 ], [ 7.612418333333333, 51.997840277777776 ] ] } },
{ "type": "Feature", "properties": { "betriebstag": "2026-01-29", "frt_fid": "24524", "edge_idx": 6, "cum_start_m": 1804.0313800604363, "cum_end_m": 2013.0376171625655 }, "geometry": { "type": "LineString", "coordinates": [ [ 7.612418333333333, 51.997840277777776 ], [ 7.612816944444444, 51.9959775 ] ] } },
{ "type": "Feature", "properties": { "betriebstag": "2026-01-29", "frt_fid": "24524", "edge_idx": 7, "cum_start_m": 2013.0376171625655, "cum_end_m": 2360.0194762676874 }, "geometry": { "type": "LineString", "coordinates": [ [ 7.612816944444444, 51.9959775 ], [ 7.611991944444444, 51.9929 ] ] } },
{ "type": "Feature", "properties": { "betriebstag": "2026-01-29", "frt_fid": "24524", "edge_idx": 8, "cum_start_m": 2360.0194762676874, "cum_end_m": 2830.7143886621107 }, "geometry": { "type": "LineString", "coordinates": [ [ 7.611991944444444, 51.9929 ], [ 7.611138611111111, 51.988701388888892 ] ] } },
{ "type": "Feature", "properties": { "betriebstag": "2026-01-29", "frt_fid": "24524", "edge_idx": 9, "cum_start_m": 2830.7143886621107, "cum_end_m": 3509.6057971658861 }, "geometry": { "type": "LineString", "coordinates": [ [ 7.611138611111111, 51.988701388888892 ], [ 7.611624722222222, 51.982605555555558 ] ] } },
{ "type": "Feature", "properties": { "betriebstag": "2026-01-29", "frt_fid": "24524", "edge_idx": 10, "cum_start_m": 3509.6057971658861, "cum_end_m": 3853.593604430167 }, "geometry": { "type": "LineString", "coordinates": [ [ 7.611624722222222, 51.982605555555558 ], [ 7.611845277777777, 51.97951611111111 ] ] } },
{ "type": "Feature", "properties": { "betriebstag": "2026-01-29", "frt_fid": "24524", "edge_idx": 11, "cum_start_m": 3853.593604430167, "cum_end_m": 4146.9336982512405 }, "geometry": { "type": "LineString", "coordinates": [ [ 7.611845277777777, 51.97951611111111 ], [ 7.612074166666666, 51.976882777777782 ] ] } },
{ "type": "Feature", "properties": { "betriebstag": "2026-01-29", "frt_fid": "24524", "edge_idx": 12, "cum_start_m": 4146.9336982512405, "cum_end_m": 4452.3266945865635 }, "geometry": { "type": "LineString", "coordinates": [ [ 7.612074166666666, 51.976882777777782 ], [ 7.613080833333333, 51.974208611111116 ] ] } },
{ "type": "Feature", "properties": { "betriebstag": "2026-01-29", "frt_fid": "24524", "edge_idx": 13, "cum_start_m": 4452.3266945865635, "cum_end_m": 4916.8518467481554 }, "geometry": { "type": "LineString", "coordinates": [ [ 7.613080833333333, 51.974208611111116 ], [ 7.619821666666667, 51.974538055555556 ] ] } },
{ "type": "Feature", "properties": { "betriebstag": "2026-01-29", "frt_fid": "24524", "edge_idx": 14, "cum_start_m": 4916.8518467481554, "cum_end_m": 5163.5275357607197 }, "geometry": { "type": "LineString", "coordinates": [ [ 7.619821666666667, 51.974538055555556 ], [ 7.6233275, 51.974058611111111 ] ] } },
{ "type": "Feature", "properties": { "betriebstag": "2026-01-29", "frt_fid": "24524", "edge_idx": 15, "cum_start_m": 5163.5275357607197, "cum_end_m": 5398.6287585085056 }, "geometry": { "type": "LineString", "coordinates": [ [ 7.6233275, 51.974058611111111 ], [ 7.622440833333334, 51.972017222222227 ] ] } },
{ "type": "Feature", "properties": { "betriebstag": "2026-01-29", "frt_fid": "24524", "edge_idx": 16, "cum_start_m": 5398.6287585085056, "cum_end_m": 5591.8315667054976 }, "geometry": { "type": "LineString", "coordinates": [ [ 7.622440833333334, 51.972017222222227 ], [ 7.622116111111112, 51.970291944444448 ] ] } },
{ "type": "Feature", "properties": { "betriebstag": "2026-01-29", "frt_fid": "24524", "edge_idx": 17, "cum_start_m": 5591.8315667054976, "cum_end_m": 5900.3984632161601 }, "geometry": { "type": "LineString", "coordinates": [ [ 7.622116111111112, 51.970291944444448 ], [ 7.623097777777779, 51.967585 ] ] } },
{ "type": "Feature", "properties": { "betriebstag": "2026-01-29", "frt_fid": "24524", "edge_idx": 18, "cum_start_m": 5900.3984632161601, "cum_end_m": 6273.2500209723021 }, "geometry": { "type": "LineString", "coordinates": [ [ 7.623097777777779, 51.967585 ], [ 7.626976111111111, 51.96524055555556 ] ] } },
{ "type": "Feature", "properties": { "betriebstag": "2026-01-29", "frt_fid": "24524", "edge_idx": 19, "cum_start_m": 6273.2500209723021, "cum_end_m": 6574.2691961920973 }, "geometry": { "type": "LineString", "coordinates": [ [ 7.626976111111111, 51.96524055555556 ], [ 7.630732222222223, 51.963847777777779 ] ] } },
{ "type": "Feature", "properties": { "betriebstag": "2026-01-29", "frt_fid": "24524", "edge_idx": 20, "cum_start_m": 6574.2691961920973, "cum_end_m": 7014.8486351403217 }, "geometry": { "type": "LineString", "coordinates": [ [ 7.630732222222223, 51.963847777777779 ], [ 7.635060833333333, 51.960925833333334 ] ] } },
{ "type": "Feature", "properties": { "betriebstag": "2026-01-29", "frt_fid": "24524", "edge_idx": 21, "cum_start_m": 7014.8486351403217, "cum_end_m": 7426.5254121041244 }, "geometry": { "type": "LineString", "coordinates": [ [ 7.635060833333333, 51.960925833333334 ], [ 7.634171666666666, 51.957265833333338 ] ] } },
{ "type": "Feature", "properties": { "betriebstag": "2026-01-29", "frt_fid": "24524", "edge_idx": 22, "cum_start_m": 7426.5254121041244, "cum_end_m": 7950.3431831831149 }, "geometry": { "type": "LineString", "coordinates": [ [ 7.634171666666666, 51.957265833333338 ], [ 7.626748055555556, 51.956198333333333 ] ] } },
{ "type": "Feature", "properties": { "betriebstag": "2026-01-29", "frt_fid": "24524", "edge_idx": 23, "cum_start_m": 7950.3431831831149, "cum_end_m": 8342.0366972905358 }, "geometry": { "type": "LineString", "coordinates": [ [ 7.626748055555556, 51.956198333333333 ], [ 7.621243611111112, 51.955285277777783 ] ] } },
{ "type": "Feature", "properties": { "betriebstag": "2026-01-29", "frt_fid": "24524", "edge_idx": 24, "cum_start_m": 8342.0366972905358, "cum_end_m": 8767.0286066528079 }, "geometry": { "type": "LineString", "coordinates": [ [ 7.621243611111112, 51.955285277777783 ], [ 7.618360555555556, 51.951905277777783 ] ] } },
{ "type": "Feature", "properties": { "betriebstag": "2026-01-29", "frt_fid": "24524", "edge_idx": 25, "cum_start_m": 8767.0286066528079, "cum_end_m": 9095.2637837406583 }, "geometry": { "type": "LineString", "coordinates": [ [ 7.618360555555556, 51.951905277777783 ], [ 7.616151388888889, 51.949289166666667 ] ] } },
{ "type": "Feature", "properties": { "betriebstag": "2026-01-29", "frt_fid": "24524", "edge_idx": 26, "cum_start_m": 9095.2637837406583, "cum_end_m": 9727.8555085226053 }, "geometry": { "type": "LineString", "coordinates": [ [ 7.616151388888889, 51.949289166666667 ], [ 7.612045833333333, 51.944199444444443 ] ] } },
{ "type": "Feature", "properties": { "betriebstag": "2026-01-29", "frt_fid": "24524", "edge_idx": 27, "cum_start_m": 9727.8555085226053, "cum_end_m": 10211.243590625469 }, "geometry": { "type": "LineString", "coordinates": [ [ 7.612045833333333, 51.944199444444443 ], [ 7.608778611111111, 51.940351388888885 ] ] } },
{ "type": "Feature", "properties": { "betriebstag": "2026-01-29", "frt_fid": "24524", "edge_idx": 28, "cum_start_m": 10211.243590625469, "cum_end_m": 10531.784382585989 }, "geometry": { "type": "LineString", "coordinates": [ [ 7.608778611111111, 51.940351388888885 ], [ 7.605851666666666, 51.938108333333332 ] ] } },
{ "type": "Feature", "properties": { "betriebstag": "2026-01-29", "frt_fid": "24524", "edge_idx": 29, "cum_start_m": 10531.784382585989, "cum_end_m": 10826.220830002298 }, "geometry": { "type": "LineString", "coordinates": [ [ 7.605851666666666, 51.938108333333332 ], [ 7.602868611111111, 51.936209166666664 ] ] } },
{ "type": "Feature", "properties": { "betriebstag": "2026-01-29", "frt_fid": "24524", "edge_idx": 30, "cum_start_m": 10826.220830002298, "cum_end_m": 11107.547957517067 }, "geometry": { "type": "LineString", "coordinates": [ [ 7.602868611111111, 51.936209166666664 ], [ 7.599746944444444, 51.934574166666664 ] ] } },
{ "type": "Feature", "properties": { "betriebstag": "2026-01-29", "frt_fid": "24524", "edge_idx": 31, "cum_start_m": 11107.547957517067, "cum_end_m": 11603.237017736159 }, "geometry": { "type": "LineString", "coordinates": [ [ 7.599746944444444, 51.934574166666664 ], [ 7.594443055555555, 51.931556111111107 ] ] } },
{ "type": "Feature", "properties": { "betriebstag": "2026-01-29", "frt_fid": "24524", "edge_idx": 32, "cum_start_m": 11603.237017736159, "cum_end_m": 11843.388957195351 }, "geometry": { "type": "LineString", "coordinates": [ [ 7.594443055555555, 51.931556111111107 ], [ 7.591849444444444, 51.930110277777779 ] ] } },
{ "type": "Feature", "properties": { "betriebstag": "2026-01-29", "frt_fid": "24524", "edge_idx": 33, "cum_start_m": 11843.388957195351, "cum_end_m": 12191.84927886982 }, "geometry": { "type": "LineString", "coordinates": [ [ 7.591849444444444, 51.930110277777779 ], [ 7.587873611111111, 51.928168055555552 ] ] } },
{ "type": "Feature", "properties": { "betriebstag": "2026-01-29", "frt_fid": "24524", "edge_idx": 34, "cum_start_m": 12191.84927886982, "cum_end_m": 12571.841950427828 }, "geometry": { "type": "LineString", "coordinates": [ [ 7.587873611111111, 51.928168055555552 ], [ 7.582982777777778, 51.926578333333332 ] ] } },
{ "type": "Feature", "properties": { "betriebstag": "2026-01-29", "frt_fid": "24524", "edge_idx": 35, "cum_start_m": 12571.841950427828, "cum_end_m": 12900.072642387888 }, "geometry": { "type": "LineString", "coordinates": [ [ 7.582982777777778, 51.926578333333332 ], [ 7.578722777777777, 51.925247777777777 ] ] } },
{ "type": "Feature", "properties": { "betriebstag": "2026-01-29", "frt_fid": "24524", "edge_idx": 36, "cum_start_m": 12900.072642387888, "cum_end_m": 13276.012459881504 }, "geometry": { "type": "LineString", "coordinates": [ [ 7.578722777777777, 51.925247777777777 ], [ 7.573266111111111, 51.925046388888887 ] ] } },
{ "type": "Feature", "properties": { "betriebstag": "2026-01-29", "frt_fid": "24524", "edge_idx": 37, "cum_start_m": 13276.012459881504, "cum_end_m": 14100.758832079808 }, "geometry": { "type": "LineString", "coordinates": [ [ 7.573266111111111, 51.925046388888887 ], [ 7.561284166666667, 51.925354166666665 ] ] } },
{ "type": "Feature", "properties": { "betriebstag": "2026-01-29", "frt_fid": "24524", "edge_idx": 38, "cum_start_m": 14100.758832079808, "cum_end_m": 14790.067665141069 }, "geometry": { "type": "LineString", "coordinates": [ [ 7.561284166666667, 51.925354166666665 ], [ 7.551272222222222, 51.925064166666665 ] ] } },
{ "type": "Feature", "properties": { "betriebstag": "2026-01-29", "frt_fid": "24524", "edge_idx": 39, "cum_start_m": 14790.067665141069, "cum_end_m": 15971.447205531978 }, "geometry": { "type": "LineString", "coordinates": [ [ 7.551272222222222, 51.925064166666665 ], [ 7.534105277777778, 51.924687777777777 ] ] } },
{ "type": "Feature", "properties": { "betriebstag": "2026-01-29", "frt_fid": "24524", "edge_idx": 40, "cum_start_m": 15971.447205531978, "cum_end_m": 16426.700717325602 }, "geometry": { "type": "LineString", "coordinates": [ [ 7.534105277777778, 51.924687777777777 ], [ 7.527485833333333, 51.924708611111107 ] ] } },
{ "type": "Feature", "properties": { "betriebstag": "2026-01-29", "frt_fid": "24524", "edge_idx": 41, "cum_start_m": 16426.700717325602, "cum_end_m": 16680.91432050231 }, "geometry": { "type": "LineString", "coordinates": [ [ 7.527485833333333, 51.924708611111107 ], [ 7.523809166666666, 51.924944166666663 ] ] } },
{ "type": "Feature", "properties": { "betriebstag": "2026-01-29", "frt_fid": "24524", "edge_idx": 42, "cum_start_m": 16680.91432050231, "cum_end_m": 17003.434758414649 }, "geometry": { "type": "LineString", "coordinates": [ [ 7.523809166666666, 51.924944166666663 ], [ 7.519123611111111, 51.925064166666665 ] ] } },
{ "type": "Feature", "properties": { "betriebstag": "2026-01-29", "frt_fid": "24524", "edge_idx": 43, "cum_start_m": 17003.434758414649, "cum_end_m": 17272.753674940966 }, "geometry": { "type": "LineString", "coordinates": [ [ 7.519123611111111, 51.925064166666665 ], [ 7.522211944444444, 51.923575555555551 ] ] } },
{ "type": "Feature", "properties": { "betriebstag": "2026-01-29", "frt_fid": "24524", "edge_idx": 44, "cum_start_m": 17272.753674940966, "cum_end_m": 17585.094865628053 }, "geometry": { "type": "LineString", "coordinates": [ [ 7.522211944444444, 51.923575555555551 ], [ 7.526630833333333, 51.922927777777772 ] ] } },
{ "type": "Feature", "properties": { "betriebstag": "2026-01-29", "frt_fid": "24524", "edge_idx": 45, "cum_start_m": 17585.094865628053, "cum_end_m": 17912.539339693223 }, "geometry": { "type": "LineString", "coordinates": [ [ 7.526630833333333, 51.922927777777772 ], [ 7.527240833333333, 51.920008333333328 ] ] } },
{ "type": "Feature", "properties": { "betriebstag": "2026-01-29", "frt_fid": "24524", "edge_idx": 46, "cum_start_m": 17912.539339693223, "cum_end_m": 18164.880429445235 }, "geometry": { "type": "LineString", "coordinates": [ [ 7.527240833333333, 51.920008333333328 ], [ 7.528196111111111, 51.91781805555555 ] ] } },
{ "type": "Feature", "properties": { "betriebstag": "2026-01-29", "frt_fid": "24524", "edge_idx": 47, "cum_start_m": 18164.880429445235, "cum_end_m": 18399.365935811704 }, "geometry": { "type": "LineString", "coordinates": [ [ 7.528196111111111, 51.91781805555555 ], [ 7.525296388888889, 51.916709722222222 ] ] } },
{ "type": "Feature", "properties": { "betriebstag": "2026-01-29", "frt_fid": "24524", "edge_idx": 48, "cum_start_m": 18399.365935811704, "cum_end_m": 18672.120609331803 }, "geometry": { "type": "LineString", "coordinates": [ [ 7.525296388888889, 51.916709722222222 ], [ 7.527406944444444, 51.914633888888886 ] ] } },
{ "type": "Feature", "properties": { "betriebstag": "2026-01-29", "frt_fid": "49085", "edge_idx": 0, "cum_start_m": 0.0, "cum_end_m": 252.81103068142528 }, "geometry": { "type": "LineString", "coordinates": [ [ 7.527406944444444, 51.914633888888886 ], [ 7.525148611111111, 51.916426944444446 ] ] } },
{ "type": "Feature", "properties": { "betriebstag": "2026-01-29", "frt_fid": "49085", "edge_idx": 1, "cum_start_m": 252.81103068142528, "cum_end_m": 512.9345907511447 }, "geometry": { "type": "LineString", "coordinates": [ [ 7.525148611111111, 51.916426944444446 ], [ 7.5283925, 51.917628888888885 ] ] } },
{ "type": "Feature", "properties": { "betriebstag": "2026-01-29", "frt_fid": "49085", "edge_idx": 2, "cum_start_m": 512.9345907511447, "cum_end_m": 853.93326983610382 }, "geometry": { "type": "LineString", "coordinates": [ [ 7.5283925, 51.917628888888885 ], [ 7.5272425, 51.920610833333328 ] ] } },
{ "type": "Feature", "properties": { "betriebstag": "2026-01-29", "frt_fid": "49085", "edge_idx": 3, "cum_start_m": 853.93326983610382, "cum_end_m": 1134.347999177452 }, "geometry": { "type": "LineString", "coordinates": [ [ 7.5272425, 51.920610833333328 ], [ 7.526746944444445, 51.923113055555554 ] ] } },
{ "type": "Feature", "properties": { "betriebstag": "2026-01-29", "frt_fid": "49085", "edge_idx": 4, "cum_start_m": 1134.347999177452, "cum_end_m": 1456.2495256673139 }, "geometry": { "type": "LineString", "coordinates": [ [ 7.526746944444445, 51.923113055555554 ], [ 7.522214166666666, 51.923834166666666 ] ] } },
{ "type": "Feature", "properties": { "betriebstag": "2026-01-29", "frt_fid": "49085", "edge_idx": 5, "cum_start_m": 1456.2495256673139, "cum_end_m": 1667.7506820018784 }, "geometry": { "type": "LineString", "coordinates": [ [ 7.522214166666666, 51.923834166666666 ], [ 7.519796388888889, 51.925009166666662 ] ] } },
{ "type": "Feature", "properties": { "betriebstag": "2026-01-29", "frt_fid": "49085", "edge_idx": 6, "cum_start_m": 1667.7506820018784, "cum_end_m": 1927.6472379841873 }, "geometry": { "type": "LineString", "coordinates": [ [ 7.519796388888889, 51.925009166666662 ], [ 7.523565, 51.924836111111105 ] ] } },
{ "type": "Feature", "properties": { "betriebstag": "2026-01-29", "frt_fid": "49085", "edge_idx": 7, "cum_start_m": 1927.6472379841873, "cum_end_m": 2231.3907711767947 }, "geometry": { "type": "LineString", "coordinates": [ [ 7.523565, 51.924836111111105 ], [ 7.527928611111111, 51.924414722222217 ] ] } },
{ "type": "Feature", "properties": { "betriebstag": "2026-01-29", "frt_fid": "49085", "edge_idx": 8, "cum_start_m": 2231.3907711767947, "cum_end_m": 2697.9655963077685 }, "geometry": { "type": "LineString", "coordinates": [ [ 7.527928611111111, 51.924414722222217 ], [ 7.534711111111111, 51.924506111111107 ] ] } },
{ "type": "Feature", "properties": { "betriebstag": "2026-01-29", "frt_fid": "49085", "edge_idx": 9, "cum_start_m": 2697.9655963077685, "cum_end_m": 3893.0446921821531 }, "geometry": { "type": "LineString", "coordinates": [ [ 7.534711111111111, 51.924506111111107 ], [ 7.552072777777777, 51.924955555555556 ] ] } },
{ "type": "Feature", "properties": { "betriebstag": "2026-01-29", "frt_fid": "49085", "edge_idx": 10, "cum_start_m": 3893.0446921821531, "cum_end_m": 4627.6557294966078 }, "geometry": { "type": "LineString", "coordinates": [ [ 7.552072777777777, 51.924955555555556 ], [ 7.562747222222222, 51.9251975 ] ] } },
{ "type": "Feature", "properties": { "betriebstag": "2026-01-29", "frt_fid": "49085", "edge_idx": 11, "cum_start_m": 4627.6557294966078, "cum_end_m": 5380.8593173343543 }, "geometry": { "type": "LineString", "coordinates": [ [ 7.562747222222222, 51.9251975 ], [ 7.573689166666666, 51.924907777777776 ] ] } },
{ "type": "Feature", "properties": { "betriebstag": "2026-01-29", "frt_fid": "49085", "edge_idx": 12, "cum_start_m": 5380.8593173343543, "cum_end_m": 5815.2495216643429 }, "geometry": { "type": "LineString", "coordinates": [ [ 7.573689166666666, 51.924907777777776 ], [ 7.579957777777778, 51.925386666666661 ] ] } },
{ "type": "Feature", "properties": { "betriebstag": "2026-01-29", "frt_fid": "49085", "edge_idx": 13, "cum_start_m": 5815.2495216643429, "cum_end_m": 6079.3752657665036 }, "geometry": { "type": "LineString", "coordinates": [ [ 7.579957777777778, 51.925386666666661 ], [ 7.583341666666667, 51.926509722222221 ] ] } },
{ "type": "Feature", "properties": { "betriebstag": "2026-01-29", "frt_fid": "49085", "edge_idx": 14, "cum_start_m": 6079.3752657665036, "cum_end_m": 6450.9601449603824 }, "geometry": { "type": "LineString", "coordinates": [ [ 7.583341666666667, 51.926509722222221 ], [ 7.588090277777778, 51.928103611111112 ] ] } },
{ "type": "Feature", "properties": { "betriebstag": "2026-01-29", "frt_fid": "49085", "edge_idx": 15, "cum_start_m": 6450.9601449603824, "cum_end_m": 6878.7736095791061 }, "geometry": { "type": "LineString", "coordinates": [ [ 7.588090277777778, 51.928103611111112 ], [ 7.592937222222222, 51.93051472222222 ] ] } },
{ "type": "Feature", "properties": { "betriebstag": "2026-01-29", "frt_fid": "49085", "edge_idx": 16, "cum_start_m": 6878.7736095791061, "cum_end_m": 7100.6558450639195 }, "geometry": { "type": "LineString", "coordinates": [ [ 7.592937222222222, 51.93051472222222 ], [ 7.595317222222222, 51.931861666666663 ] ] } },
{ "type": "Feature", "properties": { "betriebstag": "2026-01-29", "frt_fid": "49085", "edge_idx": 17, "cum_start_m": 7100.6558450639195, "cum_end_m": 7547.7746374858225 }, "geometry": { "type": "LineString", "coordinates": [ [ 7.595317222222222, 51.931861666666663 ], [ 7.600118888888889, 51.934572222222222 ] ] } },
{ "type": "Feature", "properties": { "betriebstag": "2026-01-29", "frt_fid": "49085", "edge_idx": 18, "cum_start_m": 7547.7746374858225, "cum_end_m": 7851.0986481443106 }, "geometry": { "type": "LineString", "coordinates": [ [ 7.600118888888889, 51.934572222222222 ], [ 7.603557777777778, 51.936280277777776 ] ] } },
{ "type": "Feature", "properties": { "betriebstag": "2026-01-29", "frt_fid": "49085", "edge_idx": 19, "cum_start_m": 7851.0986481443106, "cum_end_m": 8139.4908914998105 }, "geometry": { "type": "LineString", "coordinates": [ [ 7.603557777777778, 51.936280277777776 ], [ 7.606431944444444, 51.938168611111109 ] ] } },
{ "type": "Feature", "properties": { "betriebstag": "2026-01-29", "frt_fid": "49085", "edge_idx": 20, "cum_start_m": 8139.4908914998105, "cum_end_m": 8439.6655347032174 }, "geometry": { "type": "LineString", "coordinates": [ [ 7.606431944444444, 51.938168611111109 ], [ 7.609121388888888, 51.94029444444444 ] ] } },
{ "type": "Feature", "properties": { "betriebstag": "2026-01-29", "frt_fid": "49085", "edge_idx": 21, "cum_start_m": 8439.6655347032174, "cum_end_m": 8932.9279763290979 }, "geometry": { "type": "LineString", "coordinates": [ [ 7.609121388888888, 51.94029444444444 ], [ 7.612395555555556, 51.944240277777773 ] ] } },
{ "type": "Feature", "properties": { "betriebstag": "2026-01-29", "frt_fid": "49085", "edge_idx": 22, "cum_start_m": 8932.9279763290979, "cum_end_m": 9593.9734084663633 }, "geometry": { "type": "LineString", "coordinates": [ [ 7.612395555555556, 51.944240277777773 ], [ 7.616818611111111, 51.949517222222219 ] ] } },
{ "type": "Feature", "properties": { "betriebstag": "2026-01-29", "frt_fid": "49085", "edge_idx": 23, "cum_start_m": 9593.9734084663633, "cum_end_m": 9941.2500869354153 }, "geometry": { "type": "LineString", "coordinates": [ [ 7.616818611111111, 51.949517222222219 ], [ 7.619033333333334, 51.952323333333339 ] ] } },
{ "type": "Feature", "properties": { "betriebstag": "2026-01-29", "frt_fid": "49085", "edge_idx": 24, "cum_start_m": 9941.2500869354153, "cum_end_m": 10311.455762363797 }, "geometry": { "type": "LineString", "coordinates": [ [ 7.619033333333334, 51.952323333333339 ], [ 7.621679444444445, 51.955222222222226 ] ] } },
{ "type": "Feature", "properties": { "betriebstag": "2026-01-29", "frt_fid": "49085", "edge_idx": 25, "cum_start_m": 10311.455762363797, "cum_end_m": 10769.242518443578 }, "geometry": { "type": "LineString", "coordinates": [ [ 7.621679444444445, 51.955222222222226 ], [ 7.628273611111112, 51.955803888888894 ] ] } },
{ "type": "Feature", "properties": { "betriebstag": "2026-01-29", "frt_fid": "49085", "edge_idx": 26, "cum_start_m": 10769.242518443578, "cum_end_m": 11235.756337761621 }, "geometry": { "type": "LineString", "coordinates": [ [ 7.628273611111112, 51.955803888888894 ], [ 7.634583333333333, 51.957350555555557 ] ] } },
{ "type": "Feature", "properties": { "betriebstag": "2026-01-29", "frt_fid": "49085", "edge_idx": 27, "cum_start_m": 11235.756337761621, "cum_end_m": 11728.337723597298 }, "geometry": { "type": "LineString", "coordinates": [ [ 7.634583333333333, 51.957350555555557 ], [ 7.635514166666666, 51.961741388888889 ] ] } },
{ "type": "Feature", "properties": { "betriebstag": "2026-01-29", "frt_fid": "49085", "edge_idx": 28, "cum_start_m": 11728.337723597298, "cum_end_m": 12174.065073310801 }, "geometry": { "type": "LineString", "coordinates": [ [ 7.635514166666666, 51.961741388888889 ], [ 7.630303611111112, 51.964128055555555 ] ] } },
{ "type": "Feature", "properties": { "betriebstag": "2026-01-29", "frt_fid": "49085", "edge_idx": 29, "cum_start_m": 12174.065073310801, "cum_end_m": 12439.678286307873 }, "geometry": { "type": "LineString", "coordinates": [ [ 7.630303611111112, 51.964128055555555 ], [ 7.626990833333334, 51.965358611111114 ] ] } },
{ "type": "Feature", "properties": { "betriebstag": "2026-01-29", "frt_fid": "49085", "edge_idx": 30, "cum_start_m": 12439.678286307873, "cum_end_m": 12779.107562132333 }, "geometry": { "type": "LineString", "coordinates": [ [ 7.626990833333334, 51.965358611111114 ], [ 7.6232925, 51.967381666666668 ] ] } },
{ "type": "Feature", "properties": { "betriebstag": "2026-01-29", "frt_fid": "49085", "edge_idx": 31, "cum_start_m": 12779.107562132333, "cum_end_m": 13072.281679112135 }, "geometry": { "type": "LineString", "coordinates": [ [ 7.6232925, 51.967381666666668 ], [ 7.622248611111112, 51.969937222222221 ] ] } },
{ "type": "Feature", "properties": { "betriebstag": "2026-01-29", "frt_fid": "49085", "edge_idx": 32, "cum_start_m": 13072.281679112135, "cum_end_m": 13376.287885595981 }, "geometry": { "type": "LineString", "coordinates": [ [ 7.622248611111112, 51.969937222222221 ], [ 7.623106944444445, 51.972618333333337 ] ] } },
{ "type": "Feature", "properties": { "betriebstag": "2026-01-29", "frt_fid": "49085", "edge_idx": 33, "cum_start_m": 13376.287885595981, "cum_end_m": 13621.86530573016 }, "geometry": { "type": "LineString", "coordinates": [ [ 7.623106944444445, 51.972618333333337 ], [ 7.622308333333334, 51.974770277777779 ] ] } },
{ "type": "Feature", "properties": { "betriebstag": "2026-01-29", "frt_fid": "49085", "edge_idx": 34, "cum_start_m": 13621.86530573016, "cum_end_m": 13991.900775013413 }, "geometry": { "type": "LineString", "coordinates": [ [ 7.622308333333334, 51.974770277777779 ], [ 7.616933333333334, 51.97455305555556 ] ] } },
{ "type": "Feature", "properties": { "betriebstag": "2026-01-29", "frt_fid": "49085", "edge_idx": 35, "cum_start_m": 13991.900775013413, "cum_end_m": 14299.481537855607 }, "geometry": { "type": "LineString", "coordinates": [ [ 7.616933333333334, 51.97455305555556 ], [ 7.612489722222222, 51.974891944444444 ] ] } },
{ "type": "Feature", "properties": { "betriebstag": "2026-01-29", "frt_fid": "49085", "edge_idx": 36, "cum_start_m": 14299.481537855607, "cum_end_m": 14547.995251270841 }, "geometry": { "type": "LineString", "coordinates": [ [ 7.612489722222222, 51.974891944444444 ], [ 7.61234, 51.97712416666667 ] ] } },
{ "type": "Feature", "properties": { "betriebstag": "2026-01-29", "frt_fid": "49085", "edge_idx": 37, "cum_start_m": 14547.995251270841, "cum_end_m": 14812.721890984751 }, "geometry": { "type": "LineString", "coordinates": [ [ 7.61234, 51.97712416666667 ], [ 7.612148333333333, 51.979501111111112 ] ] } },
{ "type": "Feature", "properties": { "betriebstag": "2026-01-29", "frt_fid": "49085", "edge_idx": 38, "cum_start_m": 14812.721890984751, "cum_end_m": 15175.019392042703 }, "geometry": { "type": "LineString", "coordinates": [ [ 7.612148333333333, 51.979501111111112 ], [ 7.611887222222222, 51.982754166666666 ] ] } },
{ "type": "Feature", "properties": { "betriebstag": "2026-01-29", "frt_fid": "49085", "edge_idx": 39, "cum_start_m": 15175.019392042703, "cum_end_m": 15746.086391357845 }, "geometry": { "type": "LineString", "coordinates": [ [ 7.611887222222222, 51.982754166666666 ], [ 7.611500833333333, 51.9878825 ] ] } },
{ "type": "Feature", "properties": { "betriebstag": "2026-01-29", "frt_fid": "49085", "edge_idx": 40, "cum_start_m": 15746.086391357845, "cum_end_m": 16424.249853010529 }, "geometry": { "type": "LineString", "coordinates": [ [ 7.611500833333333, 51.9878825 ], [ 7.612586388888889, 51.993942222222223 ] ] } },
{ "type": "Feature", "properties": { "betriebstag": "2026-01-29", "frt_fid": "49085", "edge_idx": 41, "cum_start_m": 16424.249853010529, "cum_end_m": 16612.39069739858 }, "geometry": { "type": "LineString", "coordinates": [ [ 7.612586388888889, 51.993942222222223 ], [ 7.612988611111111, 51.99561527777778 ] ] } },
{ "type": "Feature", "properties": { "betriebstag": "2026-01-29", "frt_fid": "49085", "edge_idx": 42, "cum_start_m": 16612.39069739858, "cum_end_m": 16879.757597902117 }, "geometry": { "type": "LineString", "coordinates": [ [ 7.612988611111111, 51.99561527777778 ], [ 7.612205, 51.997969722222223 ] ] } },
{ "type": "Feature", "properties": { "betriebstag": "2026-01-29", "frt_fid": "49085", "edge_idx": 43, "cum_start_m": 16879.757597902117, "cum_end_m": 17152.389695180093 }, "geometry": { "type": "LineString", "coordinates": [ [ 7.612205, 51.997969722222223 ], [ 7.6082875, 51.99757 ] ] } },
{ "type": "Feature", "properties": { "betriebstag": "2026-01-29", "frt_fid": "49085", "edge_idx": 44, "cum_start_m": 17152.389695180093, "cum_end_m": 17436.186918475396 }, "geometry": { "type": "LineString", "coordinates": [ [ 7.6082875, 51.99757 ], [ 7.604203611111111, 51.997176944444448 ] ] } },
{ "type": "Feature", "properties": { "betriebstag": "2026-01-29", "frt_fid": "49085", "edge_idx": 45, "cum_start_m": 17436.186918475396, "cum_end_m": 17842.140415629561 }, "geometry": { "type": "LineString", "coordinates": [ [ 7.604203611111111, 51.997176944444448 ], [ 7.598429166666667, 51.997960555555558 ] ] } },
{ "type": "Feature", "properties": { "betriebstag": "2026-01-29", "frt_fid": "49085", "edge_idx": 46, "cum_start_m": 17842.140415629561, "cum_end_m": 18196.691592968011 }, "geometry": { "type": "LineString", "coordinates": [ [ 7.598429166666667, 51.997960555555558 ], [ 7.595289444444444, 52.00049111111111 ] ] } },
{ "type": "Feature", "properties": { "betriebstag": "2026-01-29", "frt_fid": "49085", "edge_idx": 47, "cum_start_m": 18196.691592968011, "cum_end_m": 18406.394435662372 }, "geometry": { "type": "LineString", "coordinates": [ [ 7.595289444444444, 52.00049111111111 ], [ 7.592288888888889, 52.000843333333336 ] ] } },
{ "type": "Feature", "properties": { "betriebstag": "2026-01-29", "frt_fid": "49085", "edge_idx": 48, "cum_start_m": 18406.394435662372, "cum_end_m": 18668.492547611426 }, "geometry": { "type": "LineString", "coordinates": [ [ 7.592288888888889, 52.000843333333336 ], [ 7.590370833333333, 51.998806111111115 ] ] } },
{ "type": "Feature", "properties": { "betriebstag": "2026-01-29", "frt_fid": "49087", "edge_idx": 0, "cum_start_m": 0.0, "cum_end_m": 252.38518567391679 }, "geometry": { "type": "LineString", "coordinates": [ [ 7.590370833333333, 51.998806111111115 ], [ 7.592259166666667, 52.000752777777777 ] ] } },
{ "type": "Feature", "properties": { "betriebstag": "2026-01-29", "frt_fid": "49087", "edge_idx": 1, "cum_start_m": 252.38518567391679, "cum_end_m": 465.78551979183834 }, "geometry": { "type": "LineString", "coordinates": [ [ 7.592259166666667, 52.000752777777777 ], [ 7.595288888888889, 52.000324444444445 ] ] } },
{ "type": "Feature", "properties": { "betriebstag": "2026-01-29", "frt_fid": "49087", "edge_idx": 2, "cum_start_m": 465.78551979183834, "cum_end_m": 817.77613550934825 }, "geometry": { "type": "LineString", "coordinates": [ [ 7.595288888888889, 52.000324444444445 ], [ 7.598407222222222, 51.997812777777781 ] ] } },
{ "type": "Feature", "properties": { "betriebstag": "2026-01-29", "frt_fid": "49087", "edge_idx": 3, "cum_start_m": 817.77613550934825, "cum_end_m": 1135.01387229907 }, "geometry": { "type": "LineString", "coordinates": [ [ 7.598407222222222, 51.997812777777781 ], [ 7.602791388888889, 51.99691277777778 ] ] } },
{ "type": "Feature", "properties": { "betriebstag": "2026-01-29", "frt_fid": "49087", "edge_idx": 4, "cum_start_m": 1135.01387229907, "cum_end_m": 1527.4445791228004 }, "geometry": { "type": "LineString", "coordinates": [ [ 7.602791388888889, 51.99691277777778 ], [ 7.608435, 51.99747 ] ] } },
{ "type": "Feature", "properties": { "betriebstag": "2026-01-29", "frt_fid": "49087", "edge_idx": 5, "cum_start_m": 1527.4445791228004, "cum_end_m": 1804.0313800604363 }, "geometry": { "type": "LineString", "coordinates": [ [ 7.608435, 51.99747 ], [ 7.612418333333333, 51.997840277777776 ] ] } },
{ "type": "Feature", "properties": { "betriebstag": "2026-01-29", "frt_fid": "49087", "edge_idx": 6, "cum_start_m": 1804.0313800604363, "cum_end_m": 2013.0376171625655 }, "geometry": { "type": "LineString", "coordinates": [ [ 7.612418333333333, 51.997840277777776 ], [ 7.612816944444444, 51.9959775 ] ] } },
{ "type": "Feature", "properties": { "betriebstag": "2026-01-29", "frt_fid": "49087", "edge_idx": 7, "cum_start_m": 2013.0376171625655, "cum_end_m": 2360.0194762676874 }, "geometry": { "type": "LineString", "coordinates": [ [ 7.612816944444444, 51.9959775 ], [ 7.611991944444444, 51.9929 ] ] } },
{ "type": "Feature", "properties": { "betriebstag": "2026-01-29", "frt_fid": "49087", "edge_idx": 8, "cum_start_m": 2360.0194762676874, "cum_end_m": 2830.7143886621107 }, "geometry": { "type": "LineString", "coordinates": [ [ 7.611991944444444, 51.9929 ], [ 7.611138611111111, 51.988701388888892 ] ] } },
{ "type": "Feature", "properties": { "betriebstag": "2026-01-29", "frt_fid": "49087", "edge_idx": 9, "cum_start_m": 2830.7143886621107, "cum_end_m": 3509.6057971658861 }, "geometry": { "type": "LineString", "coordinates": [ [ 7.611138611111111, 51.988701388888892 ], [ 7.611624722222222, 51.982605555555558 ] ] } },
{ "type": "Feature", "properties": { "betriebstag": "2026-01-29", "frt_fid": "49087", "edge_idx": 10, "cum_start_m": 3509.6057971658861, "cum_end_m": 3853.593604430167 }, "geometry": { "type": "LineString", "coordinates": [ [ 7.611624722222222, 51.982605555555558 ], [ 7.611845277777777, 51.97951611111111 ] ] } },
{ "type": "Feature", "properties": { "betriebstag": "2026-01-29", "frt_fid": "49087", "edge_idx": 11, "cum_start_m": 3853.593604430167, "cum_end_m": 4146.9336982512405 }, "geometry": { "type": "LineString", "coordinates": [ [ 7.611845277777777, 51.97951611111111 ], [ 7.612074166666666, 51.976882777777782 ] ] } },
{ "type": "Feature", "properties": { "betriebstag": "2026-01-29", "frt_fid": "49087", "edge_idx": 12, "cum_start_m": 4146.9336982512405, "cum_end_m": 4452.3266945865635 }, "geometry": { "type": "LineString", "coordinates": [ [ 7.612074166666666, 51.976882777777782 ], [ 7.613080833333333, 51.974208611111116 ] ] } },
{ "type": "Feature", "properties": { "betriebstag": "2026-01-29", "frt_fid": "49087", "edge_idx": 13, "cum_start_m": 4452.3266945865635, "cum_end_m": 4916.8518467481554 }, "geometry": { "type": "LineString", "coordinates": [ [ 7.613080833333333, 51.974208611111116 ], [ 7.619821666666667, 51.974538055555556 ] ] } },
{ "type": "Feature", "properties": { "betriebstag": "2026-01-29", "frt_fid": "49087", "edge_idx": 14, "cum_start_m": 4916.8518467481554, "cum_end_m": 5163.5275357607197 }, "geometry": { "type": "LineString", "coordinates": [ [ 7.619821666666667, 51.974538055555556 ], [ 7.6233275, 51.974058611111111 ] ] } },
{ "type": "Feature", "properties": { "betriebstag": "2026-01-29", "frt_fid": "49087", "edge_idx": 15, "cum_start_m": 5163.5275357607197, "cum_end_m": 5398.6287585085056 }, "geometry": { "type": "LineString", "coordinates": [ [ 7.6233275, 51.974058611111111 ], [ 7.622440833333334, 51.972017222222227 ] ] } },
{ "type": "Feature", "properties": { "betriebstag": "2026-01-29", "frt_fid": "49087", "edge_idx": 16, "cum_start_m": 5398.6287585085056, "cum_end_m": 5591.8315667054976 }, "geometry": { "type": "LineString", "coordinates": [ [ 7.622440833333334, 51.972017222222227 ], [ 7.622116111111112, 51.970291944444448 ] ] } },
{ "type": "Feature", "properties": { "betriebstag": "2026-01-29", "frt_fid": "49087", "edge_idx": 17, "cum_start_m": 5591.8315667054976, "cum_end_m": 5900.3984632161601 }, "geometry": { "type": "LineString", "coordinates": [ [ 7.622116111111112, 51.970291944444448 ], [ 7.623097777777779, 51.967585 ] ] } },
{ "type": "Feature", "properties": { "betriebstag": "2026-01-29", "frt_fid": "49087", "edge_idx": 18, "cum_start_m": 5900.3984632161601, "cum_end_m": 6273.2500209723021 }, "geometry": { "type": "LineString", "coordinates": [ [ 7.623097777777779, 51.967585 ], [ 7.626976111111111, 51.96524055555556 ] ] } },
{ "type": "Feature", "properties": { "betriebstag": "2026-01-29", "frt_fid": "49087", "edge_idx": 19, "cum_start_m": 6273.2500209723021, "cum_end_m": 6574.2691961920973 }, "geometry": { "type": "LineString", "coordinates": [ [ 7.626976111111111, 51.96524055555556 ], [ 7.630732222222223, 51.963847777777779 ] ] } },
{ "type": "Feature", "properties": { "betriebstag": "2026-01-29", "frt_fid": "49087", "edge_idx": 20, "cum_start_m": 6574.2691961920973, "cum_end_m": 7014.8486351403217 }, "geometry": { "type": "LineString", "coordinates": [ [ 7.630732222222223, 51.963847777777779 ], [ 7.635060833333333, 51.960925833333334 ] ] } },
{ "type": "Feature", "properties": { "betriebstag": "2026-01-29", "frt_fid": "49087", "edge_idx": 21, "cum_start_m": 7014.8486351403217, "cum_end_m": 7426.5254121041244 }, "geometry": { "type": "LineString", "coordinates": [ [ 7.635060833333333, 51.960925833333334 ], [ 7.634171666666666, 51.957265833333338 ] ] } },
{ "type": "Feature", "properties": { "betriebstag": "2026-01-29", "frt_fid": "49087", "edge_idx": 22, "cum_start_m": 7426.5254121041244, "cum_end_m": 7950.3431831831149 }, "geometry": { "type": "LineString", "coordinates": [ [ 7.634171666666666, 51.957265833333338 ], [ 7.626748055555556, 51.956198333333333 ] ] } },
{ "type": "Feature", "properties": { "betriebstag": "2026-01-29", "frt_fid": "49087", "edge_idx": 23, "cum_start_m": 7950.3431831831149, "cum_end_m": 8342.0366972905358 }, "geometry": { "type": "LineString", "coordinates": [ [ 7.626748055555556, 51.956198333333333 ], [ 7.621243611111112, 51.955285277777783 ] ] } },
{ "type": "Feature", "properties": { "betriebstag": "2026-01-29", "frt_fid": "49087", "edge_idx": 24, "cum_start_m": 8342.0366972905358, "cum_end_m": 8767.0286066528079 }, "geometry": { "type": "LineString", "coordinates": [ [ 7.621243611111112, 51.955285277777783 ], [ 7.618360555555556, 51.951905277777783 ] ] } },
{ "type": "Feature", "properties": { "betriebstag": "2026-01-29", "frt_fid": "49087", "edge_idx": 25, "cum_start_m": 8767.0286066528079, "cum_end_m": 9095.2637837406583 }, "geometry": { "type": "LineString", "coordinates": [ [ 7.618360555555556, 51.951905277777783 ], [ 7.616151388888889, 51.949289166666667 ] ] } },
{ "type": "Feature", "properties": { "betriebstag": "2026-01-29", "frt_fid": "49087", "edge_idx": 26, "cum_start_m": 9095.2637837406583, "cum_end_m": 9727.8555085226053 }, "geometry": { "type": "LineString", "coordinates": [ [ 7.616151388888889, 51.949289166666667 ], [ 7.612045833333333, 51.944199444444443 ] ] } },
{ "type": "Feature", "properties": { "betriebstag": "2026-01-29", "frt_fid": "49087", "edge_idx": 27, "cum_start_m": 9727.8555085226053, "cum_end_m": 10211.243590625469 }, "geometry": { "type": "LineString", "coordinates": [ [ 7.612045833333333, 51.944199444444443 ], [ 7.608778611111111, 51.940351388888885 ] ] } },
{ "type": "Feature", "properties": { "betriebstag": "2026-01-29", "frt_fid": "49087", "edge_idx": 28, "cum_start_m": 10211.243590625469, "cum_end_m": 10531.784382585989 }, "geometry": { "type": "LineString", "coordinates": [ [ 7.608778611111111, 51.940351388888885 ], [ 7.605851666666666, 51.938108333333332 ] ] } },
{ "type": "Feature", "properties": { "betriebstag": "2026-01-29", "frt_fid": "49087", "edge_idx": 29, "cum_start_m": 10531.784382585989, "cum_end_m": 10826.220830002298 }, "geometry": { "type": "LineString", "coordinates": [ [ 7.605851666666666, 51.938108333333332 ], [ 7.602868611111111, 51.936209166666664 ] ] } },
{ "type": "Feature", "properties": { "betriebstag": "2026-01-29", "frt_fid": "49087", "edge_idx": 30, "cum_start_m": 10826.220830002298, "cum_end_m": 11107.547957517067 }, "geometry": { "type": "LineString", "coordinates": [ [ 7.602868611111111, 51.936209166666664 ], [ 7.599746944444444, 51.934574166666664 ] ] } },
{ "type": "Feature", "properties": { "betriebstag": "2026-01-29", "frt_fid": "49087", "edge_idx": 31, "cum_start_m": 11107.547957517067, "cum_end_m": 11603.237017736159 }, "geometry": { "type": "LineString", "coordinates": [ [ 7.599746944444444, 51.934574166666664 ], [ 7.594443055555555, 51.931556111111107 ] ] } },
{ "type": "Feature", "properties": { "betriebstag": "2026-01-29", "frt_fid": "49087", "edge_idx": 32, "cum_start_m": 11603.237017736159, "cum_end_m": 11843.388957195351 }, "geometry": { "type": "LineString", "coordinates": [ [ 7.594443055555555, 51.931556111111107 ], [ 7.591849444444444, 51.930110277777779 ] ] } },
{ "type": "Feature", "properties": { "betriebstag": "2026-01-29", "frt_fid": "49087", "edge_idx": 33, "cum_start_m": 11843.388957195351, "cum_end_m": 12191.84927886982 }, "geometry": { "type": "LineString", "coordinates": [ [ 7.591849444444444, 51.930110277777779 ], [ 7.587873611111111, 51.928168055555552 ] ] } },
{ "type": "Feature", "properties": { "betriebstag": "2026-01-29", "frt_fid": "49087", "edge_idx": 34, "cum_start_m": 12191.84927886982, "cum_end_m": 12571.841950427828 }, "geometry": { "type": "LineString", "coordinates": [ [ 7.587873611111111, 51.928168055555552 ], [ 7.582982777777778, 51.926578333333332 ] ] } },
{ "type": "Feature", "properties": { "betriebstag": "2026-01-29", "frt_fid": "49087", "edge_idx": 35, "cum_start_m": 12571.841950427828, "cum_end_m": 12900.072642387888 }, "geometry": { "type": "LineString", "coordinates": [ [ 7.582982777777778, 51.926578333333332 ], [ 7.578722777777777, 51.925247777777777 ] ] } },
{ "type": "Feature", "properties": { "betriebstag": "2026-01-29", "frt_fid": "49087", "edge_idx": 36, "cum_start_m": 12900.072642387888, "cum_end_m": 13276.012459881504 }, "geometry": { "type": "LineString", "coordinates": [ [ 7.578722777777777, 51.925247777777777 ], [ 7.573266111111111, 51.925046388888887 ] ] } },
{ "type": "Feature", "properties": { "betriebstag": "2026-01-29", "frt_fid": "49087", "edge_idx": 37, "cum_start_m": 13276.012459881504, "cum_end_m": 14100.758832079808 }, "geometry": { "type": "LineString", "coordinates": [ [ 7.573266111111111, 51.925046388888887 ], [ 7.561284166666667, 51.925354166666665 ] ] } },
{ "type": "Feature", "properties": { "betriebstag": "2026-01-29", "frt_fid": "49087", "edge_idx": 38, "cum_start_m": 14100.758832079808, "cum_end_m": 14790.067665141069 }, "geometry": { "type": "LineString", "coordinates": [ [ 7.561284166666667, 51.925354166666665 ], [ 7.551272222222222, 51.925064166666665 ] ] } },
{ "type": "Feature", "properties": { "betriebstag": "2026-01-29", "frt_fid": "49087", "edge_idx": 39, "cum_start_m": 14790.067665141069, "cum_end_m": 15971.447205531978 }, "geometry": { "type": "LineString", "coordinates": [ [ 7.551272222222222, 51.925064166666665 ], [ 7.534105277777778, 51.924687777777777 ] ] } },
{ "type": "Feature", "properties": { "betriebstag": "2026-01-29", "frt_fid": "49087", "edge_idx": 40, "cum_start_m": 15971.447205531978, "cum_end_m": 16426.700717325602 }, "geometry": { "type": "LineString", "coordinates": [ [ 7.534105277777778, 51.924687777777777 ], [ 7.527485833333333, 51.924708611111107 ] ] } },
{ "type": "Feature", "properties": { "betriebstag": "2026-01-29", "frt_fid": "49087", "edge_idx": 41, "cum_start_m": 16426.700717325602, "cum_end_m": 16680.91432050231 }, "geometry": { "type": "LineString", "coordinates": [ [ 7.527485833333333, 51.924708611111107 ], [ 7.523809166666666, 51.924944166666663 ] ] } },
{ "type": "Feature", "properties": { "betriebstag": "2026-01-29", "frt_fid": "49087", "edge_idx": 42, "cum_start_m": 16680.91432050231, "cum_end_m": 17003.434758414649 }, "geometry": { "type": "LineString", "coordinates": [ [ 7.523809166666666, 51.924944166666663 ], [ 7.519123611111111, 51.925064166666665 ] ] } },
{ "type": "Feature", "properties": { "betriebstag": "2026-01-29", "frt_fid": "49087", "edge_idx": 43, "cum_start_m": 17003.434758414649, "cum_end_m": 17272.753674940966 }, "geometry": { "type": "LineString", "coordinates": [ [ 7.519123611111111, 51.925064166666665 ], [ 7.522211944444444, 51.923575555555551 ] ] } },
{ "type": "Feature", "properties": { "betriebstag": "2026-01-29", "frt_fid": "49087", "edge_idx": 44, "cum_start_m": 17272.753674940966, "cum_end_m": 17585.094865628053 }, "geometry": { "type": "LineString", "coordinates": [ [ 7.522211944444444, 51.923575555555551 ], [ 7.526630833333333, 51.922927777777772 ] ] } },
{ "type": "Feature", "properties": { "betriebstag": "2026-01-29", "frt_fid": "49087", "edge_idx": 45, "cum_start_m": 17585.094865628053, "cum_end_m": 17912.539339693223 }, "geometry": { "type": "LineString", "coordinates": [ [ 7.526630833333333, 51.922927777777772 ], [ 7.527240833333333, 51.920008333333328 ] ] } },
{ "type": "Feature", "properties": { "betriebstag": "2026-01-29", "frt_fid": "49087", "edge_idx": 46, "cum_start_m": 17912.539339693223, "cum_end_m": 18164.880429445235 }, "geometry": { "type": "LineString", "coordinates": [ [ 7.527240833333333, 51.920008333333328 ], [ 7.528196111111111, 51.91781805555555 ] ] } },
{ "type": "Feature", "properties": { "betriebstag": "2026-01-29", "frt_fid": "49087", "edge_idx": 47, "cum_start_m": 18164.880429445235, "cum_end_m": 18399.365935811704 }, "geometry": { "type": "LineString", "coordinates": [ [ 7.528196111111111, 51.91781805555555 ], [ 7.525296388888889, 51.916709722222222 ] ] } },
{ "type": "Feature", "properties": { "betriebstag": "2026-01-29", "frt_fid": "49087", "edge_idx": 48, "cum_start_m": 18399.365935811704, "cum_end_m": 18672.120609331803 }, "geometry": { "type": "LineString", "coordinates": [ [ 7.525296388888889, 51.916709722222222 ], [ 7.527406944444444, 51.914633888888886 ] ] } },
{ "type": "Feature", "properties": { "betriebstag": "2026-01-29", "frt_fid": "49089", "edge_idx": 0, "cum_start_m": 0.0, "cum_end_m": 252.81103068142528 }, "geometry": { "type": "LineString", "coordinates": [ [ 7.527406944444444, 51.914633888888886 ], [ 7.525148611111111, 51.916426944444446 ] ] } },
{ "type": "Feature", "properties": { "betriebstag": "2026-01-29", "frt_fid": "49089", "edge_idx": 1, "cum_start_m": 252.81103068142528, "cum_end_m": 512.9345907511447 }, "geometry": { "type": "LineString", "coordinates": [ [ 7.525148611111111, 51.916426944444446 ], [ 7.5283925, 51.917628888888885 ] ] } },
{ "type": "Feature", "properties": { "betriebstag": "2026-01-29", "frt_fid": "49089", "edge_idx": 2, "cum_start_m": 512.9345907511447, "cum_end_m": 853.93326983610382 }, "geometry": { "type": "LineString", "coordinates": [ [ 7.5283925, 51.917628888888885 ], [ 7.5272425, 51.920610833333328 ] ] } },
{ "type": "Feature", "properties": { "betriebstag": "2026-01-29", "frt_fid": "49089", "edge_idx": 3, "cum_start_m": 853.93326983610382, "cum_end_m": 1134.347999177452 }, "geometry": { "type": "LineString", "coordinates": [ [ 7.5272425, 51.920610833333328 ], [ 7.526746944444445, 51.923113055555554 ] ] } },
{ "type": "Feature", "properties": { "betriebstag": "2026-01-29", "frt_fid": "49089", "edge_idx": 4, "cum_start_m": 1134.347999177452, "cum_end_m": 1456.2495256673139 }, "geometry": { "type": "LineString", "coordinates": [ [ 7.526746944444445, 51.923113055555554 ], [ 7.522214166666666, 51.923834166666666 ] ] } },
{ "type": "Feature", "properties": { "betriebstag": "2026-01-29", "frt_fid": "49089", "edge_idx": 5, "cum_start_m": 1456.2495256673139, "cum_end_m": 1667.7506820018784 }, "geometry": { "type": "LineString", "coordinates": [ [ 7.522214166666666, 51.923834166666666 ], [ 7.519796388888889, 51.925009166666662 ] ] } },
{ "type": "Feature", "properties": { "betriebstag": "2026-01-29", "frt_fid": "49089", "edge_idx": 6, "cum_start_m": 1667.7506820018784, "cum_end_m": 1927.6472379841873 }, "geometry": { "type": "LineString", "coordinates": [ [ 7.519796388888889, 51.925009166666662 ], [ 7.523565, 51.924836111111105 ] ] } },
{ "type": "Feature", "properties": { "betriebstag": "2026-01-29", "frt_fid": "49089", "edge_idx": 7, "cum_start_m": 1927.6472379841873, "cum_end_m": 2231.3907711767947 }, "geometry": { "type": "LineString", "coordinates": [ [ 7.523565, 51.924836111111105 ], [ 7.527928611111111, 51.924414722222217 ] ] } },
{ "type": "Feature", "properties": { "betriebstag": "2026-01-29", "frt_fid": "49089", "edge_idx": 8, "cum_start_m": 2231.3907711767947, "cum_end_m": 2697.9655963077685 }, "geometry": { "type": "LineString", "coordinates": [ [ 7.527928611111111, 51.924414722222217 ], [ 7.534711111111111, 51.924506111111107 ] ] } },
{ "type": "Feature", "properties": { "betriebstag": "2026-01-29", "frt_fid": "49089", "edge_idx": 9, "cum_start_m": 2697.9655963077685, "cum_end_m": 3893.0446921821531 }, "geometry": { "type": "LineString", "coordinates": [ [ 7.534711111111111, 51.924506111111107 ], [ 7.552072777777777, 51.924955555555556 ] ] } },
{ "type": "Feature", "properties": { "betriebstag": "2026-01-29", "frt_fid": "49089", "edge_idx": 10, "cum_start_m": 3893.0446921821531, "cum_end_m": 4627.6557294966078 }, "geometry": { "type": "LineString", "coordinates": [ [ 7.552072777777777, 51.924955555555556 ], [ 7.562747222222222, 51.9251975 ] ] } },
{ "type": "Feature", "properties": { "betriebstag": "2026-01-29", "frt_fid": "49089", "edge_idx": 11, "cum_start_m": 4627.6557294966078, "cum_end_m": 5380.8593173343543 }, "geometry": { "type": "LineString", "coordinates": [ [ 7.562747222222222, 51.9251975 ], [ 7.573689166666666, 51.924907777777776 ] ] } },
{ "type": "Feature", "properties": { "betriebstag": "2026-01-29", "frt_fid": "49089", "edge_idx": 12, "cum_start_m": 5380.8593173343543, "cum_end_m": 5815.2495216643429 }, "geometry": { "type": "LineString", "coordinates": [ [ 7.573689166666666, 51.924907777777776 ], [ 7.579957777777778, 51.925386666666661 ] ] } },
{ "type": "Feature", "properties": { "betriebstag": "2026-01-29", "frt_fid": "49089", "edge_idx": 13, "cum_start_m": 5815.2495216643429, "cum_end_m": 6079.3752657665036 }, "geometry": { "type": "LineString", "coordinates": [ [ 7.579957777777778, 51.925386666666661 ], [ 7.583341666666667, 51.926509722222221 ] ] } },
{ "type": "Feature", "properties": { "betriebstag": "2026-01-29", "frt_fid": "49089", "edge_idx": 14, "cum_start_m": 6079.3752657665036, "cum_end_m": 6450.9601449603824 }, "geometry": { "type": "LineString", "coordinates": [ [ 7.583341666666667, 51.926509722222221 ], [ 7.588090277777778, 51.928103611111112 ] ] } },
{ "type": "Feature", "properties": { "betriebstag": "2026-01-29", "frt_fid": "49089", "edge_idx": 15, "cum_start_m": 6450.9601449603824, "cum_end_m": 6878.7736095791061 }, "geometry": { "type": "LineString", "coordinates": [ [ 7.588090277777778, 51.928103611111112 ], [ 7.592937222222222, 51.93051472222222 ] ] } },
{ "type": "Feature", "properties": { "betriebstag": "2026-01-29", "frt_fid": "49089", "edge_idx": 16, "cum_start_m": 6878.7736095791061, "cum_end_m": 7100.6558450639195 }, "geometry": { "type": "LineString", "coordinates": [ [ 7.592937222222222, 51.93051472222222 ], [ 7.595317222222222, 51.931861666666663 ] ] } },
{ "type": "Feature", "properties": { "betriebstag": "2026-01-29", "frt_fid": "49089", "edge_idx": 17, "cum_start_m": 7100.6558450639195, "cum_end_m": 7547.7746374858225 }, "geometry": { "type": "LineString", "coordinates": [ [ 7.595317222222222, 51.931861666666663 ], [ 7.600118888888889, 51.934572222222222 ] ] } },
{ "type": "Feature", "properties": { "betriebstag": "2026-01-29", "frt_fid": "49089", "edge_idx": 18, "cum_start_m": 7547.7746374858225, "cum_end_m": 7851.0986481443106 }, "geometry": { "type": "LineString", "coordinates": [ [ 7.600118888888889, 51.934572222222222 ], [ 7.603557777777778, 51.936280277777776 ] ] } },
{ "type": "Feature", "properties": { "betriebstag": "2026-01-29", "frt_fid": "49089", "edge_idx": 19, "cum_start_m": 7851.0986481443106, "cum_end_m": 8139.4908914998105 }, "geometry": { "type": "LineString", "coordinates": [ [ 7.603557777777778, 51.936280277777776 ], [ 7.606431944444444, 51.938168611111109 ] ] } },
{ "type": "Feature", "properties": { "betriebstag": "2026-01-29", "frt_fid": "49089", "edge_idx": 20, "cum_start_m": 8139.4908914998105, "cum_end_m": 8439.6655347032174 }, "geometry": { "type": "LineString", "coordinates": [ [ 7.606431944444444, 51.938168611111109 ], [ 7.609121388888888, 51.94029444444444 ] ] } },
{ "type": "Feature", "properties": { "betriebstag": "2026-01-29", "frt_fid": "49089", "edge_idx": 21, "cum_start_m": 8439.6655347032174, "cum_end_m": 8932.9279763290979 }, "geometry": { "type": "LineString", "coordinates": [ [ 7.609121388888888, 51.94029444444444 ], [ 7.612395555555556, 51.944240277777773 ] ] } },
{ "type": "Feature", "properties": { "betriebstag": "2026-01-29", "frt_fid": "49089", "edge_idx": 22, "cum_start_m": 8932.9279763290979, "cum_end_m": 9593.9734084663633 }, "geometry": { "type": "LineString", "coordinates": [ [ 7.612395555555556, 51.944240277777773 ], [ 7.616818611111111, 51.949517222222219 ] ] } },
{ "type": "Feature", "properties": { "betriebstag": "2026-01-29", "frt_fid": "49089", "edge_idx": 23, "cum_start_m": 9593.9734084663633, "cum_end_m": 9941.2500869354153 }, "geometry": { "type": "LineString", "coordinates": [ [ 7.616818611111111, 51.949517222222219 ], [ 7.619033333333334, 51.952323333333339 ] ] } },
{ "type": "Feature", "properties": { "betriebstag": "2026-01-29", "frt_fid": "49089", "edge_idx": 24, "cum_start_m": 9941.2500869354153, "cum_end_m": 10311.455762363797 }, "geometry": { "type": "LineString", "coordinates": [ [ 7.619033333333334, 51.952323333333339 ], [ 7.621679444444445, 51.955222222222226 ] ] } },
{ "type": "Feature", "properties": { "betriebstag": "2026-01-29", "frt_fid": "49089", "edge_idx": 25, "cum_start_m": 10311.455762363797, "cum_end_m": 10769.242518443578 }, "geometry": { "type": "LineString", "coordinates": [ [ 7.621679444444445, 51.955222222222226 ], [ 7.628273611111112, 51.955803888888894 ] ] } },
{ "type": "Feature", "properties": { "betriebstag": "2026-01-29", "frt_fid": "49089", "edge_idx": 26, "cum_start_m": 10769.242518443578, "cum_end_m": 11235.756337761621 }, "geometry": { "type": "LineString", "coordinates": [ [ 7.628273611111112, 51.955803888888894 ], [ 7.634583333333333, 51.957350555555557 ] ] } },
{ "type": "Feature", "properties": { "betriebstag": "2026-01-29", "frt_fid": "49089", "edge_idx": 27, "cum_start_m": 11235.756337761621, "cum_end_m": 11728.337723597298 }, "geometry": { "type": "LineString", "coordinates": [ [ 7.634583333333333, 51.957350555555557 ], [ 7.635514166666666, 51.961741388888889 ] ] } },
{ "type": "Feature", "properties": { "betriebstag": "2026-01-29", "frt_fid": "49089", "edge_idx": 28, "cum_start_m": 11728.337723597298, "cum_end_m": 12174.065073310801 }, "geometry": { "type": "LineString", "coordinates": [ [ 7.635514166666666, 51.961741388888889 ], [ 7.630303611111112, 51.964128055555555 ] ] } },
{ "type": "Feature", "properties": { "betriebstag": "2026-01-29", "frt_fid": "49089", "edge_idx": 29, "cum_start_m": 12174.065073310801, "cum_end_m": 12439.678286307873 }, "geometry": { "type": "LineString", "coordinates": [ [ 7.630303611111112, 51.964128055555555 ], [ 7.626990833333334, 51.965358611111114 ] ] } },
{ "type": "Feature", "properties": { "betriebstag": "2026-01-29", "frt_fid": "49089", "edge_idx": 30, "cum_start_m": 12439.678286307873, "cum_end_m": 12779.107562132333 }, "geometry": { "type": "LineString", "coordinates": [ [ 7.626990833333334, 51.965358611111114 ], [ 7.6232925, 51.967381666666668 ] ] } },
{ "type": "Feature", "properties": { "betriebstag": "2026-01-29", "frt_fid": "49089", "edge_idx": 31, "cum_start_m": 12779.107562132333, "cum_end_m": 13072.281679112135 }, "geometry": { "type": "LineString", "coordinates": [ [ 7.6232925, 51.967381666666668 ], [ 7.622248611111112, 51.969937222222221 ] ] } },
{ "type": "Feature", "properties": { "betriebstag": "2026-01-29", "frt_fid": "49089", "edge_idx": 32, "cum_start_m": 13072.281679112135, "cum_end_m": 13376.287885595981 }, "geometry": { "type": "LineString", "coordinates": [ [ 7.622248611111112, 51.969937222222221 ], [ 7.623106944444445, 51.972618333333337 ] ] } },
{ "type": "Feature", "properties": { "betriebstag": "2026-01-29", "frt_fid": "49089", "edge_idx": 33, "cum_start_m": 13376.287885595981, "cum_end_m": 13621.86530573016 }, "geometry": { "type": "LineString", "coordinates": [ [ 7.623106944444445, 51.972618333333337 ], [ 7.622308333333334, 51.974770277777779 ] ] } },
{ "type": "Feature", "properties": { "betriebstag": "2026-01-29", "frt_fid": "49089", "edge_idx": 34, "cum_start_m": 13621.86530573016, "cum_end_m": 13991.900775013413 }, "geometry": { "type": "LineString", "coordinates": [ [ 7.622308333333334, 51.974770277777779 ], [ 7.616933333333334, 51.97455305555556 ] ] } },
{ "type": "Feature", "properties": { "betriebstag": "2026-01-29", "frt_fid": "49089", "edge_idx": 35, "cum_start_m": 13991.900775013413, "cum_end_m": 14299.481537855607 }, "geometry": { "type": "LineString", "coordinates": [ [ 7.616933333333334, 51.97455305555556 ], [ 7.612489722222222, 51.974891944444444 ] ] } },
{ "type": "Feature", "properties": { "betriebstag": "2026-01-29", "frt_fid": "49089", "edge_idx": 36, "cum_start_m": 14299.481537855607, "cum_end_m": 14547.995251270841 }, "geometry": { "type": "LineString", "coordinates": [ [ 7.612489722222222, 51.974891944444444 ], [ 7.61234, 51.97712416666667 ] ] } },
{ "type": "Feature", "properties": { "betriebstag": "2026-01-29", "frt_fid": "49089", "edge_idx": 37, "cum_start_m": 14547.995251270841, "cum_end_m": 14812.721890984751 }, "geometry": { "type": "LineString", "coordinates": [ [ 7.61234, 51.97712416666667 ], [ 7.612148333333333, 51.979501111111112 ] ] } },
{ "type": "Feature", "properties": { "betriebstag": "2026-01-29", "frt_fid": "49089", "edge_idx": 38, "cum_start_m": 14812.721890984751, "cum_end_m": 15175.019392042703 }, "geometry": { "type": "LineString", "coordinates": [ [ 7.612148333333333, 51.979501111111112 ], [ 7.611887222222222, 51.982754166666666 ] ] } },
{ "type": "Feature", "properties": { "betriebstag": "2026-01-29", "frt_fid": "49089", "edge_idx": 39, "cum_start_m": 15175.019392042703, "cum_end_m": 15746.086391357845 }, "geometry": { "type": "LineString", "coordinates": [ [ 7.611887222222222, 51.982754166666666 ], [ 7.611500833333333, 51.9878825 ] ] } },
{ "type": "Feature", "properties": { "betriebstag": "2026-01-29", "frt_fid": "49089", "edge_idx": 40, "cum_start_m": 15746.086391357845, "cum_end_m": 16424.249853010529 }, "geometry": { "type": "LineString", "coordinates": [ [ 7.611500833333333, 51.9878825 ], [ 7.612586388888889, 51.993942222222223 ] ] } },
{ "type": "Feature", "properties": { "betriebstag": "2026-01-29", "frt_fid": "49089", "edge_idx": 41, "cum_start_m": 16424.249853010529, "cum_end_m": 16612.39069739858 }, "geometry": { "type": "LineString", "coordinates": [ [ 7.612586388888889, 51.993942222222223 ], [ 7.612988611111111, 51.99561527777778 ] ] } },
{ "type": "Feature", "properties": { "betriebstag": "2026-01-29", "frt_fid": "49089", "edge_idx": 42, "cum_start_m": 16612.39069739858, "cum_end_m": 16879.757597902117 }, "geometry": { "type": "LineString", "coordinates": [ [ 7.612988611111111, 51.99561527777778 ], [ 7.612205, 51.997969722222223 ] ] } },
{ "type": "Feature", "properties": { "betriebstag": "2026-01-29", "frt_fid": "49089", "edge_idx": 43, "cum_start_m": 16879.757597902117, "cum_end_m": 17152.389695180093 }, "geometry": { "type": "LineString", "coordinates": [ [ 7.612205, 51.997969722222223 ], [ 7.6082875, 51.99757 ] ] } },
{ "type": "Feature", "properties": { "betriebstag": "2026-01-29", "frt_fid": "49089", "edge_idx": 44, "cum_start_m": 17152.389695180093, "cum_end_m": 17436.186918475396 }, "geometry": { "type": "LineString", "coordinates": [ [ 7.6082875, 51.99757 ], [ 7.604203611111111, 51.997176944444448 ] ] } },
{ "type": "Feature", "properties": { "betriebstag": "2026-01-29", "frt_fid": "49089", "edge_idx": 45, "cum_start_m": 17436.186918475396, "cum_end_m": 17842.140415629561 }, "geometry": { "type": "LineString", "coordinates": [ [ 7.604203611111111, 51.997176944444448 ], [ 7.598429166666667, 51.997960555555558 ] ] } },
{ "type": "Feature", "properties": { "betriebstag": "2026-01-29", "frt_fid": "49089", "edge_idx": 46, "cum_start_m": 17842.140415629561, "cum_end_m": 18196.691592968011 }, "geometry": { "type": "LineString", "coordinates": [ [ 7.598429166666667, 51.997960555555558 ], [ 7.595289444444444, 52.00049111111111 ] ] } },
{ "type": "Feature", "properties": { "betriebstag": "2026-01-29", "frt_fid": "49089", "edge_idx": 47, "cum_start_m": 18196.691592968011, "cum_end_m": 18406.394435662372 }, "geometry": { "type": "LineString", "coordinates": [ [ 7.595289444444444, 52.00049111111111 ], [ 7.592288888888889, 52.000843333333336 ] ] } },
{ "type": "Feature", "properties": { "betriebstag": "2026-01-29", "frt_fid": "49089", "edge_idx": 48, "cum_start_m": 18406.394435662372, "cum_end_m": 18668.492547611426 }, "geometry": { "type": "LineString", "coordinates": [ [ 7.592288888888889, 52.000843333333336 ], [ 7.590370833333333, 51.998806111111115 ] ] } },
{ "type": "Feature", "properties": { "betriebstag": "2026-01-29", "frt_fid": "49091", "edge_idx": 0, "cum_start_m": 0.0, "cum_end_m": 252.38518567391679 }, "geometry": { "type": "LineString", "coordinates": [ [ 7.590370833333333, 51.998806111111115 ], [ 7.592259166666667, 52.000752777777777 ] ] } },
{ "type": "Feature", "properties": { "betriebstag": "2026-01-29", "frt_fid": "49091", "edge_idx": 1, "cum_start_m": 252.38518567391679, "cum_end_m": 465.78551979183834 }, "geometry": { "type": "LineString", "coordinates": [ [ 7.592259166666667, 52.000752777777777 ], [ 7.595288888888889, 52.000324444444445 ] ] } },
{ "type": "Feature", "properties": { "betriebstag": "2026-01-29", "frt_fid": "49091", "edge_idx": 2, "cum_start_m": 465.78551979183834, "cum_end_m": 817.77613550934825 }, "geometry": { "type": "LineString", "coordinates": [ [ 7.595288888888889, 52.000324444444445 ], [ 7.598407222222222, 51.997812777777781 ] ] } },
{ "type": "Feature", "properties": { "betriebstag": "2026-01-29", "frt_fid": "49091", "edge_idx": 3, "cum_start_m": 817.77613550934825, "cum_end_m": 1135.01387229907 }, "geometry": { "type": "LineString", "coordinates": [ [ 7.598407222222222, 51.997812777777781 ], [ 7.602791388888889, 51.99691277777778 ] ] } },
{ "type": "Feature", "properties": { "betriebstag": "2026-01-29", "frt_fid": "49091", "edge_idx": 4, "cum_start_m": 1135.01387229907, "cum_end_m": 1527.4445791228004 }, "geometry": { "type": "LineString", "coordinates": [ [ 7.602791388888889, 51.99691277777778 ], [ 7.608435, 51.99747 ] ] } },
{ "type": "Feature", "properties": { "betriebstag": "2026-01-29", "frt_fid": "49091", "edge_idx": 5, "cum_start_m": 1527.4445791228004, "cum_end_m": 1804.0313800604363 }, "geometry": { "type": "LineString", "coordinates": [ [ 7.608435, 51.99747 ], [ 7.612418333333333, 51.997840277777776 ] ] } },
{ "type": "Feature", "properties": { "betriebstag": "2026-01-29", "frt_fid": "49091", "edge_idx": 6, "cum_start_m": 1804.0313800604363, "cum_end_m": 2013.0376171625655 }, "geometry": { "type": "LineString", "coordinates": [ [ 7.612418333333333, 51.997840277777776 ], [ 7.612816944444444, 51.9959775 ] ] } },
{ "type": "Feature", "properties": { "betriebstag": "2026-01-29", "frt_fid": "49091", "edge_idx": 7, "cum_start_m": 2013.0376171625655, "cum_end_m": 2360.0194762676874 }, "geometry": { "type": "LineString", "coordinates": [ [ 7.612816944444444, 51.9959775 ], [ 7.611991944444444, 51.9929 ] ] } },
{ "type": "Feature", "properties": { "betriebstag": "2026-01-29", "frt_fid": "49091", "edge_idx": 8, "cum_start_m": 2360.0194762676874, "cum_end_m": 2830.7143886621107 }, "geometry": { "type": "LineString", "coordinates": [ [ 7.611991944444444, 51.9929 ], [ 7.611138611111111, 51.988701388888892 ] ] } },
{ "type": "Feature", "properties": { "betriebstag": "2026-01-29", "frt_fid": "49091", "edge_idx": 9, "cum_start_m": 2830.7143886621107, "cum_end_m": 3509.6057971658861 }, "geometry": { "type": "LineString", "coordinates": [ [ 7.611138611111111, 51.988701388888892 ], [ 7.611624722222222, 51.982605555555558 ] ] } },
{ "type": "Feature", "properties": { "betriebstag": "2026-01-29", "frt_fid": "49091", "edge_idx": 10, "cum_start_m": 3509.6057971658861, "cum_end_m": 3853.593604430167 }, "geometry": { "type": "LineString", "coordinates": [ [ 7.611624722222222, 51.982605555555558 ], [ 7.611845277777777, 51.97951611111111 ] ] } },
{ "type": "Feature", "properties": { "betriebstag": "2026-01-29", "frt_fid": "49091", "edge_idx": 11, "cum_start_m": 3853.593604430167, "cum_end_m": 4146.9336982512405 }, "geometry": { "type": "LineString", "coordinates": [ [ 7.611845277777777, 51.97951611111111 ], [ 7.612074166666666, 51.976882777777782 ] ] } },
{ "type": "Feature", "properties": { "betriebstag": "2026-01-29", "frt_fid": "49091", "edge_idx": 12, "cum_start_m": 4146.9336982512405, "cum_end_m": 4452.3266945865635 }, "geometry": { "type": "LineString", "coordinates": [ [ 7.612074166666666, 51.976882777777782 ], [ 7.613080833333333, 51.974208611111116 ] ] } },
{ "type": "Feature", "properties": { "betriebstag": "2026-01-29", "frt_fid": "49091", "edge_idx": 13, "cum_start_m": 4452.3266945865635, "cum_end_m": 4916.8518467481554 }, "geometry": { "type": "LineString", "coordinates": [ [ 7.613080833333333, 51.974208611111116 ], [ 7.619821666666667, 51.974538055555556 ] ] } },
{ "type": "Feature", "properties": { "betriebstag": "2026-01-29", "frt_fid": "49091", "edge_idx": 14, "cum_start_m": 4916.8518467481554, "cum_end_m": 5163.5275357607197 }, "geometry": { "type": "LineString", "coordinates": [ [ 7.619821666666667, 51.974538055555556 ], [ 7.6233275, 51.974058611111111 ] ] } },
{ "type": "Feature", "properties": { "betriebstag": "2026-01-29", "frt_fid": "49091", "edge_idx": 15, "cum_start_m": 5163.5275357607197, "cum_end_m": 5398.6287585085056 }, "geometry": { "type": "LineString", "coordinates": [ [ 7.6233275, 51.974058611111111 ], [ 7.622440833333334, 51.972017222222227 ] ] } },
{ "type": "Feature", "properties": { "betriebstag": "2026-01-29", "frt_fid": "49091", "edge_idx": 16, "cum_start_m": 5398.6287585085056, "cum_end_m": 5591.8315667054976 }, "geometry": { "type": "LineString", "coordinates": [ [ 7.622440833333334, 51.972017222222227 ], [ 7.622116111111112, 51.970291944444448 ] ] } },
{ "type": "Feature", "properties": { "betriebstag": "2026-01-29", "frt_fid": "49091", "edge_idx": 17, "cum_start_m": 5591.8315667054976, "cum_end_m": 5900.3984632161601 }, "geometry": { "type": "LineString", "coordinates": [ [ 7.622116111111112, 51.970291944444448 ], [ 7.623097777777779, 51.967585 ] ] } },
{ "type": "Feature", "properties": { "betriebstag": "2026-01-29", "frt_fid": "49091", "edge_idx": 18, "cum_start_m": 5900.3984632161601, "cum_end_m": 6273.2500209723021 }, "geometry": { "type": "LineString", "coordinates": [ [ 7.623097777777779, 51.967585 ], [ 7.626976111111111, 51.96524055555556 ] ] } },
{ "type": "Feature", "properties": { "betriebstag": "2026-01-29", "frt_fid": "49091", "edge_idx": 19, "cum_start_m": 6273.2500209723021, "cum_end_m": 6574.2691961920973 }, "geometry": { "type": "LineString", "coordinates": [ [ 7.626976111111111, 51.96524055555556 ], [ 7.630732222222223, 51.963847777777779 ] ] } },
{ "type": "Feature", "properties": { "betriebstag": "2026-01-29", "frt_fid": "49091", "edge_idx": 20, "cum_start_m": 6574.2691961920973, "cum_end_m": 7014.8486351403217 }, "geometry": { "type": "LineString", "coordinates": [ [ 7.630732222222223, 51.963847777777779 ], [ 7.635060833333333, 51.960925833333334 ] ] } },
{ "type": "Feature", "properties": { "betriebstag": "2026-01-29", "frt_fid": "49091", "edge_idx": 21, "cum_start_m": 7014.8486351403217, "cum_end_m": 7426.5254121041244 }, "geometry": { "type": "LineString", "coordinates": [ [ 7.635060833333333, 51.960925833333334 ], [ 7.634171666666666, 51.957265833333338 ] ] } },
{ "type": "Feature", "properties": { "betriebstag": "2026-01-29", "frt_fid": "49091", "edge_idx": 22, "cum_start_m": 7426.5254121041244, "cum_end_m": 7950.3431831831149 }, "geometry": { "type": "LineString", "coordinates": [ [ 7.634171666666666, 51.957265833333338 ], [ 7.626748055555556, 51.956198333333333 ] ] } },
{ "type": "Feature", "properties": { "betriebstag": "2026-01-29", "frt_fid": "49091", "edge_idx": 23, "cum_start_m": 7950.3431831831149, "cum_end_m": 8342.0366972905358 }, "geometry": { "type": "LineString", "coordinates": [ [ 7.626748055555556, 51.956198333333333 ], [ 7.621243611111112, 51.955285277777783 ] ] } },
{ "type": "Feature", "properties": { "betriebstag": "2026-01-29", "frt_fid": "49091", "edge_idx": 24, "cum_start_m": 8342.0366972905358, "cum_end_m": 8767.0286066528079 }, "geometry": { "type": "LineString", "coordinates": [ [ 7.621243611111112, 51.955285277777783 ], [ 7.618360555555556, 51.951905277777783 ] ] } },
{ "type": "Feature", "properties": { "betriebstag": "2026-01-29", "frt_fid": "49091", "edge_idx": 25, "cum_start_m": 8767.0286066528079, "cum_end_m": 9095.2637837406583 }, "geometry": { "type": "LineString", "coordinates": [ [ 7.618360555555556, 51.951905277777783 ], [ 7.616151388888889, 51.949289166666667 ] ] } },
{ "type": "Feature", "properties": { "betriebstag": "2026-01-29", "frt_fid": "49091", "edge_idx": 26, "cum_start_m": 9095.2637837406583, "cum_end_m": 9727.8555085226053 }, "geometry": { "type": "LineString", "coordinates": [ [ 7.616151388888889, 51.949289166666667 ], [ 7.612045833333333, 51.944199444444443 ] ] } },
{ "type": "Feature", "properties": { "betriebstag": "2026-01-29", "frt_fid": "49091", "edge_idx": 27, "cum_start_m": 9727.8555085226053, "cum_end_m": 10211.243590625469 }, "geometry": { "type": "LineString", "coordinates": [ [ 7.612045833333333, 51.944199444444443 ], [ 7.608778611111111, 51.940351388888885 ] ] } },
{ "type": "Feature", "properties": { "betriebstag": "2026-01-29", "frt_fid": "49091", "edge_idx": 28, "cum_start_m": 10211.243590625469, "cum_end_m": 10531.784382585989 }, "geometry": { "type": "LineString", "coordinates": [ [ 7.608778611111111, 51.940351388888885 ], [ 7.605851666666666, 51.938108333333332 ] ] } },
{ "type": "Feature", "properties": { "betriebstag": "2026-01-29", "frt_fid": "49091", "edge_idx": 29, "cum_start_m": 10531.784382585989, "cum_end_m": 10826.220830002298 }, "geometry": { "type": "LineString", "coordinates": [ [ 7.605851666666666, 51.938108333333332 ], [ 7.602868611111111, 51.936209166666664 ] ] } },
{ "type": "Feature", "properties": { "betriebstag": "2026-01-29", "frt_fid": "49091", "edge_idx": 30, "cum_start_m": 10826.220830002298, "cum_end_m": 11107.547957517067 }, "geometry": { "type": "LineString", "coordinates": [ [ 7.602868611111111, 51.936209166666664 ], [ 7.599746944444444, 51.934574166666664 ] ] } },
{ "type": "Feature", "properties": { "betriebstag": "2026-01-29", "frt_fid": "49091", "edge_idx": 31, "cum_start_m": 11107.547957517067, "cum_end_m": 11603.237017736159 }, "geometry": { "type": "LineString", "coordinates": [ [ 7.599746944444444, 51.934574166666664 ], [ 7.594443055555555, 51.931556111111107 ] ] } },
{ "type": "Feature", "properties": { "betriebstag": "2026-01-29", "frt_fid": "49091", "edge_idx": 32, "cum_start_m": 11603.237017736159, "cum_end_m": 11843.388957195351 }, "geometry": { "type": "LineString", "coordinates": [ [ 7.594443055555555, 51.931556111111107 ], [ 7.591849444444444, 51.930110277777779 ] ] } },
{ "type": "Feature", "properties": { "betriebstag": "2026-01-29", "frt_fid": "49091", "edge_idx": 33, "cum_start_m": 11843.388957195351, "cum_end_m": 12191.84927886982 }, "geometry": { "type": "LineString", "coordinates": [ [ 7.591849444444444, 51.930110277777779 ], [ 7.587873611111111, 51.928168055555552 ] ] } },
{ "type": "Feature", "properties": { "betriebstag": "2026-01-29", "frt_fid": "49091", "edge_idx": 34, "cum_start_m": 12191.84927886982, "cum_end_m": 12571.841950427828 }, "geometry": { "type": "LineString", "coordinates": [ [ 7.587873611111111, 51.928168055555552 ], [ 7.582982777777778, 51.926578333333332 ] ] } },
{ "type": "Feature", "properties": { "betriebstag": "2026-01-29", "frt_fid": "49091", "edge_idx": 35, "cum_start_m": 12571.841950427828, "cum_end_m": 12900.072642387888 }, "geometry": { "type": "LineString", "coordinates": [ [ 7.582982777777778, 51.926578333333332 ], [ 7.578722777777777, 51.925247777777777 ] ] } },
{ "type": "Feature", "properties": { "betriebstag": "2026-01-29", "frt_fid": "49091", "edge_idx": 36, "cum_start_m": 12900.072642387888, "cum_end_m": 13276.012459881504 }, "geometry": { "type": "LineString", "coordinates": [ [ 7.578722777777777, 51.925247777777777 ], [ 7.573266111111111, 51.925046388888887 ] ] } },
{ "type": "Feature", "properties": { "betriebstag": "2026-01-29", "frt_fid": "49091", "edge_idx": 37, "cum_start_m": 13276.012459881504, "cum_end_m": 14100.758832079808 }, "geometry": { "type": "LineString", "coordinates": [ [ 7.573266111111111, 51.925046388888887 ], [ 7.561284166666667, 51.925354166666665 ] ] } },
{ "type": "Feature", "properties": { "betriebstag": "2026-01-29", "frt_fid": "49091", "edge_idx": 38, "cum_start_m": 14100.758832079808, "cum_end_m": 14790.067665141069 }, "geometry": { "type": "LineString", "coordinates": [ [ 7.561284166666667, 51.925354166666665 ], [ 7.551272222222222, 51.925064166666665 ] ] } },
{ "type": "Feature", "properties": { "betriebstag": "2026-01-29", "frt_fid": "49091", "edge_idx": 39, "cum_start_m": 14790.067665141069, "cum_end_m": 15971.447205531978 }, "geometry": { "type": "LineString", "coordinates": [ [ 7.551272222222222, 51.925064166666665 ], [ 7.534105277777778, 51.924687777777777 ] ] } },
{ "type": "Feature", "properties": { "betriebstag": "2026-01-29", "frt_fid": "49091", "edge_idx": 40, "cum_start_m": 15971.447205531978, "cum_end_m": 16426.700717325602 }, "geometry": { "type": "LineString", "coordinates": [ [ 7.534105277777778, 51.924687777777777 ], [ 7.527485833333333, 51.924708611111107 ] ] } },
{ "type": "Feature", "properties": { "betriebstag": "2026-01-29", "frt_fid": "49091", "edge_idx": 41, "cum_start_m": 16426.700717325602, "cum_end_m": 16680.91432050231 }, "geometry": { "type": "LineString", "coordinates": [ [ 7.527485833333333, 51.924708611111107 ], [ 7.523809166666666, 51.924944166666663 ] ] } },
{ "type": "Feature", "properties": { "betriebstag": "2026-01-29", "frt_fid": "49091", "edge_idx": 42, "cum_start_m": 16680.91432050231, "cum_end_m": 17003.434758414649 }, "geometry": { "type": "LineString", "coordinates": [ [ 7.523809166666666, 51.924944166666663 ], [ 7.519123611111111, 51.925064166666665 ] ] } },
{ "type": "Feature", "properties": { "betriebstag": "2026-01-29", "frt_fid": "49091", "edge_idx": 43, "cum_start_m": 17003.434758414649, "cum_end_m": 17272.753674940966 }, "geometry": { "type": "LineString", "coordinates": [ [ 7.519123611111111, 51.925064166666665 ], [ 7.522211944444444, 51.923575555555551 ] ] } },
{ "type": "Feature", "properties": { "betriebstag": "2026-01-29", "frt_fid": "49091", "edge_idx": 44, "cum_start_m": 17272.753674940966, "cum_end_m": 17585.094865628053 }, "geometry": { "type": "LineString", "coordinates": [ [ 7.522211944444444, 51.923575555555551 ], [ 7.526630833333333, 51.922927777777772 ] ] } },
{ "type": "Feature", "properties": { "betriebstag": "2026-01-29", "frt_fid": "49091", "edge_idx": 45, "cum_start_m": 17585.094865628053, "cum_end_m": 17912.539339693223 }, "geometry": { "type": "LineString", "coordinates": [ [ 7.526630833333333, 51.922927777777772 ], [ 7.527240833333333, 51.920008333333328 ] ] } },
{ "type": "Feature", "properties": { "betriebstag": "2026-01-29", "frt_fid": "49091", "edge_idx": 46, "cum_start_m": 17912.539339693223, "cum_end_m": 18164.880429445235 }, "geometry": { "type": "LineString", "coordinates": [ [ 7.527240833333333, 51.920008333333328 ], [ 7.528196111111111, 51.91781805555555 ] ] } },
{ "type": "Feature", "properties": { "betriebstag": "2026-01-29", "frt_fid": "49091", "edge_idx": 47, "cum_start_m": 18164.880429445235, "cum_end_m": 18399.365935811704 }, "geometry": { "type": "LineString", "coordinates": [ [ 7.528196111111111, 51.91781805555555 ], [ 7.525296388888889, 51.916709722222222 ] ] } },
{ "type": "Feature", "properties": { "betriebstag": "2026-01-29", "frt_fid": "49091", "edge_idx": 48, "cum_start_m": 18399.365935811704, "cum_end_m": 18672.120609331803 }, "geometry": { "type": "LineString", "coordinates": [ [ 7.525296388888889, 51.916709722222222 ], [ 7.527406944444444, 51.914633888888886 ] ] } },
{ "type": "Feature", "properties": { "betriebstag": "2026-01-29", "frt_fid": "49092", "edge_idx": 0, "cum_start_m": 0.0, "cum_end_m": 252.81103068142528 }, "geometry": { "type": "LineString", "coordinates": [ [ 7.527406944444444, 51.914633888888886 ], [ 7.525148611111111, 51.916426944444446 ] ] } },
{ "type": "Feature", "properties": { "betriebstag": "2026-01-29", "frt_fid": "49092", "edge_idx": 1, "cum_start_m": 252.81103068142528, "cum_end_m": 512.9345907511447 }, "geometry": { "type": "LineString", "coordinates": [ [ 7.525148611111111, 51.916426944444446 ], [ 7.5283925, 51.917628888888885 ] ] } },
{ "type": "Feature", "properties": { "betriebstag": "2026-01-29", "frt_fid": "49092", "edge_idx": 2, "cum_start_m": 512.9345907511447, "cum_end_m": 853.93326983610382 }, "geometry": { "type": "LineString", "coordinates": [ [ 7.5283925, 51.917628888888885 ], [ 7.5272425, 51.920610833333328 ] ] } },
{ "type": "Feature", "properties": { "betriebstag": "2026-01-29", "frt_fid": "49092", "edge_idx": 3, "cum_start_m": 853.93326983610382, "cum_end_m": 1134.347999177452 }, "geometry": { "type": "LineString", "coordinates": [ [ 7.5272425, 51.920610833333328 ], [ 7.526746944444445, 51.923113055555554 ] ] } },
{ "type": "Feature", "properties": { "betriebstag": "2026-01-29", "frt_fid": "49092", "edge_idx": 4, "cum_start_m": 1134.347999177452, "cum_end_m": 1456.2495256673139 }, "geometry": { "type": "LineString", "coordinates": [ [ 7.526746944444445, 51.923113055555554 ], [ 7.522214166666666, 51.923834166666666 ] ] } },
{ "type": "Feature", "properties": { "betriebstag": "2026-01-29", "frt_fid": "49092", "edge_idx": 5, "cum_start_m": 1456.2495256673139, "cum_end_m": 1667.7506820018784 }, "geometry": { "type": "LineString", "coordinates": [ [ 7.522214166666666, 51.923834166666666 ], [ 7.519796388888889, 51.925009166666662 ] ] } },
{ "type": "Feature", "properties": { "betriebstag": "2026-01-29", "frt_fid": "49092", "edge_idx": 6, "cum_start_m": 1667.7506820018784, "cum_end_m": 1927.6472379841873 }, "geometry": { "type": "LineString", "coordinates": [ [ 7.519796388888889, 51.925009166666662 ], [ 7.523565, 51.924836111111105 ] ] } },
{ "type": "Feature", "properties": { "betriebstag": "2026-01-29", "frt_fid": "49092", "edge_idx": 7, "cum_start_m": 1927.6472379841873, "cum_end_m": 2231.3907711767947 }, "geometry": { "type": "LineString", "coordinates": [ [ 7.523565, 51.924836111111105 ], [ 7.527928611111111, 51.924414722222217 ] ] } },
{ "type": "Feature", "properties": { "betriebstag": "2026-01-29", "frt_fid": "49092", "edge_idx": 8, "cum_start_m": 2231.3907711767947, "cum_end_m": 2697.9655963077685 }, "geometry": { "type": "LineString", "coordinates": [ [ 7.527928611111111, 51.924414722222217 ], [ 7.534711111111111, 51.924506111111107 ] ] } },
{ "type": "Feature", "properties": { "betriebstag": "2026-01-29", "frt_fid": "49092", "edge_idx": 9, "cum_start_m": 2697.9655963077685, "cum_end_m": 3893.0446921821531 }, "geometry": { "type": "LineString", "coordinates": [ [ 7.534711111111111, 51.924506111111107 ], [ 7.552072777777777, 51.924955555555556 ] ] } },
{ "type": "Feature", "properties": { "betriebstag": "2026-01-29", "frt_fid": "49092", "edge_idx": 10, "cum_start_m": 3893.0446921821531, "cum_end_m": 4627.6557294966078 }, "geometry": { "type": "LineString", "coordinates": [ [ 7.552072777777777, 51.924955555555556 ], [ 7.562747222222222, 51.9251975 ] ] } },
{ "type": "Feature", "properties": { "betriebstag": "2026-01-29", "frt_fid": "49092", "edge_idx": 11, "cum_start_m": 4627.6557294966078, "cum_end_m": 5380.8593173343543 }, "geometry": { "type": "LineString", "coordinates": [ [ 7.562747222222222, 51.9251975 ], [ 7.573689166666666, 51.924907777777776 ] ] } },
{ "type": "Feature", "properties": { "betriebstag": "2026-01-29", "frt_fid": "49092", "edge_idx": 12, "cum_start_m": 5380.8593173343543, "cum_end_m": 5815.2495216643429 }, "geometry": { "type": "LineString", "coordinates": [ [ 7.573689166666666, 51.924907777777776 ], [ 7.579957777777778, 51.925386666666661 ] ] } },
{ "type": "Feature", "properties": { "betriebstag": "2026-01-29", "frt_fid": "49092", "edge_idx": 13, "cum_start_m": 5815.2495216643429, "cum_end_m": 6079.3752657665036 }, "geometry": { "type": "LineString", "coordinates": [ [ 7.579957777777778, 51.925386666666661 ], [ 7.583341666666667, 51.926509722222221 ] ] } },
{ "type": "Feature", "properties": { "betriebstag": "2026-01-29", "frt_fid": "49092", "edge_idx": 14, "cum_start_m": 6079.3752657665036, "cum_end_m": 6450.9601449603824 }, "geometry": { "type": "LineString", "coordinates": [ [ 7.583341666666667, 51.926509722222221 ], [ 7.588090277777778, 51.928103611111112 ] ] } },
{ "type": "Feature", "properties": { "betriebstag": "2026-01-29", "frt_fid": "49092", "edge_idx": 15, "cum_start_m": 6450.9601449603824, "cum_end_m": 6878.7736095791061 }, "geometry": { "type": "LineString", "coordinates": [ [ 7.588090277777778, 51.928103611111112 ], [ 7.592937222222222, 51.93051472222222 ] ] } },
{ "type": "Feature", "properties": { "betriebstag": "2026-01-29", "frt_fid": "49092", "edge_idx": 16, "cum_start_m": 6878.7736095791061, "cum_end_m": 7100.6558450639195 }, "geometry": { "type": "LineString", "coordinates": [ [ 7.592937222222222, 51.93051472222222 ], [ 7.595317222222222, 51.931861666666663 ] ] } },
{ "type": "Feature", "properties": { "betriebstag": "2026-01-29", "frt_fid": "49092", "edge_idx": 17, "cum_start_m": 7100.6558450639195, "cum_end_m": 7547.7746374858225 }, "geometry": { "type": "LineString", "coordinates": [ [ 7.595317222222222, 51.931861666666663 ], [ 7.600118888888889, 51.934572222222222 ] ] } },
{ "type": "Feature", "properties": { "betriebstag": "2026-01-29", "frt_fid": "49092", "edge_idx": 18, "cum_start_m": 7547.7746374858225, "cum_end_m": 7851.0986481443106 }, "geometry": { "type": "LineString", "coordinates": [ [ 7.600118888888889, 51.934572222222222 ], [ 7.603557777777778, 51.936280277777776 ] ] } },
{ "type": "Feature", "properties": { "betriebstag": "2026-01-29", "frt_fid": "49092", "edge_idx": 19, "cum_start_m": 7851.0986481443106, "cum_end_m": 8139.4908914998105 }, "geometry": { "type": "LineString", "coordinates": [ [ 7.603557777777778, 51.936280277777776 ], [ 7.606431944444444, 51.938168611111109 ] ] } },
{ "type": "Feature", "properties": { "betriebstag": "2026-01-29", "frt_fid": "49092", "edge_idx": 20, "cum_start_m": 8139.4908914998105, "cum_end_m": 8439.6655347032174 }, "geometry": { "type": "LineString", "coordinates": [ [ 7.606431944444444, 51.938168611111109 ], [ 7.609121388888888, 51.94029444444444 ] ] } },
{ "type": "Feature", "properties": { "betriebstag": "2026-01-29", "frt_fid": "49092", "edge_idx": 21, "cum_start_m": 8439.6655347032174, "cum_end_m": 8932.9279763290979 }, "geometry": { "type": "LineString", "coordinates": [ [ 7.609121388888888, 51.94029444444444 ], [ 7.612395555555556, 51.944240277777773 ] ] } },
{ "type": "Feature", "properties": { "betriebstag": "2026-01-29", "frt_fid": "49092", "edge_idx": 22, "cum_start_m": 8932.9279763290979, "cum_end_m": 9593.9734084663633 }, "geometry": { "type": "LineString", "coordinates": [ [ 7.612395555555556, 51.944240277777773 ], [ 7.616818611111111, 51.949517222222219 ] ] } },
{ "type": "Feature", "properties": { "betriebstag": "2026-01-29", "frt_fid": "49092", "edge_idx": 23, "cum_start_m": 9593.9734084663633, "cum_end_m": 9941.2500869354153 }, "geometry": { "type": "LineString", "coordinates": [ [ 7.616818611111111, 51.949517222222219 ], [ 7.619033333333334, 51.952323333333339 ] ] } },
{ "type": "Feature", "properties": { "betriebstag": "2026-01-29", "frt_fid": "49092", "edge_idx": 24, "cum_start_m": 9941.2500869354153, "cum_end_m": 10311.455762363797 }, "geometry": { "type": "LineString", "coordinates": [ [ 7.619033333333334, 51.952323333333339 ], [ 7.621679444444445, 51.955222222222226 ] ] } },
{ "type": "Feature", "properties": { "betriebstag": "2026-01-29", "frt_fid": "49092", "edge_idx": 25, "cum_start_m": 10311.455762363797, "cum_end_m": 10769.242518443578 }, "geometry": { "type": "LineString", "coordinates": [ [ 7.621679444444445, 51.955222222222226 ], [ 7.628273611111112, 51.955803888888894 ] ] } },
{ "type": "Feature", "properties": { "betriebstag": "2026-01-29", "frt_fid": "49092", "edge_idx": 26, "cum_start_m": 10769.242518443578, "cum_end_m": 11235.756337761621 }, "geometry": { "type": "LineString", "coordinates": [ [ 7.628273611111112, 51.955803888888894 ], [ 7.634583333333333, 51.957350555555557 ] ] } },
{ "type": "Feature", "properties": { "betriebstag": "2026-01-29", "frt_fid": "49092", "edge_idx": 27, "cum_start_m": 11235.756337761621, "cum_end_m": 11728.337723597298 }, "geometry": { "type": "LineString", "coordinates": [ [ 7.634583333333333, 51.957350555555557 ], [ 7.635514166666666, 51.961741388888889 ] ] } },
{ "type": "Feature", "properties": { "betriebstag": "2026-01-29", "frt_fid": "49092", "edge_idx": 28, "cum_start_m": 11728.337723597298, "cum_end_m": 12174.065073310801 }, "geometry": { "type": "LineString", "coordinates": [ [ 7.635514166666666, 51.961741388888889 ], [ 7.630303611111112, 51.964128055555555 ] ] } },
{ "type": "Feature", "properties": { "betriebstag": "2026-01-29", "frt_fid": "49092", "edge_idx": 29, "cum_start_m": 12174.065073310801, "cum_end_m": 12439.678286307873 }, "geometry": { "type": "LineString", "coordinates": [ [ 7.630303611111112, 51.964128055555555 ], [ 7.626990833333334, 51.965358611111114 ] ] } },
{ "type": "Feature", "properties": { "betriebstag": "2026-01-29", "frt_fid": "49092", "edge_idx": 30, "cum_start_m": 12439.678286307873, "cum_end_m": 12779.107562132333 }, "geometry": { "type": "LineString", "coordinates": [ [ 7.626990833333334, 51.965358611111114 ], [ 7.6232925, 51.967381666666668 ] ] } },
{ "type": "Feature", "properties": { "betriebstag": "2026-01-29", "frt_fid": "49092", "edge_idx": 31, "cum_start_m": 12779.107562132333, "cum_end_m": 13072.281679112135 }, "geometry": { "type": "LineString", "coordinates": [ [ 7.6232925, 51.967381666666668 ], [ 7.622248611111112, 51.969937222222221 ] ] } },
{ "type": "Feature", "properties": { "betriebstag": "2026-01-29", "frt_fid": "49092", "edge_idx": 32, "cum_start_m": 13072.281679112135, "cum_end_m": 13376.287885595981 }, "geometry": { "type": "LineString", "coordinates": [ [ 7.622248611111112, 51.969937222222221 ], [ 7.623106944444445, 51.972618333333337 ] ] } },
{ "type": "Feature", "properties": { "betriebstag": "2026-01-29", "frt_fid": "49092", "edge_idx": 33, "cum_start_m": 13376.287885595981, "cum_end_m": 13621.86530573016 }, "geometry": { "type": "LineString", "coordinates": [ [ 7.623106944444445, 51.972618333333337 ], [ 7.622308333333334, 51.974770277777779 ] ] } },
{ "type": "Feature", "properties": { "betriebstag": "2026-01-29", "frt_fid": "49092", "edge_idx": 34, "cum_start_m": 13621.86530573016, "cum_end_m": 13991.900775013413 }, "geometry": { "type": "LineString", "coordinates": [ [ 7.622308333333334, 51.974770277777779 ], [ 7.616933333333334, 51.97455305555556 ] ] } },
{ "type": "Feature", "properties": { "betriebstag": "2026-01-29", "frt_fid": "49092", "edge_idx": 35, "cum_start_m": 13991.900775013413, "cum_end_m": 14299.481537855607 }, "geometry": { "type": "LineString", "coordinates": [ [ 7.616933333333334, 51.97455305555556 ], [ 7.612489722222222, 51.974891944444444 ] ] } },
{ "type": "Feature", "properties": { "betriebstag": "2026-01-29", "frt_fid": "49092", "edge_idx": 36, "cum_start_m": 14299.481537855607, "cum_end_m": 14547.995251270841 }, "geometry": { "type": "LineString", "coordinates": [ [ 7.612489722222222, 51.974891944444444 ], [ 7.61234, 51.97712416666667 ] ] } },
{ "type": "Feature", "properties": { "betriebstag": "2026-01-29", "frt_fid": "49092", "edge_idx": 37, "cum_start_m": 14547.995251270841, "cum_end_m": 14812.721890984751 }, "geometry": { "type": "LineString", "coordinates": [ [ 7.61234, 51.97712416666667 ], [ 7.612148333333333, 51.979501111111112 ] ] } },
{ "type": "Feature", "properties": { "betriebstag": "2026-01-29", "frt_fid": "49092", "edge_idx": 38, "cum_start_m": 14812.721890984751, "cum_end_m": 15175.019392042703 }, "geometry": { "type": "LineString", "coordinates": [ [ 7.612148333333333, 51.979501111111112 ], [ 7.611887222222222, 51.982754166666666 ] ] } },
{ "type": "Feature", "properties": { "betriebstag": "2026-01-29", "frt_fid": "49092", "edge_idx": 39, "cum_start_m": 15175.019392042703, "cum_end_m": 15746.086391357845 }, "geometry": { "type": "LineString", "coordinates": [ [ 7.611887222222222, 51.982754166666666 ], [ 7.611500833333333, 51.9878825 ] ] } },
{ "type": "Feature", "properties": { "betriebstag": "2026-01-29", "frt_fid": "49092", "edge_idx": 40, "cum_start_m": 15746.086391357845, "cum_end_m": 16424.249853010529 }, "geometry": { "type": "LineString", "coordinates": [ [ 7.611500833333333, 51.9878825 ], [ 7.612586388888889, 51.993942222222223 ] ] } },
{ "type": "Feature", "properties": { "betriebstag": "2026-01-29", "frt_fid": "49092", "edge_idx": 41, "cum_start_m": 16424.249853010529, "cum_end_m": 16612.39069739858 }, "geometry": { "type": "LineString", "coordinates": [ [ 7.612586388888889, 51.993942222222223 ], [ 7.612988611111111, 51.99561527777778 ] ] } },
{ "type": "Feature", "properties": { "betriebstag": "2026-01-29", "frt_fid": "49092", "edge_idx": 42, "cum_start_m": 16612.39069739858, "cum_end_m": 16879.757597902117 }, "geometry": { "type": "LineString", "coordinates": [ [ 7.612988611111111, 51.99561527777778 ], [ 7.612205, 51.997969722222223 ] ] } },
{ "type": "Feature", "properties": { "betriebstag": "2026-01-29", "frt_fid": "49092", "edge_idx": 43, "cum_start_m": 16879.757597902117, "cum_end_m": 17152.389695180093 }, "geometry": { "type": "LineString", "coordinates": [ [ 7.612205, 51.997969722222223 ], [ 7.6082875, 51.99757 ] ] } },
{ "type": "Feature", "properties": { "betriebstag": "2026-01-29", "frt_fid": "49092", "edge_idx": 44, "cum_start_m": 17152.389695180093, "cum_end_m": 17436.186918475396 }, "geometry": { "type": "LineString", "coordinates": [ [ 7.6082875, 51.99757 ], [ 7.604203611111111, 51.997176944444448 ] ] } },
{ "type": "Feature", "properties": { "betriebstag": "2026-01-29", "frt_fid": "49092", "edge_idx": 45, "cum_start_m": 17436.186918475396, "cum_end_m": 17842.140415629561 }, "geometry": { "type": "LineString", "coordinates": [ [ 7.604203611111111, 51.997176944444448 ], [ 7.598429166666667, 51.997960555555558 ] ] } },
{ "type": "Feature", "properties": { "betriebstag": "2026-01-29", "frt_fid": "49092", "edge_idx": 46, "cum_start_m": 17842.140415629561, "cum_end_m": 18196.691592968011 }, "geometry": { "type": "LineString", "coordinates": [ [ 7.598429166666667, 51.997960555555558 ], [ 7.595289444444444, 52.00049111111111 ] ] } },
{ "type": "Feature", "properties": { "betriebstag": "2026-01-29", "frt_fid": "49092", "edge_idx": 47, "cum_start_m": 18196.691592968011, "cum_end_m": 18406.394435662372 }, "geometry": { "type": "LineString", "coordinates": [ [ 7.595289444444444, 52.00049111111111 ], [ 7.592288888888889, 52.000843333333336 ] ] } },
{ "type": "Feature", "properties": { "betriebstag": "2026-01-29", "frt_fid": "49092", "edge_idx": 48, "cum_start_m": 18406.394435662372, "cum_end_m": 18668.492547611426 }, "geometry": { "type": "LineString", "coordinates": [ [ 7.592288888888889, 52.000843333333336 ], [ 7.590370833333333, 51.998806111111115 ] ] } },
{ "type": "Feature", "properties": { "betriebstag": "2026-01-29", "frt_fid": "49094", "edge_idx": 0, "cum_start_m": 0.0, "cum_end_m": 252.38518567391679 }, "geometry": { "type": "LineString", "coordinates": [ [ 7.590370833333333, 51.998806111111115 ], [ 7.592259166666667, 52.000752777777777 ] ] } },
{ "type": "Feature", "properties": { "betriebstag": "2026-01-29", "frt_fid": "49094", "edge_idx": 1, "cum_start_m": 252.38518567391679, "cum_end_m": 465.78551979183834 }, "geometry": { "type": "LineString", "coordinates": [ [ 7.592259166666667, 52.000752777777777 ], [ 7.595288888888889, 52.000324444444445 ] ] } },
{ "type": "Feature", "properties": { "betriebstag": "2026-01-29", "frt_fid": "49094", "edge_idx": 2, "cum_start_m": 465.78551979183834, "cum_end_m": 817.77613550934825 }, "geometry": { "type": "LineString", "coordinates": [ [ 7.595288888888889, 52.000324444444445 ], [ 7.598407222222222, 51.997812777777781 ] ] } },
{ "type": "Feature", "properties": { "betriebstag": "2026-01-29", "frt_fid": "49094", "edge_idx": 3, "cum_start_m": 817.77613550934825, "cum_end_m": 1135.01387229907 }, "geometry": { "type": "LineString", "coordinates": [ [ 7.598407222222222, 51.997812777777781 ], [ 7.602791388888889, 51.99691277777778 ] ] } },
{ "type": "Feature", "properties": { "betriebstag": "2026-01-29", "frt_fid": "49094", "edge_idx": 4, "cum_start_m": 1135.01387229907, "cum_end_m": 1527.4445791228004 }, "geometry": { "type": "LineString", "coordinates": [ [ 7.602791388888889, 51.99691277777778 ], [ 7.608435, 51.99747 ] ] } },
{ "type": "Feature", "properties": { "betriebstag": "2026-01-29", "frt_fid": "49094", "edge_idx": 5, "cum_start_m": 1527.4445791228004, "cum_end_m": 1804.0313800604363 }, "geometry": { "type": "LineString", "coordinates": [ [ 7.608435, 51.99747 ], [ 7.612418333333333, 51.997840277777776 ] ] } },
{ "type": "Feature", "properties": { "betriebstag": "2026-01-29", "frt_fid": "49094", "edge_idx": 6, "cum_start_m": 1804.0313800604363, "cum_end_m": 2013.0376171625655 }, "geometry": { "type": "LineString", "coordinates": [ [ 7.612418333333333, 51.997840277777776 ], [ 7.612816944444444, 51.9959775 ] ] } },
{ "type": "Feature", "properties": { "betriebstag": "2026-01-29", "frt_fid": "49094", "edge_idx": 7, "cum_start_m": 2013.0376171625655, "cum_end_m": 2360.0194762676874 }, "geometry": { "type": "LineString", "coordinates": [ [ 7.612816944444444, 51.9959775 ], [ 7.611991944444444, 51.9929 ] ] } },
{ "type": "Feature", "properties": { "betriebstag": "2026-01-29", "frt_fid": "49094", "edge_idx": 8, "cum_start_m": 2360.0194762676874, "cum_end_m": 2830.7143886621107 }, "geometry": { "type": "LineString", "coordinates": [ [ 7.611991944444444, 51.9929 ], [ 7.611138611111111, 51.988701388888892 ] ] } },
{ "type": "Feature", "properties": { "betriebstag": "2026-01-29", "frt_fid": "49094", "edge_idx": 9, "cum_start_m": 2830.7143886621107, "cum_end_m": 3509.6057971658861 }, "geometry": { "type": "LineString", "coordinates": [ [ 7.611138611111111, 51.988701388888892 ], [ 7.611624722222222, 51.982605555555558 ] ] } },
{ "type": "Feature", "properties": { "betriebstag": "2026-01-29", "frt_fid": "49094", "edge_idx": 10, "cum_start_m": 3509.6057971658861, "cum_end_m": 3853.593604430167 }, "geometry": { "type": "LineString", "coordinates": [ [ 7.611624722222222, 51.982605555555558 ], [ 7.611845277777777, 51.97951611111111 ] ] } },
{ "type": "Feature", "properties": { "betriebstag": "2026-01-29", "frt_fid": "49094", "edge_idx": 11, "cum_start_m": 3853.593604430167, "cum_end_m": 4146.9336982512405 }, "geometry": { "type": "LineString", "coordinates": [ [ 7.611845277777777, 51.97951611111111 ], [ 7.612074166666666, 51.976882777777782 ] ] } },
{ "type": "Feature", "properties": { "betriebstag": "2026-01-29", "frt_fid": "49094", "edge_idx": 12, "cum_start_m": 4146.9336982512405, "cum_end_m": 4452.3266945865635 }, "geometry": { "type": "LineString", "coordinates": [ [ 7.612074166666666, 51.976882777777782 ], [ 7.613080833333333, 51.974208611111116 ] ] } },
{ "type": "Feature", "properties": { "betriebstag": "2026-01-29", "frt_fid": "49094", "edge_idx": 13, "cum_start_m": 4452.3266945865635, "cum_end_m": 4916.8518467481554 }, "geometry": { "type": "LineString", "coordinates": [ [ 7.613080833333333, 51.974208611111116 ], [ 7.619821666666667, 51.974538055555556 ] ] } },
{ "type": "Feature", "properties": { "betriebstag": "2026-01-29", "frt_fid": "49094", "edge_idx": 14, "cum_start_m": 4916.8518467481554, "cum_end_m": 5163.5275357607197 }, "geometry": { "type": "LineString", "coordinates": [ [ 7.619821666666667, 51.974538055555556 ], [ 7.6233275, 51.974058611111111 ] ] } },
{ "type": "Feature", "properties": { "betriebstag": "2026-01-29", "frt_fid": "49094", "edge_idx": 15, "cum_start_m": 5163.5275357607197, "cum_end_m": 5398.6287585085056 }, "geometry": { "type": "LineString", "coordinates": [ [ 7.6233275, 51.974058611111111 ], [ 7.622440833333334, 51.972017222222227 ] ] } },
{ "type": "Feature", "properties": { "betriebstag": "2026-01-29", "frt_fid": "49094", "edge_idx": 16, "cum_start_m": 5398.6287585085056, "cum_end_m": 5591.8315667054976 }, "geometry": { "type": "LineString", "coordinates": [ [ 7.622440833333334, 51.972017222222227 ], [ 7.622116111111112, 51.970291944444448 ] ] } },
{ "type": "Feature", "properties": { "betriebstag": "2026-01-29", "frt_fid": "49094", "edge_idx": 17, "cum_start_m": 5591.8315667054976, "cum_end_m": 5900.3984632161601 }, "geometry": { "type": "LineString", "coordinates": [ [ 7.622116111111112, 51.970291944444448 ], [ 7.623097777777779, 51.967585 ] ] } },
{ "type": "Feature", "properties": { "betriebstag": "2026-01-29", "frt_fid": "49094", "edge_idx": 18, "cum_start_m": 5900.3984632161601, "cum_end_m": 6273.2500209723021 }, "geometry": { "type": "LineString", "coordinates": [ [ 7.623097777777779, 51.967585 ], [ 7.626976111111111, 51.96524055555556 ] ] } },
{ "type": "Feature", "properties": { "betriebstag": "2026-01-29", "frt_fid": "49094", "edge_idx": 19, "cum_start_m": 6273.2500209723021, "cum_end_m": 6574.2691961920973 }, "geometry": { "type": "LineString", "coordinates": [ [ 7.626976111111111, 51.96524055555556 ], [ 7.630732222222223, 51.963847777777779 ] ] } },
{ "type": "Feature", "properties": { "betriebstag": "2026-01-29", "frt_fid": "49094", "edge_idx": 20, "cum_start_m": 6574.2691961920973, "cum_end_m": 7014.8486351403217 }, "geometry": { "type": "LineString", "coordinates": [ [ 7.630732222222223, 51.963847777777779 ], [ 7.635060833333333, 51.960925833333334 ] ] } },
{ "type": "Feature", "properties": { "betriebstag": "2026-01-29", "frt_fid": "49094", "edge_idx": 21, "cum_start_m": 7014.8486351403217, "cum_end_m": 7426.5254121041244 }, "geometry": { "type": "LineString", "coordinates": [ [ 7.635060833333333, 51.960925833333334 ], [ 7.634171666666666, 51.957265833333338 ] ] } },
{ "type": "Feature", "properties": { "betriebstag": "2026-01-29", "frt_fid": "49094", "edge_idx": 22, "cum_start_m": 7426.5254121041244, "cum_end_m": 7950.3431831831149 }, "geometry": { "type": "LineString", "coordinates": [ [ 7.634171666666666, 51.957265833333338 ], [ 7.626748055555556, 51.956198333333333 ] ] } },
{ "type": "Feature", "properties": { "betriebstag": "2026-01-29", "frt_fid": "49094", "edge_idx": 23, "cum_start_m": 7950.3431831831149, "cum_end_m": 8342.0366972905358 }, "geometry": { "type": "LineString", "coordinates": [ [ 7.626748055555556, 51.956198333333333 ], [ 7.621243611111112, 51.955285277777783 ] ] } },
{ "type": "Feature", "properties": { "betriebstag": "2026-01-29", "frt_fid": "49094", "edge_idx": 24, "cum_start_m": 8342.0366972905358, "cum_end_m": 8767.0286066528079 }, "geometry": { "type": "LineString", "coordinates": [ [ 7.621243611111112, 51.955285277777783 ], [ 7.618360555555556, 51.951905277777783 ] ] } },
{ "type": "Feature", "properties": { "betriebstag": "2026-01-29", "frt_fid": "49094", "edge_idx": 25, "cum_start_m": 8767.0286066528079, "cum_end_m": 9095.2637837406583 }, "geometry": { "type": "LineString", "coordinates": [ [ 7.618360555555556, 51.951905277777783 ], [ 7.616151388888889, 51.949289166666667 ] ] } },
{ "type": "Feature", "properties": { "betriebstag": "2026-01-29", "frt_fid": "49094", "edge_idx": 26, "cum_start_m": 9095.2637837406583, "cum_end_m": 9727.8555085226053 }, "geometry": { "type": "LineString", "coordinates": [ [ 7.616151388888889, 51.949289166666667 ], [ 7.612045833333333, 51.944199444444443 ] ] } },
{ "type": "Feature", "properties": { "betriebstag": "2026-01-29", "frt_fid": "49094", "edge_idx": 27, "cum_start_m": 9727.8555085226053, "cum_end_m": 10211.243590625469 }, "geometry": { "type": "LineString", "coordinates": [ [ 7.612045833333333, 51.944199444444443 ], [ 7.608778611111111, 51.940351388888885 ] ] } },
{ "type": "Feature", "properties": { "betriebstag": "2026-01-29", "frt_fid": "49094", "edge_idx": 28, "cum_start_m": 10211.243590625469, "cum_end_m": 10531.784382585989 }, "geometry": { "type": "LineString", "coordinates": [ [ 7.608778611111111, 51.940351388888885 ], [ 7.605851666666666, 51.938108333333332 ] ] } },
{ "type": "Feature", "properties": { "betriebstag": "2026-01-29", "frt_fid": "49094", "edge_idx": 29, "cum_start_m": 10531.784382585989, "cum_end_m": 10826.220830002298 }, "geometry": { "type": "LineString", "coordinates": [ [ 7.605851666666666, 51.938108333333332 ], [ 7.602868611111111, 51.936209166666664 ] ] } },
{ "type": "Feature", "properties": { "betriebstag": "2026-01-29", "frt_fid": "49094", "edge_idx": 30, "cum_start_m": 10826.220830002298, "cum_end_m": 11107.547957517067 }, "geometry": { "type": "LineString", "coordinates": [ [ 7.602868611111111, 51.936209166666664 ], [ 7.599746944444444, 51.934574166666664 ] ] } },
{ "type": "Feature", "properties": { "betriebstag": "2026-01-29", "frt_fid": "49094", "edge_idx": 31, "cum_start_m": 11107.547957517067, "cum_end_m": 11603.237017736159 }, "geometry": { "type": "LineString", "coordinates": [ [ 7.599746944444444, 51.934574166666664 ], [ 7.594443055555555, 51.931556111111107 ] ] } },
{ "type": "Feature", "properties": { "betriebstag": "2026-01-29", "frt_fid": "49094", "edge_idx": 32, "cum_start_m": 11603.237017736159, "cum_end_m": 11843.388957195351 }, "geometry": { "type": "LineString", "coordinates": [ [ 7.594443055555555, 51.931556111111107 ], [ 7.591849444444444, 51.930110277777779 ] ] } },
{ "type": "Feature", "properties": { "betriebstag": "2026-01-29", "frt_fid": "49094", "edge_idx": 33, "cum_start_m": 11843.388957195351, "cum_end_m": 12191.84927886982 }, "geometry": { "type": "LineString", "coordinates": [ [ 7.591849444444444, 51.930110277777779 ], [ 7.587873611111111, 51.928168055555552 ] ] } },
{ "type": "Feature", "properties": { "betriebstag": "2026-01-29", "frt_fid": "49094", "edge_idx": 34, "cum_start_m": 12191.84927886982, "cum_end_m": 12571.841950427828 }, "geometry": { "type": "LineString", "coordinates": [ [ 7.587873611111111, 51.928168055555552 ], [ 7.582982777777778, 51.926578333333332 ] ] } },
{ "type": "Feature", "properties": { "betriebstag": "2026-01-29", "frt_fid": "49094", "edge_idx": 35, "cum_start_m": 12571.841950427828, "cum_end_m": 12900.072642387888 }, "geometry": { "type": "LineString", "coordinates": [ [ 7.582982777777778, 51.926578333333332 ], [ 7.578722777777777, 51.925247777777777 ] ] } },
{ "type": "Feature", "properties": { "betriebstag": "2026-01-29", "frt_fid": "49094", "edge_idx": 36, "cum_start_m": 12900.072642387888, "cum_end_m": 13276.012459881504 }, "geometry": { "type": "LineString", "coordinates": [ [ 7.578722777777777, 51.925247777777777 ], [ 7.573266111111111, 51.925046388888887 ] ] } },
{ "type": "Feature", "properties": { "betriebstag": "2026-01-29", "frt_fid": "49094", "edge_idx": 37, "cum_start_m": 13276.012459881504, "cum_end_m": 14100.758832079808 }, "geometry": { "type": "LineString", "coordinates": [ [ 7.573266111111111, 51.925046388888887 ], [ 7.561284166666667, 51.925354166666665 ] ] } },
{ "type": "Feature", "properties": { "betriebstag": "2026-01-29", "frt_fid": "49094", "edge_idx": 38, "cum_start_m": 14100.758832079808, "cum_end_m": 14790.067665141069 }, "geometry": { "type": "LineString", "coordinates": [ [ 7.561284166666667, 51.925354166666665 ], [ 7.551272222222222, 51.925064166666665 ] ] } },
{ "type": "Feature", "properties": { "betriebstag": "2026-01-29", "frt_fid": "49094", "edge_idx": 39, "cum_start_m": 14790.067665141069, "cum_end_m": 15971.447205531978 }, "geometry": { "type": "LineString", "coordinates": [ [ 7.551272222222222, 51.925064166666665 ], [ 7.534105277777778, 51.924687777777777 ] ] } },
{ "type": "Feature", "properties": { "betriebstag": "2026-01-29", "frt_fid": "49094", "edge_idx": 40, "cum_start_m": 15971.447205531978, "cum_end_m": 16426.700717325602 }, "geometry": { "type": "LineString", "coordinates": [ [ 7.534105277777778, 51.924687777777777 ], [ 7.527485833333333, 51.924708611111107 ] ] } },
{ "type": "Feature", "properties": { "betriebstag": "2026-01-29", "frt_fid": "49094", "edge_idx": 41, "cum_start_m": 16426.700717325602, "cum_end_m": 16680.91432050231 }, "geometry": { "type": "LineString", "coordinates": [ [ 7.527485833333333, 51.924708611111107 ], [ 7.523809166666666, 51.924944166666663 ] ] } },
{ "type": "Feature", "properties": { "betriebstag": "2026-01-29", "frt_fid": "49094", "edge_idx": 42, "cum_start_m": 16680.91432050231, "cum_end_m": 17003.434758414649 }, "geometry": { "type": "LineString", "coordinates": [ [ 7.523809166666666, 51.924944166666663 ], [ 7.519123611111111, 51.925064166666665 ] ] } },
{ "type": "Feature", "properties": { "betriebstag": "2026-01-29", "frt_fid": "49094", "edge_idx": 43, "cum_start_m": 17003.434758414649, "cum_end_m": 17272.753674940966 }, "geometry": { "type": "LineString", "coordinates": [ [ 7.519123611111111, 51.925064166666665 ], [ 7.522211944444444, 51.923575555555551 ] ] } },
{ "type": "Feature", "properties": { "betriebstag": "2026-01-29", "frt_fid": "49094", "edge_idx": 44, "cum_start_m": 17272.753674940966, "cum_end_m": 17585.094865628053 }, "geometry": { "type": "LineString", "coordinates": [ [ 7.522211944444444, 51.923575555555551 ], [ 7.526630833333333, 51.922927777777772 ] ] } },
{ "type": "Feature", "properties": { "betriebstag": "2026-01-29", "frt_fid": "49094", "edge_idx": 45, "cum_start_m": 17585.094865628053, "cum_end_m": 17912.539339693223 }, "geometry": { "type": "LineString", "coordinates": [ [ 7.526630833333333, 51.922927777777772 ], [ 7.527240833333333, 51.920008333333328 ] ] } },
{ "type": "Feature", "properties": { "betriebstag": "2026-01-29", "frt_fid": "49094", "edge_idx": 46, "cum_start_m": 17912.539339693223, "cum_end_m": 18164.880429445235 }, "geometry": { "type": "LineString", "coordinates": [ [ 7.527240833333333, 51.920008333333328 ], [ 7.528196111111111, 51.91781805555555 ] ] } },
{ "type": "Feature", "properties": { "betriebstag": "2026-01-29", "frt_fid": "49094", "edge_idx": 47, "cum_start_m": 18164.880429445235, "cum_end_m": 18399.365935811704 }, "geometry": { "type": "LineString", "coordinates": [ [ 7.528196111111111, 51.91781805555555 ], [ 7.525296388888889, 51.916709722222222 ] ] } },
{ "type": "Feature", "properties": { "betriebstag": "2026-01-29", "frt_fid": "49094", "edge_idx": 48, "cum_start_m": 18399.365935811704, "cum_end_m": 18672.120609331803 }, "geometry": { "type": "LineString", "coordinates": [ [ 7.525296388888889, 51.916709722222222 ], [ 7.527406944444444, 51.914633888888886 ] ] } },
{ "type": "Feature", "properties": { "betriebstag": "2026-01-29", "frt_fid": "49096", "edge_idx": 0, "cum_start_m": 0.0, "cum_end_m": 252.81103068142528 }, "geometry": { "type": "LineString", "coordinates": [ [ 7.527406944444444, 51.914633888888886 ], [ 7.525148611111111, 51.916426944444446 ] ] } },
{ "type": "Feature", "properties": { "betriebstag": "2026-01-29", "frt_fid": "49096", "edge_idx": 1, "cum_start_m": 252.81103068142528, "cum_end_m": 512.9345907511447 }, "geometry": { "type": "LineString", "coordinates": [ [ 7.525148611111111, 51.916426944444446 ], [ 7.5283925, 51.917628888888885 ] ] } },
{ "type": "Feature", "properties": { "betriebstag": "2026-01-29", "frt_fid": "49096", "edge_idx": 2, "cum_start_m": 512.9345907511447, "cum_end_m": 853.93326983610382 }, "geometry": { "type": "LineString", "coordinates": [ [ 7.5283925, 51.917628888888885 ], [ 7.5272425, 51.920610833333328 ] ] } },
{ "type": "Feature", "properties": { "betriebstag": "2026-01-29", "frt_fid": "49096", "edge_idx": 3, "cum_start_m": 853.93326983610382, "cum_end_m": 1134.347999177452 }, "geometry": { "type": "LineString", "coordinates": [ [ 7.5272425, 51.920610833333328 ], [ 7.526746944444445, 51.923113055555554 ] ] } },
{ "type": "Feature", "properties": { "betriebstag": "2026-01-29", "frt_fid": "49096", "edge_idx": 4, "cum_start_m": 1134.347999177452, "cum_end_m": 1456.2495256673139 }, "geometry": { "type": "LineString", "coordinates": [ [ 7.526746944444445, 51.923113055555554 ], [ 7.522214166666666, 51.923834166666666 ] ] } },
{ "type": "Feature", "properties": { "betriebstag": "2026-01-29", "frt_fid": "49096", "edge_idx": 5, "cum_start_m": 1456.2495256673139, "cum_end_m": 1667.7506820018784 }, "geometry": { "type": "LineString", "coordinates": [ [ 7.522214166666666, 51.923834166666666 ], [ 7.519796388888889, 51.925009166666662 ] ] } },
{ "type": "Feature", "properties": { "betriebstag": "2026-01-29", "frt_fid": "49096", "edge_idx": 6, "cum_start_m": 1667.7506820018784, "cum_end_m": 1927.6472379841873 }, "geometry": { "type": "LineString", "coordinates": [ [ 7.519796388888889, 51.925009166666662 ], [ 7.523565, 51.924836111111105 ] ] } },
{ "type": "Feature", "properties": { "betriebstag": "2026-01-29", "frt_fid": "49096", "edge_idx": 7, "cum_start_m": 1927.6472379841873, "cum_end_m": 2231.3907711767947 }, "geometry": { "type": "LineString", "coordinates": [ [ 7.523565, 51.924836111111105 ], [ 7.527928611111111, 51.924414722222217 ] ] } },
{ "type": "Feature", "properties": { "betriebstag": "2026-01-29", "frt_fid": "49096", "edge_idx": 8, "cum_start_m": 2231.3907711767947, "cum_end_m": 2697.9655963077685 }, "geometry": { "type": "LineString", "coordinates": [ [ 7.527928611111111, 51.924414722222217 ], [ 7.534711111111111, 51.924506111111107 ] ] } },
{ "type": "Feature", "properties": { "betriebstag": "2026-01-29", "frt_fid": "49096", "edge_idx": 9, "cum_start_m": 2697.9655963077685, "cum_end_m": 3893.0446921821531 }, "geometry": { "type": "LineString", "coordinates": [ [ 7.534711111111111, 51.924506111111107 ], [ 7.552072777777777, 51.924955555555556 ] ] } },
{ "type": "Feature", "properties": { "betriebstag": "2026-01-29", "frt_fid": "49096", "edge_idx": 10, "cum_start_m": 3893.0446921821531, "cum_end_m": 4627.6557294966078 }, "geometry": { "type": "LineString", "coordinates": [ [ 7.552072777777777, 51.924955555555556 ], [ 7.562747222222222, 51.9251975 ] ] } },
{ "type": "Feature", "properties": { "betriebstag": "2026-01-29", "frt_fid": "49096", "edge_idx": 11, "cum_start_m": 4627.6557294966078, "cum_end_m": 5380.8593173343543 }, "geometry": { "type": "LineString", "coordinates": [ [ 7.562747222222222, 51.9251975 ], [ 7.573689166666666, 51.924907777777776 ] ] } },
{ "type": "Feature", "properties": { "betriebstag": "2026-01-29", "frt_fid": "49096", "edge_idx": 12, "cum_start_m": 5380.8593173343543, "cum_end_m": 5815.2495216643429 }, "geometry": { "type": "LineString", "coordinates": [ [ 7.573689166666666, 51.924907777777776 ], [ 7.579957777777778, 51.925386666666661 ] ] } },
{ "type": "Feature", "properties": { "betriebstag": "2026-01-29", "frt_fid": "49096", "edge_idx": 13, "cum_start_m": 5815.2495216643429, "cum_end_m": 6079.3752657665036 }, "geometry": { "type": "LineString", "coordinates": [ [ 7.579957777777778, 51.925386666666661 ], [ 7.583341666666667, 51.926509722222221 ] ] } },
{ "type": "Feature", "properties": { "betriebstag": "2026-01-29", "frt_fid": "49096", "edge_idx": 14, "cum_start_m": 6079.3752657665036, "cum_end_m": 6450.9601449603824 }, "geometry": { "type": "LineString", "coordinates": [ [ 7.583341666666667, 51.926509722222221 ], [ 7.588090277777778, 51.928103611111112 ] ] } },
{ "type": "Feature", "properties": { "betriebstag": "2026-01-29", "frt_fid": "49096", "edge_idx": 15, "cum_start_m": 6450.9601449603824, "cum_end_m": 6878.7736095791061 }, "geometry": { "type": "LineString", "coordinates": [ [ 7.588090277777778, 51.928103611111112 ], [ 7.592937222222222, 51.93051472222222 ] ] } },
{ "type": "Feature", "properties": { "betriebstag": "2026-01-29", "frt_fid": "49096", "edge_idx": 16, "cum_start_m": 6878.7736095791061, "cum_end_m": 7100.6558450639195 }, "geometry": { "type": "LineString", "coordinates": [ [ 7.592937222222222, 51.93051472222222 ], [ 7.595317222222222, 51.931861666666663 ] ] } },
{ "type": "Feature", "properties": { "betriebstag": "2026-01-29", "frt_fid": "49096", "edge_idx": 17, "cum_start_m": 7100.6558450639195, "cum_end_m": 7547.7746374858225 }, "geometry": { "type": "LineString", "coordinates": [ [ 7.595317222222222, 51.931861666666663 ], [ 7.600118888888889, 51.934572222222222 ] ] } },
{ "type": "Feature", "properties": { "betriebstag": "2026-01-29", "frt_fid": "49096", "edge_idx": 18, "cum_start_m": 7547.7746374858225, "cum_end_m": 7851.0986481443106 }, "geometry": { "type": "LineString", "coordinates": [ [ 7.600118888888889, 51.934572222222222 ], [ 7.603557777777778, 51.936280277777776 ] ] } },
{ "type": "Feature", "properties": { "betriebstag": "2026-01-29", "frt_fid": "49096", "edge_idx": 19, "cum_start_m": 7851.0986481443106, "cum_end_m": 8139.4908914998105 }, "geometry": { "type": "LineString", "coordinates": [ [ 7.603557777777778, 51.936280277777776 ], [ 7.606431944444444, 51.938168611111109 ] ] } },
{ "type": "Feature", "properties": { "betriebstag": "2026-01-29", "frt_fid": "49096", "edge_idx": 20, "cum_start_m": 8139.4908914998105, "cum_end_m": 8439.6655347032174 }, "geometry": { "type": "LineString", "coordinates": [ [ 7.606431944444444, 51.938168611111109 ], [ 7.609121388888888, 51.94029444444444 ] ] } },
{ "type": "Feature", "properties": { "betriebstag": "2026-01-29", "frt_fid": "49096", "edge_idx": 21, "cum_start_m": 8439.6655347032174, "cum_end_m": 8932.9279763290979 }, "geometry": { "type": "LineString", "coordinates": [ [ 7.609121388888888, 51.94029444444444 ], [ 7.612395555555556, 51.944240277777773 ] ] } },
{ "type": "Feature", "properties": { "betriebstag": "2026-01-29", "frt_fid": "49096", "edge_idx": 22, "cum_start_m": 8932.9279763290979, "cum_end_m": 9593.9734084663633 }, "geometry": { "type": "LineString", "coordinates": [ [ 7.612395555555556, 51.944240277777773 ], [ 7.616818611111111, 51.949517222222219 ] ] } },
{ "type": "Feature", "properties": { "betriebstag": "2026-01-29", "frt_fid": "49096", "edge_idx": 23, "cum_start_m": 9593.9734084663633, "cum_end_m": 9941.2500869354153 }, "geometry": { "type": "LineString", "coordinates": [ [ 7.616818611111111, 51.949517222222219 ], [ 7.619033333333334, 51.952323333333339 ] ] } },
{ "type": "Feature", "properties": { "betriebstag": "2026-01-29", "frt_fid": "49096", "edge_idx": 24, "cum_start_m": 9941.2500869354153, "cum_end_m": 10311.455762363797 }, "geometry": { "type": "LineString", "coordinates": [ [ 7.619033333333334, 51.952323333333339 ], [ 7.621679444444445, 51.955222222222226 ] ] } },
{ "type": "Feature", "properties": { "betriebstag": "2026-01-29", "frt_fid": "49096", "edge_idx": 25, "cum_start_m": 10311.455762363797, "cum_end_m": 10769.242518443578 }, "geometry": { "type": "LineString", "coordinates": [ [ 7.621679444444445, 51.955222222222226 ], [ 7.628273611111112, 51.955803888888894 ] ] } },
{ "type": "Feature", "properties": { "betriebstag": "2026-01-29", "frt_fid": "49096", "edge_idx": 26, "cum_start_m": 10769.242518443578, "cum_end_m": 11235.756337761621 }, "geometry": { "type": "LineString", "coordinates": [ [ 7.628273611111112, 51.955803888888894 ], [ 7.634583333333333, 51.957350555555557 ] ] } },
{ "type": "Feature", "properties": { "betriebstag": "2026-01-29", "frt_fid": "49096", "edge_idx": 27, "cum_start_m": 11235.756337761621, "cum_end_m": 11728.337723597298 }, "geometry": { "type": "LineString", "coordinates": [ [ 7.634583333333333, 51.957350555555557 ], [ 7.635514166666666, 51.961741388888889 ] ] } },
{ "type": "Feature", "properties": { "betriebstag": "2026-01-29", "frt_fid": "49096", "edge_idx": 28, "cum_start_m": 11728.337723597298, "cum_end_m": 12174.065073310801 }, "geometry": { "type": "LineString", "coordinates": [ [ 7.635514166666666, 51.961741388888889 ], [ 7.630303611111112, 51.964128055555555 ] ] } },
{ "type": "Feature", "properties": { "betriebstag": "2026-01-29", "frt_fid": "49096", "edge_idx": 29, "cum_start_m": 12174.065073310801, "cum_end_m": 12439.678286307873 }, "geometry": { "type": "LineString", "coordinates": [ [ 7.630303611111112, 51.964128055555555 ], [ 7.626990833333334, 51.965358611111114 ] ] } },
{ "type": "Feature", "properties": { "betriebstag": "2026-01-29", "frt_fid": "49096", "edge_idx": 30, "cum_start_m": 12439.678286307873, "cum_end_m": 12779.107562132333 }, "geometry": { "type": "LineString", "coordinates": [ [ 7.626990833333334, 51.965358611111114 ], [ 7.6232925, 51.967381666666668 ] ] } },
{ "type": "Feature", "properties": { "betriebstag": "2026-01-29", "frt_fid": "49096", "edge_idx": 31, "cum_start_m": 12779.107562132333, "cum_end_m": 13072.281679112135 }, "geometry": { "type": "LineString", "coordinates": [ [ 7.6232925, 51.967381666666668 ], [ 7.622248611111112, 51.969937222222221 ] ] } },
{ "type": "Feature", "properties": { "betriebstag": "2026-01-29", "frt_fid": "49096", "edge_idx": 32, "cum_start_m": 13072.281679112135, "cum_end_m": 13376.287885595981 }, "geometry": { "type": "LineString", "coordinates": [ [ 7.622248611111112, 51.969937222222221 ], [ 7.623106944444445, 51.972618333333337 ] ] } },
{ "type": "Feature", "properties": { "betriebstag": "2026-01-29", "frt_fid": "49096", "edge_idx": 33, "cum_start_m": 13376.287885595981, "cum_end_m": 13621.86530573016 }, "geometry": { "type": "LineString", "coordinates": [ [ 7.623106944444445, 51.972618333333337 ], [ 7.622308333333334, 51.974770277777779 ] ] } },
{ "type": "Feature", "properties": { "betriebstag": "2026-01-29", "frt_fid": "49096", "edge_idx": 34, "cum_start_m": 13621.86530573016, "cum_end_m": 13991.900775013413 }, "geometry": { "type": "LineString", "coordinates": [ [ 7.622308333333334, 51.974770277777779 ], [ 7.616933333333334, 51.97455305555556 ] ] } },
{ "type": "Feature", "properties": { "betriebstag": "2026-01-29", "frt_fid": "49096", "edge_idx": 35, "cum_start_m": 13991.900775013413, "cum_end_m": 14299.481537855607 }, "geometry": { "type": "LineString", "coordinates": [ [ 7.616933333333334, 51.97455305555556 ], [ 7.612489722222222, 51.974891944444444 ] ] } },
{ "type": "Feature", "properties": { "betriebstag": "2026-01-29", "frt_fid": "49096", "edge_idx": 36, "cum_start_m": 14299.481537855607, "cum_end_m": 14547.995251270841 }, "geometry": { "type": "LineString", "coordinates": [ [ 7.612489722222222, 51.974891944444444 ], [ 7.61234, 51.97712416666667 ] ] } },
{ "type": "Feature", "properties": { "betriebstag": "2026-01-29", "frt_fid": "49096", "edge_idx": 37, "cum_start_m": 14547.995251270841, "cum_end_m": 14812.721890984751 }, "geometry": { "type": "LineString", "coordinates": [ [ 7.61234, 51.97712416666667 ], [ 7.612148333333333, 51.979501111111112 ] ] } },
{ "type": "Feature", "properties": { "betriebstag": "2026-01-29", "frt_fid": "49096", "edge_idx": 38, "cum_start_m": 14812.721890984751, "cum_end_m": 15175.019392042703 }, "geometry": { "type": "LineString", "coordinates": [ [ 7.612148333333333, 51.979501111111112 ], [ 7.611887222222222, 51.982754166666666 ] ] } },
{ "type": "Feature", "properties": { "betriebstag": "2026-01-29", "frt_fid": "49096", "edge_idx": 39, "cum_start_m": 15175.019392042703, "cum_end_m": 15746.086391357845 }, "geometry": { "type": "LineString", "coordinates": [ [ 7.611887222222222, 51.982754166666666 ], [ 7.611500833333333, 51.9878825 ] ] } },
{ "type": "Feature", "properties": { "betriebstag": "2026-01-29", "frt_fid": "49096", "edge_idx": 40, "cum_start_m": 15746.086391357845, "cum_end_m": 16424.249853010529 }, "geometry": { "type": "LineString", "coordinates": [ [ 7.611500833333333, 51.9878825 ], [ 7.612586388888889, 51.993942222222223 ] ] } },
{ "type": "Feature", "properties": { "betriebstag": "2026-01-29", "frt_fid": "49096", "edge_idx": 41, "cum_start_m": 16424.249853010529, "cum_end_m": 16612.39069739858 }, "geometry": { "type": "LineString", "coordinates": [ [ 7.612586388888889, 51.993942222222223 ], [ 7.612988611111111, 51.99561527777778 ] ] } },
{ "type": "Feature", "properties": { "betriebstag": "2026-01-29", "frt_fid": "49096", "edge_idx": 42, "cum_start_m": 16612.39069739858, "cum_end_m": 16879.757597902117 }, "geometry": { "type": "LineString", "coordinates": [ [ 7.612988611111111, 51.99561527777778 ], [ 7.612205, 51.997969722222223 ] ] } },
{ "type": "Feature", "properties": { "betriebstag": "2026-01-29", "frt_fid": "49096", "edge_idx": 43, "cum_start_m": 16879.757597902117, "cum_end_m": 17152.389695180093 }, "geometry": { "type": "LineString", "coordinates": [ [ 7.612205, 51.997969722222223 ], [ 7.6082875, 51.99757 ] ] } },
{ "type": "Feature", "properties": { "betriebstag": "2026-01-29", "frt_fid": "49096", "edge_idx": 44, "cum_start_m": 17152.389695180093, "cum_end_m": 17436.186918475396 }, "geometry": { "type": "LineString", "coordinates": [ [ 7.6082875, 51.99757 ], [ 7.604203611111111, 51.997176944444448 ] ] } },
{ "type": "Feature", "properties": { "betriebstag": "2026-01-29", "frt_fid": "49096", "edge_idx": 45, "cum_start_m": 17436.186918475396, "cum_end_m": 17842.140415629561 }, "geometry": { "type": "LineString", "coordinates": [ [ 7.604203611111111, 51.997176944444448 ], [ 7.598429166666667, 51.997960555555558 ] ] } },
{ "type": "Feature", "properties": { "betriebstag": "2026-01-29", "frt_fid": "49096", "edge_idx": 46, "cum_start_m": 17842.140415629561, "cum_end_m": 18196.691592968011 }, "geometry": { "type": "LineString", "coordinates": [ [ 7.598429166666667, 51.997960555555558 ], [ 7.595289444444444, 52.00049111111111 ] ] } },
{ "type": "Feature", "properties": { "betriebstag": "2026-01-29", "frt_fid": "49096", "edge_idx": 47, "cum_start_m": 18196.691592968011, "cum_end_m": 18406.394435662372 }, "geometry": { "type": "LineString", "coordinates": [ [ 7.595289444444444, 52.00049111111111 ], [ 7.592288888888889, 52.000843333333336 ] ] } },
{ "type": "Feature", "properties": { "betriebstag": "2026-01-29", "frt_fid": "49096", "edge_idx": 48, "cum_start_m": 18406.394435662372, "cum_end_m": 18668.492547611426 }, "geometry": { "type": "LineString", "coordinates": [ [ 7.592288888888889, 52.000843333333336 ], [ 7.590370833333333, 51.998806111111115 ] ] } },
{ "type": "Feature", "properties": { "betriebstag": "2026-01-29", "frt_fid": "49100", "edge_idx": 0, "cum_start_m": 0.0, "cum_end_m": 252.81103068142528 }, "geometry": { "type": "LineString", "coordinates": [ [ 7.527406944444444, 51.914633888888886 ], [ 7.525148611111111, 51.916426944444446 ] ] } },
{ "type": "Feature", "properties": { "betriebstag": "2026-01-29", "frt_fid": "49100", "edge_idx": 1, "cum_start_m": 252.81103068142528, "cum_end_m": 512.9345907511447 }, "geometry": { "type": "LineString", "coordinates": [ [ 7.525148611111111, 51.916426944444446 ], [ 7.5283925, 51.917628888888885 ] ] } },
{ "type": "Feature", "properties": { "betriebstag": "2026-01-29", "frt_fid": "49100", "edge_idx": 2, "cum_start_m": 512.9345907511447, "cum_end_m": 853.93326983610382 }, "geometry": { "type": "LineString", "coordinates": [ [ 7.5283925, 51.917628888888885 ], [ 7.5272425, 51.920610833333328 ] ] } },
{ "type": "Feature", "properties": { "betriebstag": "2026-01-29", "frt_fid": "49100", "edge_idx": 3, "cum_start_m": 853.93326983610382, "cum_end_m": 1134.347999177452 }, "geometry": { "type": "LineString", "coordinates": [ [ 7.5272425, 51.920610833333328 ], [ 7.526746944444445, 51.923113055555554 ] ] } },
{ "type": "Feature", "properties": { "betriebstag": "2026-01-29", "frt_fid": "49100", "edge_idx": 4, "cum_start_m": 1134.347999177452, "cum_end_m": 1456.2495256673139 }, "geometry": { "type": "LineString", "coordinates": [ [ 7.526746944444445, 51.923113055555554 ], [ 7.522214166666666, 51.923834166666666 ] ] } },
{ "type": "Feature", "properties": { "betriebstag": "2026-01-29", "frt_fid": "49100", "edge_idx": 5, "cum_start_m": 1456.2495256673139, "cum_end_m": 1667.7506820018784 }, "geometry": { "type": "LineString", "coordinates": [ [ 7.522214166666666, 51.923834166666666 ], [ 7.519796388888889, 51.925009166666662 ] ] } },
{ "type": "Feature", "properties": { "betriebstag": "2026-01-29", "frt_fid": "49100", "edge_idx": 6, "cum_start_m": 1667.7506820018784, "cum_end_m": 1927.6472379841873 }, "geometry": { "type": "LineString", "coordinates": [ [ 7.519796388888889, 51.925009166666662 ], [ 7.523565, 51.924836111111105 ] ] } },
{ "type": "Feature", "properties": { "betriebstag": "2026-01-29", "frt_fid": "49100", "edge_idx": 7, "cum_start_m": 1927.6472379841873, "cum_end_m": 2231.3907711767947 }, "geometry": { "type": "LineString", "coordinates": [ [ 7.523565, 51.924836111111105 ], [ 7.527928611111111, 51.924414722222217 ] ] } },
{ "type": "Feature", "properties": { "betriebstag": "2026-01-29", "frt_fid": "49100", "edge_idx": 8, "cum_start_m": 2231.3907711767947, "cum_end_m": 2697.9655963077685 }, "geometry": { "type": "LineString", "coordinates": [ [ 7.527928611111111, 51.924414722222217 ], [ 7.534711111111111, 51.924506111111107 ] ] } },
{ "type": "Feature", "properties": { "betriebstag": "2026-01-29", "frt_fid": "49100", "edge_idx": 9, "cum_start_m": 2697.9655963077685, "cum_end_m": 3893.0446921821531 }, "geometry": { "type": "LineString", "coordinates": [ [ 7.534711111111111, 51.924506111111107 ], [ 7.552072777777777, 51.924955555555556 ] ] } },
{ "type": "Feature", "properties": { "betriebstag": "2026-01-29", "frt_fid": "49100", "edge_idx": 10, "cum_start_m": 3893.0446921821531, "cum_end_m": 4627.6557294966078 }, "geometry": { "type": "LineString", "coordinates": [ [ 7.552072777777777, 51.924955555555556 ], [ 7.562747222222222, 51.9251975 ] ] } },
{ "type": "Feature", "properties": { "betriebstag": "2026-01-29", "frt_fid": "49100", "edge_idx": 11, "cum_start_m": 4627.6557294966078, "cum_end_m": 5380.8593173343543 }, "geometry": { "type": "LineString", "coordinates": [ [ 7.562747222222222, 51.9251975 ], [ 7.573689166666666, 51.924907777777776 ] ] } },
{ "type": "Feature", "properties": { "betriebstag": "2026-01-29", "frt_fid": "49100", "edge_idx": 12, "cum_start_m": 5380.8593173343543, "cum_end_m": 5815.2495216643429 }, "geometry": { "type": "LineString", "coordinates": [ [ 7.573689166666666, 51.924907777777776 ], [ 7.579957777777778, 51.925386666666661 ] ] } },
{ "type": "Feature", "properties": { "betriebstag": "2026-01-29", "frt_fid": "49100", "edge_idx": 13, "cum_start_m": 5815.2495216643429, "cum_end_m": 6079.3752657665036 }, "geometry": { "type": "LineString", "coordinates": [ [ 7.579957777777778, 51.925386666666661 ], [ 7.583341666666667, 51.926509722222221 ] ] } },
{ "type": "Feature", "properties": { "betriebstag": "2026-01-29", "frt_fid": "49100", "edge_idx": 14, "cum_start_m": 6079.3752657665036, "cum_end_m": 6450.9601449603824 }, "geometry": { "type": "LineString", "coordinates": [ [ 7.583341666666667, 51.926509722222221 ], [ 7.588090277777778, 51.928103611111112 ] ] } },
{ "type": "Feature", "properties": { "betriebstag": "2026-01-29", "frt_fid": "49100", "edge_idx": 15, "cum_start_m": 6450.9601449603824, "cum_end_m": 6878.7736095791061 }, "geometry": { "type": "LineString", "coordinates": [ [ 7.588090277777778, 51.928103611111112 ], [ 7.592937222222222, 51.93051472222222 ] ] } },
{ "type": "Feature", "properties": { "betriebstag": "2026-01-29", "frt_fid": "49100", "edge_idx": 16, "cum_start_m": 6878.7736095791061, "cum_end_m": 7100.6558450639195 }, "geometry": { "type": "LineString", "coordinates": [ [ 7.592937222222222, 51.93051472222222 ], [ 7.595317222222222, 51.931861666666663 ] ] } },
{ "type": "Feature", "properties": { "betriebstag": "2026-01-29", "frt_fid": "49100", "edge_idx": 17, "cum_start_m": 7100.6558450639195, "cum_end_m": 7547.7746374858225 }, "geometry": { "type": "LineString", "coordinates": [ [ 7.595317222222222, 51.931861666666663 ], [ 7.600118888888889, 51.934572222222222 ] ] } },
{ "type": "Feature", "properties": { "betriebstag": "2026-01-29", "frt_fid": "49100", "edge_idx": 18, "cum_start_m": 7547.7746374858225, "cum_end_m": 7851.0986481443106 }, "geometry": { "type": "LineString", "coordinates": [ [ 7.600118888888889, 51.934572222222222 ], [ 7.603557777777778, 51.936280277777776 ] ] } },
{ "type": "Feature", "properties": { "betriebstag": "2026-01-29", "frt_fid": "49100", "edge_idx": 19, "cum_start_m": 7851.0986481443106, "cum_end_m": 8139.4908914998105 }, "geometry": { "type": "LineString", "coordinates": [ [ 7.603557777777778, 51.936280277777776 ], [ 7.606431944444444, 51.938168611111109 ] ] } },
{ "type": "Feature", "properties": { "betriebstag": "2026-01-29", "frt_fid": "49100", "edge_idx": 20, "cum_start_m": 8139.4908914998105, "cum_end_m": 8439.6655347032174 }, "geometry": { "type": "LineString", "coordinates": [ [ 7.606431944444444, 51.938168611111109 ], [ 7.609121388888888, 51.94029444444444 ] ] } },
{ "type": "Feature", "properties": { "betriebstag": "2026-01-29", "frt_fid": "49100", "edge_idx": 21, "cum_start_m": 8439.6655347032174, "cum_end_m": 8932.9279763290979 }, "geometry": { "type": "LineString", "coordinates": [ [ 7.609121388888888, 51.94029444444444 ], [ 7.612395555555556, 51.944240277777773 ] ] } },
{ "type": "Feature", "properties": { "betriebstag": "2026-01-29", "frt_fid": "49100", "edge_idx": 22, "cum_start_m": 8932.9279763290979, "cum_end_m": 9593.9734084663633 }, "geometry": { "type": "LineString", "coordinates": [ [ 7.612395555555556, 51.944240277777773 ], [ 7.616818611111111, 51.949517222222219 ] ] } },
{ "type": "Feature", "properties": { "betriebstag": "2026-01-29", "frt_fid": "49100", "edge_idx": 23, "cum_start_m": 9593.9734084663633, "cum_end_m": 9941.2500869354153 }, "geometry": { "type": "LineString", "coordinates": [ [ 7.616818611111111, 51.949517222222219 ], [ 7.619033333333334, 51.952323333333339 ] ] } },
{ "type": "Feature", "properties": { "betriebstag": "2026-01-29", "frt_fid": "49100", "edge_idx": 24, "cum_start_m": 9941.2500869354153, "cum_end_m": 10311.455762363797 }, "geometry": { "type": "LineString", "coordinates": [ [ 7.619033333333334, 51.952323333333339 ], [ 7.621679444444445, 51.955222222222226 ] ] } },
{ "type": "Feature", "properties": { "betriebstag": "2026-01-29", "frt_fid": "49100", "edge_idx": 25, "cum_start_m": 10311.455762363797, "cum_end_m": 10769.242518443578 }, "geometry": { "type": "LineString", "coordinates": [ [ 7.621679444444445, 51.955222222222226 ], [ 7.628273611111112, 51.955803888888894 ] ] } },
{ "type": "Feature", "properties": { "betriebstag": "2026-01-29", "frt_fid": "49100", "edge_idx": 26, "cum_start_m": 10769.242518443578, "cum_end_m": 11235.756337761621 }, "geometry": { "type": "LineString", "coordinates": [ [ 7.628273611111112, 51.955803888888894 ], [ 7.634583333333333, 51.957350555555557 ] ] } },
{ "type": "Feature", "properties": { "betriebstag": "2026-01-29", "frt_fid": "49100", "edge_idx": 27, "cum_start_m": 11235.756337761621, "cum_end_m": 11728.337723597298 }, "geometry": { "type": "LineString", "coordinates": [ [ 7.634583333333333, 51.957350555555557 ], [ 7.635514166666666, 51.961741388888889 ] ] } },
{ "type": "Feature", "properties": { "betriebstag": "2026-01-29", "frt_fid": "49100", "edge_idx": 28, "cum_start_m": 11728.337723597298, "cum_end_m": 12174.065073310801 }, "geometry": { "type": "LineString", "coordinates": [ [ 7.635514166666666, 51.961741388888889 ], [ 7.630303611111112, 51.964128055555555 ] ] } },
{ "type": "Feature", "properties": { "betriebstag": "2026-01-29", "frt_fid": "49100", "edge_idx": 29, "cum_start_m": 12174.065073310801, "cum_end_m": 12439.678286307873 }, "geometry": { "type": "LineString", "coordinates": [ [ 7.630303611111112, 51.964128055555555 ], [ 7.626990833333334, 51.965358611111114 ] ] } },
{ "type": "Feature", "properties": { "betriebstag": "2026-01-29", "frt_fid": "49100", "edge_idx": 30, "cum_start_m": 12439.678286307873, "cum_end_m": 12779.107562132333 }, "geometry": { "type": "LineString", "coordinates": [ [ 7.626990833333334, 51.965358611111114 ], [ 7.6232925, 51.967381666666668 ] ] } },
{ "type": "Feature", "properties": { "betriebstag": "2026-01-29", "frt_fid": "49100", "edge_idx": 31, "cum_start_m": 12779.107562132333, "cum_end_m": 13072.281679112135 }, "geometry": { "type": "LineString", "coordinates": [ [ 7.6232925, 51.967381666666668 ], [ 7.622248611111112, 51.969937222222221 ] ] } },
{ "type": "Feature", "properties": { "betriebstag": "2026-01-29", "frt_fid": "49100", "edge_idx": 32, "cum_start_m": 13072.281679112135, "cum_end_m": 13376.287885595981 }, "geometry": { "type": "LineString", "coordinates": [ [ 7.622248611111112, 51.969937222222221 ], [ 7.623106944444445, 51.972618333333337 ] ] } },
{ "type": "Feature", "properties": { "betriebstag": "2026-01-29", "frt_fid": "49100", "edge_idx": 33, "cum_start_m": 13376.287885595981, "cum_end_m": 13621.86530573016 }, "geometry": { "type": "LineString", "coordinates": [ [ 7.623106944444445, 51.972618333333337 ], [ 7.622308333333334, 51.974770277777779 ] ] } },
{ "type": "Feature", "properties": { "betriebstag": "2026-01-29", "frt_fid": "49100", "edge_idx": 34, "cum_start_m": 13621.86530573016, "cum_end_m": 13991.900775013413 }, "geometry": { "type": "LineString", "coordinates": [ [ 7.622308333333334, 51.974770277777779 ], [ 7.616933333333334, 51.97455305555556 ] ] } },
{ "type": "Feature", "properties": { "betriebstag": "2026-01-29", "frt_fid": "49100", "edge_idx": 35, "cum_start_m": 13991.900775013413, "cum_end_m": 14299.481537855607 }, "geometry": { "type": "LineString", "coordinates": [ [ 7.616933333333334, 51.97455305555556 ], [ 7.612489722222222, 51.974891944444444 ] ] } },
{ "type": "Feature", "properties": { "betriebstag": "2026-01-29", "frt_fid": "49100", "edge_idx": 36, "cum_start_m": 14299.481537855607, "cum_end_m": 14547.995251270841 }, "geometry": { "type": "LineString", "coordinates": [ [ 7.612489722222222, 51.974891944444444 ], [ 7.61234, 51.97712416666667 ] ] } },
{ "type": "Feature", "properties": { "betriebstag": "2026-01-29", "frt_fid": "49100", "edge_idx": 37, "cum_start_m": 14547.995251270841, "cum_end_m": 14812.721890984751 }, "geometry": { "type": "LineString", "coordinates": [ [ 7.61234, 51.97712416666667 ], [ 7.612148333333333, 51.979501111111112 ] ] } },
{ "type": "Feature", "properties": { "betriebstag": "2026-01-29", "frt_fid": "49100", "edge_idx": 38, "cum_start_m": 14812.721890984751, "cum_end_m": 15175.019392042703 }, "geometry": { "type": "LineString", "coordinates": [ [ 7.612148333333333, 51.979501111111112 ], [ 7.611887222222222, 51.982754166666666 ] ] } },
{ "type": "Feature", "properties": { "betriebstag": "2026-01-29", "frt_fid": "49100", "edge_idx": 39, "cum_start_m": 15175.019392042703, "cum_end_m": 15746.086391357845 }, "geometry": { "type": "LineString", "coordinates": [ [ 7.611887222222222, 51.982754166666666 ], [ 7.611500833333333, 51.9878825 ] ] } },
{ "type": "Feature", "properties": { "betriebstag": "2026-01-29", "frt_fid": "49100", "edge_idx": 40, "cum_start_m": 15746.086391357845, "cum_end_m": 16424.249853010529 }, "geometry": { "type": "LineString", "coordinates": [ [ 7.611500833333333, 51.9878825 ], [ 7.612586388888889, 51.993942222222223 ] ] } },
{ "type": "Feature", "properties": { "betriebstag": "2026-01-29", "frt_fid": "49100", "edge_idx": 41, "cum_start_m": 16424.249853010529, "cum_end_m": 16612.39069739858 }, "geometry": { "type": "LineString", "coordinates": [ [ 7.612586388888889, 51.993942222222223 ], [ 7.612988611111111, 51.99561527777778 ] ] } },
{ "type": "Feature", "properties": { "betriebstag": "2026-01-29", "frt_fid": "49100", "edge_idx": 42, "cum_start_m": 16612.39069739858, "cum_end_m": 16879.757597902117 }, "geometry": { "type": "LineString", "coordinates": [ [ 7.612988611111111, 51.99561527777778 ], [ 7.612205, 51.997969722222223 ] ] } },
{ "type": "Feature", "properties": { "betriebstag": "2026-01-29", "frt_fid": "49100", "edge_idx": 43, "cum_start_m": 16879.757597902117, "cum_end_m": 17152.389695180093 }, "geometry": { "type": "LineString", "coordinates": [ [ 7.612205, 51.997969722222223 ], [ 7.6082875, 51.99757 ] ] } },
{ "type": "Feature", "properties": { "betriebstag": "2026-01-29", "frt_fid": "49100", "edge_idx": 44, "cum_start_m": 17152.389695180093, "cum_end_m": 17436.186918475396 }, "geometry": { "type": "LineString", "coordinates": [ [ 7.6082875, 51.99757 ], [ 7.604203611111111, 51.997176944444448 ] ] } },
{ "type": "Feature", "properties": { "betriebstag": "2026-01-29", "frt_fid": "49100", "edge_idx": 45, "cum_start_m": 17436.186918475396, "cum_end_m": 17842.140415629561 }, "geometry": { "type": "LineString", "coordinates": [ [ 7.604203611111111, 51.997176944444448 ], [ 7.598429166666667, 51.997960555555558 ] ] } },
{ "type": "Feature", "properties": { "betriebstag": "2026-01-29", "frt_fid": "49100", "edge_idx": 46, "cum_start_m": 17842.140415629561, "cum_end_m": 18196.691592968011 }, "geometry": { "type": "LineString", "coordinates": [ [ 7.598429166666667, 51.997960555555558 ], [ 7.595289444444444, 52.00049111111111 ] ] } },
{ "type": "Feature", "properties": { "betriebstag": "2026-01-29", "frt_fid": "49100", "edge_idx": 47, "cum_start_m": 18196.691592968011, "cum_end_m": 18406.394435662372 }, "geometry": { "type": "LineString", "coordinates": [ [ 7.595289444444444, 52.00049111111111 ], [ 7.592288888888889, 52.000843333333336 ] ] } },
{ "type": "Feature", "properties": { "betriebstag": "2026-01-29", "frt_fid": "49100", "edge_idx": 48, "cum_start_m": 18406.394435662372, "cum_end_m": 18668.492547611426 }, "geometry": { "type": "LineString", "coordinates": [ [ 7.592288888888889, 52.000843333333336 ], [ 7.590370833333333, 51.998806111111115 ] ] } },
{ "type": "Feature", "properties": { "betriebstag": "2026-01-29", "frt_fid": "49103", "edge_idx": 0, "cum_start_m": 0.0, "cum_end_m": 252.38518567391679 }, "geometry": { "type": "LineString", "coordinates": [ [ 7.590370833333333, 51.998806111111115 ], [ 7.592259166666667, 52.000752777777777 ] ] } },
{ "type": "Feature", "properties": { "betriebstag": "2026-01-29", "frt_fid": "49103", "edge_idx": 1, "cum_start_m": 252.38518567391679, "cum_end_m": 465.78551979183834 }, "geometry": { "type": "LineString", "coordinates": [ [ 7.592259166666667, 52.000752777777777 ], [ 7.595288888888889, 52.000324444444445 ] ] } },
{ "type": "Feature", "properties": { "betriebstag": "2026-01-29", "frt_fid": "49103", "edge_idx": 2, "cum_start_m": 465.78551979183834, "cum_end_m": 817.77613550934825 }, "geometry": { "type": "LineString", "coordinates": [ [ 7.595288888888889, 52.000324444444445 ], [ 7.598407222222222, 51.997812777777781 ] ] } },
{ "type": "Feature", "properties": { "betriebstag": "2026-01-29", "frt_fid": "49103", "edge_idx": 3, "cum_start_m": 817.77613550934825, "cum_end_m": 1135.01387229907 }, "geometry": { "type": "LineString", "coordinates": [ [ 7.598407222222222, 51.997812777777781 ], [ 7.602791388888889, 51.99691277777778 ] ] } },
{ "type": "Feature", "properties": { "betriebstag": "2026-01-29", "frt_fid": "49103", "edge_idx": 4, "cum_start_m": 1135.01387229907, "cum_end_m": 1527.4445791228004 }, "geometry": { "type": "LineString", "coordinates": [ [ 7.602791388888889, 51.99691277777778 ], [ 7.608435, 51.99747 ] ] } },
{ "type": "Feature", "properties": { "betriebstag": "2026-01-29", "frt_fid": "49103", "edge_idx": 5, "cum_start_m": 1527.4445791228004, "cum_end_m": 1804.0313800604363 }, "geometry": { "type": "LineString", "coordinates": [ [ 7.608435, 51.99747 ], [ 7.612418333333333, 51.997840277777776 ] ] } },
{ "type": "Feature", "properties": { "betriebstag": "2026-01-29", "frt_fid": "49103", "edge_idx": 6, "cum_start_m": 1804.0313800604363, "cum_end_m": 2013.0376171625655 }, "geometry": { "type": "LineString", "coordinates": [ [ 7.612418333333333, 51.997840277777776 ], [ 7.612816944444444, 51.9959775 ] ] } },
{ "type": "Feature", "properties": { "betriebstag": "2026-01-29", "frt_fid": "49103", "edge_idx": 7, "cum_start_m": 2013.0376171625655, "cum_end_m": 2360.0194762676874 }, "geometry": { "type": "LineString", "coordinates": [ [ 7.612816944444444, 51.9959775 ], [ 7.611991944444444, 51.9929 ] ] } },
{ "type": "Feature", "properties": { "betriebstag": "2026-01-29", "frt_fid": "49103", "edge_idx": 8, "cum_start_m": 2360.0194762676874, "cum_end_m": 2830.7143886621107 }, "geometry": { "type": "LineString", "coordinates": [ [ 7.611991944444444, 51.9929 ], [ 7.611138611111111, 51.988701388888892 ] ] } },
{ "type": "Feature", "properties": { "betriebstag": "2026-01-29", "frt_fid": "49103", "edge_idx": 9, "cum_start_m": 2830.7143886621107, "cum_end_m": 3509.6057971658861 }, "geometry": { "type": "LineString", "coordinates": [ [ 7.611138611111111, 51.988701388888892 ], [ 7.611624722222222, 51.982605555555558 ] ] } },
{ "type": "Feature", "properties": { "betriebstag": "2026-01-29", "frt_fid": "49103", "edge_idx": 10, "cum_start_m": 3509.6057971658861, "cum_end_m": 3853.593604430167 }, "geometry": { "type": "LineString", "coordinates": [ [ 7.611624722222222, 51.982605555555558 ], [ 7.611845277777777, 51.97951611111111 ] ] } },
{ "type": "Feature", "properties": { "betriebstag": "2026-01-29", "frt_fid": "49103", "edge_idx": 11, "cum_start_m": 3853.593604430167, "cum_end_m": 4146.9336982512405 }, "geometry": { "type": "LineString", "coordinates": [ [ 7.611845277777777, 51.97951611111111 ], [ 7.612074166666666, 51.976882777777782 ] ] } },
{ "type": "Feature", "properties": { "betriebstag": "2026-01-29", "frt_fid": "49103", "edge_idx": 12, "cum_start_m": 4146.9336982512405, "cum_end_m": 4452.3266945865635 }, "geometry": { "type": "LineString", "coordinates": [ [ 7.612074166666666, 51.976882777777782 ], [ 7.613080833333333, 51.974208611111116 ] ] } },
{ "type": "Feature", "properties": { "betriebstag": "2026-01-29", "frt_fid": "49103", "edge_idx": 13, "cum_start_m": 4452.3266945865635, "cum_end_m": 4916.8518467481554 }, "geometry": { "type": "LineString", "coordinates": [ [ 7.613080833333333, 51.974208611111116 ], [ 7.619821666666667, 51.974538055555556 ] ] } },
{ "type": "Feature", "properties": { "betriebstag": "2026-01-29", "frt_fid": "49103", "edge_idx": 14, "cum_start_m": 4916.8518467481554, "cum_end_m": 5163.5275357607197 }, "geometry": { "type": "LineString", "coordinates": [ [ 7.619821666666667, 51.974538055555556 ], [ 7.6233275, 51.974058611111111 ] ] } },
{ "type": "Feature", "properties": { "betriebstag": "2026-01-29", "frt_fid": "49103", "edge_idx": 15, "cum_start_m": 5163.5275357607197, "cum_end_m": 5398.6287585085056 }, "geometry": { "type": "LineString", "coordinates": [ [ 7.6233275, 51.974058611111111 ], [ 7.622440833333334, 51.972017222222227 ] ] } },
{ "type": "Feature", "properties": { "betriebstag": "2026-01-29", "frt_fid": "49103", "edge_idx": 16, "cum_start_m": 5398.6287585085056, "cum_end_m": 5591.8315667054976 }, "geometry": { "type": "LineString", "coordinates": [ [ 7.622440833333334, 51.972017222222227 ], [ 7.622116111111112, 51.970291944444448 ] ] } },
{ "type": "Feature", "properties": { "betriebstag": "2026-01-29", "frt_fid": "49103", "edge_idx": 17, "cum_start_m": 5591.8315667054976, "cum_end_m": 5900.3984632161601 }, "geometry": { "type": "LineString", "coordinates": [ [ 7.622116111111112, 51.970291944444448 ], [ 7.623097777777779, 51.967585 ] ] } },
{ "type": "Feature", "properties": { "betriebstag": "2026-01-29", "frt_fid": "49103", "edge_idx": 18, "cum_start_m": 5900.3984632161601, "cum_end_m": 6273.2500209723021 }, "geometry": { "type": "LineString", "coordinates": [ [ 7.623097777777779, 51.967585 ], [ 7.626976111111111, 51.96524055555556 ] ] } },
{ "type": "Feature", "properties": { "betriebstag": "2026-01-29", "frt_fid": "49103", "edge_idx": 19, "cum_start_m": 6273.2500209723021, "cum_end_m": 6574.2691961920973 }, "geometry": { "type": "LineString", "coordinates": [ [ 7.626976111111111, 51.96524055555556 ], [ 7.630732222222223, 51.963847777777779 ] ] } },
{ "type": "Feature", "properties": { "betriebstag": "2026-01-29", "frt_fid": "49103", "edge_idx": 20, "cum_start_m": 6574.2691961920973, "cum_end_m": 7014.8486351403217 }, "geometry": { "type": "LineString", "coordinates": [ [ 7.630732222222223, 51.963847777777779 ], [ 7.635060833333333, 51.960925833333334 ] ] } },
{ "type": "Feature", "properties": { "betriebstag": "2026-01-29", "frt_fid": "49103", "edge_idx": 21, "cum_start_m": 7014.8486351403217, "cum_end_m": 7426.5254121041244 }, "geometry": { "type": "LineString", "coordinates": [ [ 7.635060833333333, 51.960925833333334 ], [ 7.634171666666666, 51.957265833333338 ] ] } },
{ "type": "Feature", "properties": { "betriebstag": "2026-01-29", "frt_fid": "49103", "edge_idx": 22, "cum_start_m": 7426.5254121041244, "cum_end_m": 7950.3431831831149 }, "geometry": { "type": "LineString", "coordinates": [ [ 7.634171666666666, 51.957265833333338 ], [ 7.626748055555556, 51.956198333333333 ] ] } },
{ "type": "Feature", "properties": { "betriebstag": "2026-01-29", "frt_fid": "49103", "edge_idx": 23, "cum_start_m": 7950.3431831831149, "cum_end_m": 8342.0366972905358 }, "geometry": { "type": "LineString", "coordinates": [ [ 7.626748055555556, 51.956198333333333 ], [ 7.621243611111112, 51.955285277777783 ] ] } },
{ "type": "Feature", "properties": { "betriebstag": "2026-01-29", "frt_fid": "49103", "edge_idx": 24, "cum_start_m": 8342.0366972905358, "cum_end_m": 8767.0286066528079 }, "geometry": { "type": "LineString", "coordinates": [ [ 7.621243611111112, 51.955285277777783 ], [ 7.618360555555556, 51.951905277777783 ] ] } },
{ "type": "Feature", "properties": { "betriebstag": "2026-01-29", "frt_fid": "49103", "edge_idx": 25, "cum_start_m": 8767.0286066528079, "cum_end_m": 9095.2637837406583 }, "geometry": { "type": "LineString", "coordinates": [ [ 7.618360555555556, 51.951905277777783 ], [ 7.616151388888889, 51.949289166666667 ] ] } },
{ "type": "Feature", "properties": { "betriebstag": "2026-01-29", "frt_fid": "49103", "edge_idx": 26, "cum_start_m": 9095.2637837406583, "cum_end_m": 9727.8555085226053 }, "geometry": { "type": "LineString", "coordinates": [ [ 7.616151388888889, 51.949289166666667 ], [ 7.612045833333333, 51.944199444444443 ] ] } },
{ "type": "Feature", "properties": { "betriebstag": "2026-01-29", "frt_fid": "49103", "edge_idx": 27, "cum_start_m": 9727.8555085226053, "cum_end_m": 10211.243590625469 }, "geometry": { "type": "LineString", "coordinates": [ [ 7.612045833333333, 51.944199444444443 ], [ 7.608778611111111, 51.940351388888885 ] ] } },
{ "type": "Feature", "properties": { "betriebstag": "2026-01-29", "frt_fid": "49103", "edge_idx": 28, "cum_start_m": 10211.243590625469, "cum_end_m": 10531.784382585989 }, "geometry": { "type": "LineString", "coordinates": [ [ 7.608778611111111, 51.940351388888885 ], [ 7.605851666666666, 51.938108333333332 ] ] } },
{ "type": "Feature", "properties": { "betriebstag": "2026-01-29", "frt_fid": "49103", "edge_idx": 29, "cum_start_m": 10531.784382585989, "cum_end_m": 10826.220830002298 }, "geometry": { "type": "LineString", "coordinates": [ [ 7.605851666666666, 51.938108333333332 ], [ 7.602868611111111, 51.936209166666664 ] ] } },
{ "type": "Feature", "properties": { "betriebstag": "2026-01-29", "frt_fid": "49103", "edge_idx": 30, "cum_start_m": 10826.220830002298, "cum_end_m": 11107.547957517067 }, "geometry": { "type": "LineString", "coordinates": [ [ 7.602868611111111, 51.936209166666664 ], [ 7.599746944444444, 51.934574166666664 ] ] } },
{ "type": "Feature", "properties": { "betriebstag": "2026-01-29", "frt_fid": "49103", "edge_idx": 31, "cum_start_m": 11107.547957517067, "cum_end_m": 11603.237017736159 }, "geometry": { "type": "LineString", "coordinates": [ [ 7.599746944444444, 51.934574166666664 ], [ 7.594443055555555, 51.931556111111107 ] ] } },
{ "type": "Feature", "properties": { "betriebstag": "2026-01-29", "frt_fid": "49103", "edge_idx": 32, "cum_start_m": 11603.237017736159, "cum_end_m": 11843.388957195351 }, "geometry": { "type": "LineString", "coordinates": [ [ 7.594443055555555, 51.931556111111107 ], [ 7.591849444444444, 51.930110277777779 ] ] } },
{ "type": "Feature", "properties": { "betriebstag": "2026-01-29", "frt_fid": "49103", "edge_idx": 33, "cum_start_m": 11843.388957195351, "cum_end_m": 12191.84927886982 }, "geometry": { "type": "LineString", "coordinates": [ [ 7.591849444444444, 51.930110277777779 ], [ 7.587873611111111, 51.928168055555552 ] ] } },
{ "type": "Feature", "properties": { "betriebstag": "2026-01-29", "frt_fid": "49103", "edge_idx": 34, "cum_start_m": 12191.84927886982, "cum_end_m": 12571.841950427828 }, "geometry": { "type": "LineString", "coordinates": [ [ 7.587873611111111, 51.928168055555552 ], [ 7.582982777777778, 51.926578333333332 ] ] } },
{ "type": "Feature", "properties": { "betriebstag": "2026-01-29", "frt_fid": "49103", "edge_idx": 35, "cum_start_m": 12571.841950427828, "cum_end_m": 12900.072642387888 }, "geometry": { "type": "LineString", "coordinates": [ [ 7.582982777777778, 51.926578333333332 ], [ 7.578722777777777, 51.925247777777777 ] ] } },
{ "type": "Feature", "properties": { "betriebstag": "2026-01-29", "frt_fid": "49103", "edge_idx": 36, "cum_start_m": 12900.072642387888, "cum_end_m": 13276.012459881504 }, "geometry": { "type": "LineString", "coordinates": [ [ 7.578722777777777, 51.925247777777777 ], [ 7.573266111111111, 51.925046388888887 ] ] } },
{ "type": "Feature", "properties": { "betriebstag": "2026-01-29", "frt_fid": "49103", "edge_idx": 37, "cum_start_m": 13276.012459881504, "cum_end_m": 14100.758832079808 }, "geometry": { "type": "LineString", "coordinates": [ [ 7.573266111111111, 51.925046388888887 ], [ 7.561284166666667, 51.925354166666665 ] ] } },
{ "type": "Feature", "properties": { "betriebstag": "2026-01-29", "frt_fid": "49103", "edge_idx": 38, "cum_start_m": 14100.758832079808, "cum_end_m": 14790.067665141069 }, "geometry": { "type": "LineString", "coordinates": [ [ 7.561284166666667, 51.925354166666665 ], [ 7.551272222222222, 51.925064166666665 ] ] } },
{ "type": "Feature", "properties": { "betriebstag": "2026-01-29", "frt_fid": "49103", "edge_idx": 39, "cum_start_m": 14790.067665141069, "cum_end_m": 15971.447205531978 }, "geometry": { "type": "LineString", "coordinates": [ [ 7.551272222222222, 51.925064166666665 ], [ 7.534105277777778, 51.924687777777777 ] ] } },
{ "type": "Feature", "properties": { "betriebstag": "2026-01-29", "frt_fid": "49103", "edge_idx": 40, "cum_start_m": 15971.447205531978, "cum_end_m": 16426.700717325602 }, "geometry": { "type": "LineString", "coordinates": [ [ 7.534105277777778, 51.924687777777777 ], [ 7.527485833333333, 51.924708611111107 ] ] } },
{ "type": "Feature", "properties": { "betriebstag": "2026-01-29", "frt_fid": "49103", "edge_idx": 41, "cum_start_m": 16426.700717325602, "cum_end_m": 16680.91432050231 }, "geometry": { "type": "LineString", "coordinates": [ [ 7.527485833333333, 51.924708611111107 ], [ 7.523809166666666, 51.924944166666663 ] ] } },
{ "type": "Feature", "properties": { "betriebstag": "2026-01-29", "frt_fid": "49103", "edge_idx": 42, "cum_start_m": 16680.91432050231, "cum_end_m": 17003.434758414649 }, "geometry": { "type": "LineString", "coordinates": [ [ 7.523809166666666, 51.924944166666663 ], [ 7.519123611111111, 51.925064166666665 ] ] } },
{ "type": "Feature", "properties": { "betriebstag": "2026-01-29", "frt_fid": "49103", "edge_idx": 43, "cum_start_m": 17003.434758414649, "cum_end_m": 17272.753674940966 }, "geometry": { "type": "LineString", "coordinates": [ [ 7.519123611111111, 51.925064166666665 ], [ 7.522211944444444, 51.923575555555551 ] ] } },
{ "type": "Feature", "properties": { "betriebstag": "2026-01-29", "frt_fid": "49103", "edge_idx": 44, "cum_start_m": 17272.753674940966, "cum_end_m": 17585.094865628053 }, "geometry": { "type": "LineString", "coordinates": [ [ 7.522211944444444, 51.923575555555551 ], [ 7.526630833333333, 51.922927777777772 ] ] } },
{ "type": "Feature", "properties": { "betriebstag": "2026-01-29", "frt_fid": "49103", "edge_idx": 45, "cum_start_m": 17585.094865628053, "cum_end_m": 17912.539339693223 }, "geometry": { "type": "LineString", "coordinates": [ [ 7.526630833333333, 51.922927777777772 ], [ 7.527240833333333, 51.920008333333328 ] ] } },
{ "type": "Feature", "properties": { "betriebstag": "2026-01-29", "frt_fid": "49103", "edge_idx": 46, "cum_start_m": 17912.539339693223, "cum_end_m": 18164.880429445235 }, "geometry": { "type": "LineString", "coordinates": [ [ 7.527240833333333, 51.920008333333328 ], [ 7.528196111111111, 51.91781805555555 ] ] } },
{ "type": "Feature", "properties": { "betriebstag": "2026-01-29", "frt_fid": "49103", "edge_idx": 47, "cum_start_m": 18164.880429445235, "cum_end_m": 18399.365935811704 }, "geometry": { "type": "LineString", "coordinates": [ [ 7.528196111111111, 51.91781805555555 ], [ 7.525296388888889, 51.916709722222222 ] ] } },
{ "type": "Feature", "properties": { "betriebstag": "2026-01-29", "frt_fid": "49103", "edge_idx": 48, "cum_start_m": 18399.365935811704, "cum_end_m": 18672.120609331803 }, "geometry": { "type": "LineString", "coordinates": [ [ 7.525296388888889, 51.916709722222222 ], [ 7.527406944444444, 51.914633888888886 ] ] } },
{ "type": "Feature", "properties": { "betriebstag": "2026-01-29", "frt_fid": "49104", "edge_idx": 0, "cum_start_m": 0.0, "cum_end_m": 14135.263423397677 }, "geometry": { "type": "LineString", "coordinates": [ [ 7.527406944444444, 51.914633888888886 ], [ 7.46265, 52.03525 ] ] } }
]
}
